doc_id,source,case_no,case_src,doctype,category,category_src,post_id,title,gate,bundled
output_법원 노동판례/근로기준/1219473_징계처분이 재량권을 남용한 경우에 해당하는지 판단하는 기준.md,crawl,2010다99279,body_head,prec,근로기준,folder,1219473,징계처분이 재량권을 남용한 경우에 해당하는지 판단하는 기준,editorial,0
output_법원 노동판례/근로기준/1223883_포괄임금제라도 근로시간 산정이 가능하다면 연장근로수당을 지급해야 한ᄃ.md,crawl,2011가단79826,body_head,prec,근로기준,folder,1223883,포괄임금제라도 근로시간 산정이 가능하다면 연장근로수당을 지급해야 한다,editorial,0
output_법원 노동판례/근로기준/1224617_특별상여금은 퇴직금 계산의 기초가 되는 평균임금에 포함하지 않는다는 ᄉ.md,crawl,2001다16722,body_head,prec,근로기준,folder,1224617,특별상여금은 퇴직금 계산의 기초가 되는 평균임금에 포함하지 않는다는 사례,editorial,0
output_법원 노동판례/근로기준/1226200_퇴직금 중간정산 합의가 없었던 일부 기간에 대한 퇴직금청구권 발생시ᄀ.md,crawl,2012다41045,body_head,prec,근로기준,folder,1226200,퇴직금 중간정산 합의가 없었던 일부 기간에 대한 퇴직금청구권 발생시기는 최종 퇴직 시점,editorial,0
output_법원 노동판례/근로기준/1231725_통상임금에서 제외키로 한 노사간 합의는 무효.md,crawl,2011가단394320,body_head,prec,근로기준,folder,1231725,통상임금에서 제외키로 한 노사간 합의는 무효,editorial,0
output_법원 노동판례/근로기준/1234269_퇴직금 분할 약정 효력과 그것이 무효화되기 위한 조건.md,crawl,2012다77006,body_head,prec,근로기준,folder,1234269,퇴직금 분할 약정 효력과 그것이 무효화되기 위한 조건,editorial,0
output_법원 노동판례/근로기준/1240907_통상임금에 포함되는 근로자의 급여는 급여의 성질에 따라 객관적으로 결저.md,crawl,2011가합30463,body_head,prec,근로기준,folder,1240907,통상임금에 포함되는 근로자의 급여는 급여의 성질에 따라 객관적으로 결정된다.,editorial,0
output_법원 노동판례/근로기준/1244836_징계해고시 징계 또는 해고되는 구체적 사실이 없다면 부당해고.md,crawl,2011다42324,body_head,prec,근로기준,folder,1244836,징계해고시 징계 또는 해고되는 구체적 사실이 없다면 부당해고,editorial,0
output_법원 노동판례/근로기준/1254311_미리 정해놓은 비율에 따라 분기별로 지급하는 상여금은 통상임금.md,crawl,2010다91046,body_head,prec,근로기준,folder,1254311,미리 정해놓은 비율에 따라 분기별로 지급하는 상여금은 통상임금,editorial,0
output_법원 노동판례/근로기준/1254317_종속관계에서 자신의 차량을 이용하여 근로를 제공하고 포괄적인 형태의 임ᄀ.md,crawl,2012도5385,body_head,prec,근로기준,folder,1254317,종속관계에서 자신의 차량을 이용하여 근로를 제공하고 포괄적인 형태의 임금을 받아온 경우 근로자에 해당,editorial,0
"output_법원 노동판례/근로기준/1254398_징계해고시 해고사유가 되는 구체적인 사실, 비위내용을 기재하지 않으면 무효.md",crawl,2012가합6991,body_head,prec,근로기준,folder,1254398,"징계해고시 해고사유가 되는 구체적인 사실, 비위내용을 기재하지 않으면 무효",editorial,0
output_법원 노동판례/근로기준/1267152_단체협약에서 산재사망 조합원 유족의 고용의무를 정한 것은 무효.md,crawl,2012가합2732,body_head,prec,근로기준,folder,1267152,단체협약에서 산재사망 조합원 유족의 고용의무를 정한 것은 무효,editorial,0
output_법원 노동판례/근로기준/1286883_계속적 정기적으로 지급된 능률성과급은 임금에 해당한다.md,crawl,2010가합4196,body_head,prec,근로기준,folder,1286883,계속적 정기적으로 지급된 능률성과급은 임금에 해당한다,editorial,0
output_법원 노동판례/근로기준/1301583_판례를 통해 살펴본 통상임금의 일률성.md,crawl,2004다41217,body_head,prec,근로기준,folder,1301583,판례를 통해 살펴본 통상임금의 일률성,editorial,0
output_법원 노동판례/근로기준/1315466_퇴직금지급의무는 영세사업장에 대한 차별이 아닌다(합헌).md,crawl,2012헌바186,body_head,detc,근로기준,folder,1315466,퇴직금지급의무는 영세사업장에 대한 차별이 아닌다(합헌),editorial,0
output_법원 노동판례/근로기준/1329675_휴직기간(파업기간)을 제외한 기간의 하기휴가비는 지급하여야 한다..md,crawl,2011가합54650,body_head,prec,근로기준,folder,1329675,휴직기간(파업기간)을 제외한 기간의 하기휴가비는 지급하여야 한다.,editorial,0
output_법원 노동판례/근로기준/1329678_문자메시지로 해고통보 한 것은 '해고의 서면통지'를 위반한 것.md,crawl,2012구합36941,body_head,prec,근로기준,folder,1329678,문자메시지로 해고통보 한 것은 '해고의 서면통지'를 위반한 것,editorial,0
output_법원 노동판례/근로기준/1357241_통상임금에 관한 대법원 전원합의체 판결문 및 판결 내용 해설.md,crawl,2012다89399,body_head,prec,근로기준,folder,1357241,통상임금에 관한 대법원 전원합의체 판결문 및 판결 내용 해설,editorial,0
output_법원 노동판례/근로기준/1397860_지급기간 만료전에 퇴직했더라도 근무한 기간에 해당하는 정기상여금은 청ᄀ.md,crawl,81다카174,body_head,prec,근로기준,folder,1397860,지급기간 만료전에 퇴직했더라도 근무한 기간에 해당하는 정기상여금은 청구할 수 있다,editorial,0
output_법원 노동판례/근로기준/1397869_단체협약에서 지급의무가 정해진 영업성과급은 임금에 해당한다.md,crawl,2000가합70373,body_head,prec,근로기준,folder,1397869,단체협약에서 지급의무가 정해진 영업성과급은 임금에 해당한다,editorial,0
output_법원 노동판례/근로기준/1397870_휴일근로시간은 모두 휴일근무시간임과 동시에 초과근무시간에 해당한다.md,crawl,2012나61504,body_head,prec,근로기준,folder,1397870,휴일근로시간은 모두 휴일근무시간임과 동시에 초과근무시간에 해당한다,editorial,0
output_법원 노동판례/근로기준/1405425_연차휴가 계산시 육아휴직기간의 처리 및 휴가일수.md,crawl,2011다4629,body_head,prec,근로기준,folder,1405425,연차휴가 계산시 육아휴직기간의 처리 및 휴가일수,editorial,0
output_법원 노동판례/근로기준/1414464_고용안정협약에 반하는 정리해고의 효력.md,crawl,2011두20406,body_head,prec,근로기준,folder,1414464,고용안정협약에 반하는 정리해고의 효력,editorial,0
output_법원 노동판례/근로기준/1417210_방과후학교 강사는 근로자이다.md,crawl,2013노865,body_head,prec,근로기준,folder,1417210,방과후학교 강사는 근로자이다,editorial,0
output_법원 노동판례/근로기준/1446908_부당해고기간 중에 지급받을 수 있는 임금에는 연차휴가수당도 포함된다..md,crawl,2011다95519,body_head,prec,근로기준,folder,1446908,부당해고기간 중에 지급받을 수 있는 임금에는 연차휴가수당도 포함된다.,editorial,0
output_법원 노동판례/근로기준/1471948_정기상여금이 통상임금에 해당하는지와 노사 신의성실의 원칙 위반 여부.md,crawl,2012다116871,body_head,prec,근로기준,folder,1471948,정기상여금이 통상임금에 해당하는지와 노사 신의성실의 원칙 위반 여부,editorial,0
output_법원 노동판례/근로기준/1744317_위탁판매원(야쿠르트 아주머니)는 근로자가 아니다..md,crawl,2015다253986,body_head,prec,근로기준,folder,1744317,위탁판매원(야쿠르트 아주머니)는 근로자가 아니다.,editorial,0
output_법원 노동판례/근로기준/1744323_아무때나 포괄임금제를 적용할 수 없다는 대법원 판례.md,crawl,2014도8873,body_head,prec,근로기준,folder,1744323,아무때나 포괄임금제를 적용할 수 없다는 대법원 판례,editorial,0
output_법원 노동판례/근로기준/1763849_회사의 포괄임금계약 주장을 인정하지 않는 사례.md,crawl,2015노1996,body_head,prec,근로기준,folder,1763849,회사의 포괄임금계약 주장을 인정하지 않는 사례,editorial,0
"output_법원 노동판례/근로기준/1777298_정년 기준은 실제 생년월일이며, 입사서류를 기준으로 하지 않는다.md",crawl,2016다249236,body_head,prec,근로기준,folder,1777298,"정년 기준은 실제 생년월일이며, 입사서류를 기준으로 하지 않는다",editorial,0
output_법원 노동판례/근로기준/1777301_소급적용하는 단체협약을 체결했더라도 퇴직한 근로자에게는 효력이 없다.md,crawl,2016다32193,body_head,prec,근로기준,folder,1777301,소급적용하는 단체협약을 체결했더라도 퇴직한 근로자에게는 효력이 없다,editorial,0
output_법원 노동판례/근로기준/1785574_정규직과 계약직의 근로조건 체계가 다른 경우 취업규칙 불이익변경에 대한 ᄃ.md,crawl,2016가합511776,body_head,prec,근로기준,folder,1785574,정규직과 계약직의 근로조건 체계가 다른 경우 취업규칙 불이익변경에 대한 동의방법,editorial,0
output_법원 노동판례/근로기준/1785575_업무의 성격과 기간제 근로계약의 제한.md,crawl,2016다255910,body_head,prec,근로기준,folder,1785575,업무의 성격과 기간제 근로계약의 제한,editorial,0
output_법원 노동판례/근로기준/1804863_[통상임금- 기아차] 근로자측이 상여금과 중식대를 통상임금에 가산하여 추가.md,crawl,2011가합105381,body_head,prec,근로기준,folder,1804863,[통상임금- 기아차] 근로자측이 상여금과 중식대를 통상임금에 가산하여 추가적인 법정수당의 지급을 구하더라도 회사측에 중대한 경영상 어려움을 초래한다고는 단정할 수 없다고 판시한 사례,editorial,0
output_법원 노동판례/근로기준/1896338_보험사가 위촉한 대출상담 텔레마케터도 근로자에 해당한다..md,crawl,2014가단5355819,body_head,prec,근로기준,folder,1896338,보험사가 위촉한 대출상담 텔레마케터도 근로자에 해당한다.,editorial,0
output_법원 노동판례/근로기준/1949775_월급근로자로서 6개월 미만자 해고예고 적용예외는 위헌(2014헌바3).md,crawl,2014헌바3,filename,detc,근로기준,folder,1949775,월급근로자로서 6개월 미만자 해고예고 적용예외는 위헌(2014헌바3),editorial,0
output_법원 노동판례/근로기준/1967856_일정한 지급주기에 따라 일정액이 확정적으로 지급된 상여금은 통상임금.md,crawl,2017나28858,body_head,prec,근로기준,folder,1967856,일정한 지급주기에 따라 일정액이 확정적으로 지급된 상여금은 통상임금에 해당한다,editorial,0
output_법원 노동판례/근로기준/1967869_기숙학원에서 한 특강시간은 소정근로시간에 포함된다.md,crawl,2018다260602,body_head,prec,근로기준,folder,1967869,기숙학원에서 한 특강시간은 소정근로시간에 포함된다,editorial,0
output_법원 노동판례/근로기준/2014다41520_휴일근로 판단에 관한 법리 및 휴일근로 여부 판단 사례.md,crawl,2014다41520,meta,prec,근로기준,folder,,휴일근로 판단에 관한 법리 및 휴일근로 여부 판단 사례,verbatim,1
output_법원 노동판례/근로기준/2015다20780_통상임금 해당 부정 사례.md,crawl,2015다20780,meta,prec,근로기준,folder,,통상임금 해당 부정 사례,verbatim,1
output_법원 노동판례/근로기준/2015다233579_포괄임금제 성립 부정 사례.md,crawl,2015다233579,meta,prec,근로기준,folder,,포괄임금제 성립 부정 사례,verbatim,1
output_법원 노동판례/근로기준/2015다254231_대학교수 재임용 거부 정당성 부정 사례.md,crawl,2015다254231,meta,prec,근로기준,folder,,대학교수 재임용 거부 정당성 부정 사례,verbatim,1
output_법원 노동판례/근로기준/2015다44069_통상임금 해당 부정 사례.md,crawl,2015다44069,meta,prec,근로기준,folder,,통상임금 해당 부정 사례,verbatim,1
output_법원 노동판례/근로기준/2015다61415_아시아나항공 통상임금 관련 소송에서 신의칙 적용 인정 사례.md,crawl,2015다61415,meta,prec,근로기준,folder,,아시아나항공 통상임금 관련 소송에서 신의칙 적용 인정 사례,verbatim,1
output_법원 노동판례/근로기준/2015다71917_한국지엠 통상임금 관련 소송에서 신의칙 적용 인정 사례.md,crawl,2015다71917,meta,prec,근로기준,folder,,한국지엠 통상임금 관련 소송에서 신의칙 적용 인정 사례,verbatim,1
output_법원 노동판례/근로기준/2015다75285_시간급 통상임금 산정 방식.md,crawl,2015다75285,meta,prec,근로기준,folder,,시간급 통상임금 산정 방식,verbatim,1
output_법원 노동판례/근로기준/2015다8803_포괄임금제 유효성 인정 사례.md,crawl,2015다8803,meta,prec,근로기준,folder,,포괄임금제 유효성 인정 사례,verbatim,1
output_법원 노동판례/근로기준/2015도6326_공인노무사의 변호사법 위반 인정 사례.md,crawl,2015도6326,meta,prec,근로기준,folder,,공인노무사의 변호사법 위반 인정 사례,verbatim,1
output_법원 노동판례/근로기준/2015도6329_공인노무사의 변호사법 위반 인정 사례.md,crawl,2015도6329,meta,prec,근로기준,folder,,공인노무사의 변호사법 위반 인정 사례,verbatim,1
output_법원 노동판례/근로기준/2015두48976_육아휴직급여청구권의 소멸시효 기산점.md,crawl,2015두48976,meta,prec,근로기준,folder,,육아휴직급여청구권의 소멸시효 기산점,verbatim,1
output_법원 노동판례/근로기준/2015두49481_육아휴직급여 청구권의 소멸시효 기산점.md,crawl,2015두49481,meta,prec,근로기준,folder,,육아휴직급여 청구권의 소멸시효 기산점,verbatim,1
output_법원 노동판례/근로기준/2016다10544_통상임금 관련 추가청구의 신의칙 위반 부정 사례.md,crawl,2016다10544,meta,prec,근로기준,folder,,통상임금 관련 추가청구의 신의칙 위반 부정 사례,verbatim,1
output_법원 노동판례/근로기준/2016다16054_추가지급 여력 판단은 사업부 아닌 법인 전체 재정상황 기준.md,crawl,2016다16054,meta,prec,근로기준,folder,,추가지급 여력 판단은 사업부 아닌 법인 전체 재정상황 기준,verbatim,1
output_법원 노동판례/근로기준/2016다235480_퇴직금 중간정산의 합의 유효 인정 사례.md,crawl,2016다235480,meta,prec,근로기준,folder,,퇴직금 중간정산의 합의 유효 인정 사례,verbatim,1
output_법원 노동판례/근로기준/2016다236407_휴일근로수당과 연장근로수당의 중복 지급 부정 사례.md,crawl,2016다236407,meta,prec,근로기준,folder,,휴일근로수당과 연장근로수당의 중복 지급 부정 사례,verbatim,1
output_법원 노동판례/근로기준/2016다241515_주식회사 이사의 보수 결정에 관한 법리.md,crawl,2016다241515,meta,prec,근로기준,folder,,주식회사 이사의 보수 결정에 관한 법리,verbatim,1
output_법원 노동판례/근로기준/2016다255941_무기계약직공무직의 사회적 신분 부정 차별처우 부정 사례.md,crawl,2016다255941,meta,prec,근로기준,folder,,무기계약직공무직의 사회적 신분 부정 차별처우 부정 사례,verbatim,1
output_법원 노동판례/근로기준/2016다3386_휴일과 비번일에 관한 법리.md,crawl,2016다3386,meta,prec,근로기준,folder,,휴일과 비번일에 관한 법리,verbatim,1
output_법원 노동판례/근로기준/2016다40439_포스코 협력회사 직원들의 직접고용 의무 인정 사례.md,crawl,2016다40439,meta,prec,근로기준,folder,,포스코 협력회사 직원들의 직접고용 의무 인정 사례,verbatim,1
output_법원 노동판례/근로기준/2016다7647_CCTV수당의 통상임금 인정 사례.md,crawl,2016다7647,meta,prec,근로기준,folder,,CCTV수당의 통상임금 인정 사례,verbatim,1
output_법원 노동판례/근로기준/2016도14559_실질적인 고용관계가 없는 경우의 재해방지의무 적용 사례.md,crawl,2016도14559,meta,prec,근로기준,folder,,실질적인 고용관계가 없는 경우의 재해방지의무 적용 사례,verbatim,1
output_법원 노동판례/근로기준/2016두56042_집단 괴롭힘 및 따돌림 사유 징계 정당성 인정 사례.md,crawl,2016두56042,meta,prec,근로기준,folder,,집단 괴롭힘 및 따돌림 사유 징계 정당성 인정 사례,verbatim,1
output_법원 노동판례/근로기준/2017다17955_용역업체 근로자의 근로자파견관계 부정 사례.md,crawl,2017다17955,meta,prec,근로기준,folder,,용역업체 근로자의 근로자파견관계 부정 사례,verbatim,1
output_법원 노동판례/근로기준/2017다202272_위약금 예정 금지에 관한 법리.md,crawl,2017다202272,meta,prec,근로기준,folder,,위약금 예정 금지에 관한 법리,verbatim,1
output_법원 노동판례/근로기준/2017다206670_공공기관 내부평가급의 통상임금성 부정 사례.md,crawl,2017다206670,meta,prec,근로기준,folder,,공공기관 내부평가급의 통상임금성 부정 사례,verbatim,1
output_법원 노동판례/근로기준/2017다226605_해고서면통지 위반 해고 무효 사례.md,crawl,2017다226605,meta,prec,근로기준,folder,,해고서면통지 위반 해고 무효 사례,verbatim,1
output_법원 노동판례/근로기준/2017다236718_지급일 현재 재직 조건부 정기상여금은 통상임금 해당.md,crawl,2017다236718,meta,prec,근로기준,folder,,지급일 현재 재직 조건부 정기상여금은 통상임금 해당,verbatim,1
output_법원 노동판례/근로기준/2017다238004_포괄임금제 해당 여부 판단 사례.md,crawl,2017다238004,meta,prec,근로기준,folder,,포괄임금제 해당 여부 판단 사례,verbatim,1
output_법원 노동판례/근로기준/2017다239984_연장근로시간의 산정에 관한 월 단위 상계약정의 효력.md,crawl,2017다239984,meta,prec,근로기준,folder,,연장근로시간의 산정에 관한 월 단위 상계약정의 효력,verbatim,1
output_법원 노동판례/근로기준/2017다259513_법정수당 추가청구의 신의칙 위반 부정 사례.md,crawl,2017다259513,meta,prec,근로기준,folder,,법정수당 추가청구의 신의칙 위반 부정 사례,verbatim,1
output_법원 노동판례/근로기준/2017다273663_통상임금의 개념적 징표로서 일률성 및 고정성의 의미.md,crawl,2017다273663,meta,prec,근로기준,folder,,통상임금의 개념적 징표로서 일률성 및 고정성의 의미,verbatim,1
output_법원 노동판례/근로기준/2017다290613_실질적인 퇴직금 분할 약정의 존재 부정 사례.md,crawl,2017다290613,meta,prec,근로기준,folder,,실질적인 퇴직금 분할 약정의 존재 부정 사례,verbatim,1
output_법원 노동판례/근로기준/2017다292718_승진이 무효인 경우 지급된 임금의 부당이득 헤당 여부.md,crawl,2017다292718,meta,prec,근로기준,folder,,승진이 무효인 경우 지급된 임금의 부당이득 헤당 여부,verbatim,1
output_법원 노동판례/근로기준/2017다292725_승진이 무효인 경우 지급된 임금의 부당이득 헤당 여부.md,crawl,2017다292725,meta,prec,근로기준,folder,,승진이 무효인 경우 지급된 임금의 부당이득 헤당 여부,verbatim,1
output_법원 노동판례/근로기준/2017다46496_통상임금 해당 업적연봉 포함 추가청구의 신의칙 위반 부정 사례.md,crawl,2017다46496,meta,prec,근로기준,folder,,통상임금 해당 업적연봉 포함 추가청구의 신의칙 위반 부정 사례,verbatim,1
output_법원 노동판례/근로기준/2017다52712_업적연봉의 통상임금 산입 인정과 신의칙 부정 사례.md,crawl,2017다52712,meta,prec,근로기준,folder,,업적연봉의 통상임금 산입 인정과 신의칙 부정 사례,verbatim,1
output_법원 노동판례/근로기준/2017다55933_택시운전자 최저임금의 비교대상 임금 판단 사례.md,crawl,2017다55933,meta,prec,근로기준,folder,,택시운전자 최저임금의 비교대상 임금 판단 사례,verbatim,1
output_법원 노동판례/근로기준/2017다7170_쌍용자동차 통상임금 관련 소송에서 신의칙 적용 인정 사례.md,crawl,2017다7170,meta,prec,근로기준,folder,,쌍용자동차 통상임금 관련 소송에서 신의칙 적용 인정 사례,verbatim,1
output_법원 노동판례/근로기준/2017다9732_사내협력업체 근로자의 근로자파견 관계 인정 사례.md,crawl,2017다9732,meta,prec,근로기준,folder,,사내협력업체 근로자의 근로자파견 관계 인정 사례,verbatim,1
output_법원 노동판례/근로기준/2017도16384_퇴사 시 자료 인수인계 없이 삭제한 경우 업무방해죄 인정.md,crawl,2017도16384,meta,prec,근로기준,folder,,퇴사 시 자료 인수인계 없이 삭제한 경우 업무방해죄 인정,verbatim,1
output_법원 노동판례/근로기준/2017도16388_도급사업에서 안전조치의무 위반 및 업무상과실치사 인정 사례.md,crawl,2017도16388,meta,prec,근로기준,folder,,도급사업에서 안전조치의무 위반 및 업무상과실치사 인정 사례,verbatim,1
output_법원 노동판례/근로기준/2017도19516_성희롱 가해자에 대한 명예훼손 무죄 사례.md,crawl,2017도19516,meta,prec,근로기준,folder,,성희롱 가해자에 대한 명예훼손 무죄 사례,verbatim,1
output_법원 노동판례/근로기준/2017도20455_회사 도로 바닥에 경영진을 비난하는 욕설을 쓰면 모욕죄.md,crawl,2017도20455,meta,prec,근로기준,folder,,회사 도로 바닥에 경영진을 비난하는 욕설을 쓰면 모욕죄,verbatim,1
output_법원 노동판례/근로기준/2017두70793_재심위원회 구성 절차 위반 해고 부당 인정 사례.md,crawl,2017두70793,meta,prec,근로기준,folder,,재심위원회 구성 절차 위반 해고 부당 인정 사례,verbatim,1
output_법원 노동판례/근로기준/2017두76005_육아휴직후 전보조치 위법 인정 사례.md,crawl,2017두76005,meta,prec,근로기준,folder,,육아휴직후 전보조치 위법 인정 사례,verbatim,1
output_법원 노동판례/근로기준/2018다206899_청원경찰의 감시적 근로자 부정 사례.md,crawl,2018다206899,meta,prec,근로기준,folder,,청원경찰의 감시적 근로자 부정 사례,verbatim,1
output_법원 노동판례/근로기준/2018다224668_최저임금 산입 범위 인정 사례 - 상여금 만근수당.md,crawl,2018다224668,meta,prec,근로기준,folder,,최저임금 산입 범위 인정 사례 - 상여금 만근수당,verbatim,1
output_법원 노동판례/근로기준/2018다229120_채권추심원의 근로자 지위 인정 사례.md,crawl,2018다229120,meta,prec,근로기준,folder,,채권추심원의 근로자 지위 인정 사례,verbatim,1
output_법원 노동판례/근로기준/2018다237237_부당해고소송의 화해권고결정금액은 비과세소득.md,crawl,2018다237237,meta,prec,근로기준,folder,,부당해고소송의 화해권고결정금액은 비과세소득,verbatim,1
output_법원 노동판례/근로기준/2018다241083_근기법 제63조제1호의 그 밖의 농림 사업 해당 부정 사례.md,crawl,2018다241083,meta,prec,근로기준,folder,,근기법 제63조제1호의 그 밖의 농림 사업 해당 부정 사례,verbatim,1
output_법원 노동판례/근로기준/2018다244877_포괄임금약정 인정 퇴직금 분할 약정 부정 사례.md,crawl,2018다244877,meta,prec,근로기준,folder,,포괄임금약정 인정 퇴직금 분할 약정 부정 사례,verbatim,1
output_법원 노동판례/근로기준/2018다249308_한전 KPS 통상임금 사건.md,crawl,2018다249308,meta,prec,근로기준,folder,,한전 KPS 통상임금 사건,verbatim,1
output_법원 노동판례/근로기준/2018다251486_대기발령후 3개월 무보직 이유 해고 무효 확인 사례.md,crawl,2018다251486,meta,prec,근로기준,folder,,대기발령후 3개월 무보직 이유 해고 무효 확인 사례,verbatim,1
output_법원 노동판례/근로기준/2018다253680_성적부진자 해고 정당성 인정 사례.md,crawl,2018다253680,meta,prec,근로기준,folder,,성적부진자 해고 정당성 인정 사례,verbatim,1
output_법원 노동판례/근로기준/2018다262653_사립대학교 임금체계에 관한 법리.md,crawl,2018다262653,meta,prec,근로기준,folder,,사립대학교 임금체계에 관한 법리,verbatim,1
output_법원 노동판례/근로기준/2018다263519_사무장 병원에서의 임금 및 퇴직금 지급의무 주체 판단 사례.md,crawl,2018다263519,meta,prec,근로기준,folder,,사무장 병원에서의 임금 및 퇴직금 지급의무 주체 판단 사례,verbatim,1
output_법원 노동판례/근로기준/2018다268811_재해를 당한 선원의 승선평균임금 산정 방법.md,crawl,2018다268811,meta,prec,근로기준,folder,,재해를 당한 선원의 승선평균임금 산정 방법,verbatim,1
output_법원 노동판례/근로기준/2018다270876_사용자의 보호의무 위반 손해배상의 소멸시효는 10년.md,crawl,2018다270876,meta,prec,근로기준,folder,,사용자의 보호의무 위반 손해배상의 소멸시효는 10년,verbatim,1
output_법원 노동판례/근로기준/2018다272698_대학교원 강의 배제에 대한 위자료 지급 인정 사례.md,crawl,2018다272698,meta,prec,근로기준,folder,,대학교원 강의 배제에 대한 위자료 지급 인정 사례,verbatim,1
output_법원 노동판례/근로기준/2018다275925_정년후 재고용 기대권 인정 사례.md,crawl,2018다275925,meta,prec,근로기준,folder,,정년후 재고용 기대권 인정 사례,verbatim,1
output_법원 노동판례/근로기준/2018다277570_근로기준법상 근로자 판단 기준.md,crawl,2018다277570,meta,prec,근로기준,folder,,근로기준법상 근로자 판단 기준,verbatim,1
output_법원 노동판례/근로기준/2018다283926_통상임금 제외 합의 무효 인정 사례.md,crawl,2018다283926,meta,prec,근로기준,folder,,통상임금 제외 합의 무효 인정 사례,verbatim,1
output_법원 노동판례/근로기준/2018다285106_근로자들 싸움에 대한 사용자의 손해배상책임 인정 사례.md,crawl,2018다285106,meta,prec,근로기준,folder,,근로자들 싸움에 대한 사용자의 손해배상책임 인정 사례,verbatim,1
output_법원 노동판례/근로기준/2018다286390_부당해고소송의 화해권고결정금액은 비과세소득.md,crawl,2018다286390,meta,prec,근로기준,folder,,부당해고소송의 화해권고결정금액은 비과세소득,verbatim,1
output_법원 노동판례/근로기준/2018다288662_근로자의 작업중지권에 관한 법리.md,crawl,2018다288662,meta,prec,근로기준,folder,,근로자의 작업중지권에 관한 법리,verbatim,1
output_법원 노동판례/근로기준/2018다290436_이사의 보수에 관한 법리.md,crawl,2018다290436,meta,prec,근로기준,folder,,이사의 보수에 관한 법리,verbatim,1
output_법원 노동판례/근로기준/2018다292418_다른 직장에서 겸직을 한 채권추심원의 근로자 지위 인정 사례.md,crawl,2018다292418,meta,prec,근로기준,folder,,다른 직장에서 겸직을 한 채권추심원의 근로자 지위 인정 사례,verbatim,1
output_법원 노동판례/근로기준/2018다301527_특별퇴직자 재채용 규정의 효력에 관한 법리.md,crawl,2018다301527,meta,prec,근로기준,folder,,특별퇴직자 재채용 규정의 효력에 관한 법리,verbatim,1
output_법원 노동판례/근로기준/2018다303417_상여금의 지급일 현재 재직자 조건에 관한 법리.md,crawl,2018다303417,meta,prec,근로기준,folder,,상여금의 지급일 현재 재직자 조건에 관한 법리,verbatim,1
output_법원 노동판례/근로기준/2018도10353_산업안전보건법 제24조제1항 위반 및 업무상과실치사 인정 사례.md,crawl,2018도10353,meta,prec,근로기준,folder,,산업안전보건법 제24조제1항 위반 및 업무상과실치사 인정 사례,verbatim,1
output_법원 노동판례/근로기준/2018도1917_CCTV 설치 정당성 부정 사례.md,crawl,2018도1917,meta,prec,근로기준,folder,,CCTV 설치 정당성 부정 사례,verbatim,1
output_법원 노동판례/근로기준/2018도2720_상위 수급인에 대한 처벌 불원 의사표시의 효력 범위.md,crawl,2018도2720,meta,prec,근로기준,folder,,상위 수급인에 대한 처벌 불원 의사표시의 효력 범위,verbatim,1
output_법원 노동판례/근로기준/2018도3690_취업 자격 없는 외국인을 파견받은 사용사업주의 책임.md,crawl,2018도3690,meta,prec,근로기준,folder,,취업 자격 없는 외국인을 파견받은 사용사업주의 책임,verbatim,1
output_법원 노동판례/근로기준/2018도965_포괄산정임금제의 최저임금법 위반 여부 판단에 관한 법리.md,crawl,2018도965,meta,prec,근로기준,folder,,포괄산정임금제의 최저임금법 위반 여부 판단에 관한 법리,verbatim,1
output_법원 노동판례/근로기준/2018두38000_주민자치센터 자원봉사자의 근로자 지위 인정 사례.md,crawl,2018두38000,meta,prec,근로기준,folder,,주민자치센터 자원봉사자의 근로자 지위 인정 사례,verbatim,1
output_법원 노동판례/근로기준/2018두47264_전원합의체판결 다수의견 - 육아휴직급여 신청기간은 강행규정.md,crawl,2018두47264,meta,prec,근로기준,folder,,전원합의체판결 다수의견 - 육아휴직급여 신청기간은 강행규정,editorial,0
output_법원 노동판례/근로기준/2018두55272_대구경북과학기술원의 직급정년은 무효.md,crawl,2018두55272,meta,prec,근로기준,folder,,대구경북과학기술원의 직급정년은 무효,editorial,0
output_법원 노동판례/근로기준/2018두55715_형사상 무죄 불구 해임처분 정당성 인정 사례.md,crawl,2018두55715,meta,prec,근로기준,folder,,형사상 무죄 불구 해임처분 정당성 인정 사례,verbatim,1
output_법원 노동판례/근로기준/2018두63143_고용촉진지원금 지급 대상 부정 사례.md,crawl,2018두63143,meta,prec,근로기준,folder,,고용촉진지원금 지급 대상 부정 사례,verbatim,1
output_법원 노동판례/근로기준/2018두63235_고용보험 가입 대상 공무원의 가입 시기에 관한 법리.md,crawl,2018두63235,meta,prec,근로기준,folder,,고용보험 가입 대상 공무원의 가입 시기에 관한 법리,verbatim,1
output_법원 노동판례/근로기준/2019다200737_임금최우선변제권은 별제권 행사에 따른 경매절차에서도 인정.md,crawl,2019다200737,meta,prec,근로기준,folder,,임금최우선변제권은 별제권 행사에 따른 경매절차에서도 인정,verbatim,1
output_법원 노동판례/근로기준/2019다204876_재직조건부 상여금의 통상임금 인정 사례.md,crawl,2019다204876,meta,prec,근로기준,folder,,재직조건부 상여금의 통상임금 인정 사례,verbatim,1
output_법원 노동판례/근로기준/2019다210697_사용자에 대한 근로자의 손해배상책임 제한 사례.md,crawl,2019다210697,meta,prec,근로기준,folder,,사용자에 대한 근로자의 손해배상책임 제한 사례,verbatim,1
output_법원 노동판례/근로기준/2019다219472_공사현장 일용직 노동자의 노동가동연한은 만 65세.md,crawl,2019다219472,meta,prec,근로기준,folder,,공사현장 일용직 노동자의 노동가동연한은 만 65세,verbatim,1
output_법원 노동판례/근로기준/2019다221352_정수기 설치AS 담당 엔지니어의 근로자 지위 인정 사례.md,crawl,2019다221352,meta,prec,근로기준,folder,,정수기 설치AS 담당 엔지니어의 근로자 지위 인정 사례,verbatim,1
output_법원 노동판례/근로기준/2019다238053_재직자 요건 정기상여금의 통상임금 인정 사례.md,crawl,2019다238053,meta,prec,근로기준,folder,,재직자 요건 정기상여금의 통상임금 인정 사례,verbatim,1
output_법원 노동판례/근로기준/2019다246696_희망퇴직시 작성한 확약서의 효력 인정 사례.md,crawl,2019다246696,meta,prec,근로기준,folder,,희망퇴직시 작성한 확약서의 효력 인정 사례,verbatim,1
output_법원 노동판례/근로기준/2019다258545_성희롱 및 사용자 손해배상책임 인정 사례.md,crawl,2019다258545,meta,prec,근로기준,folder,,성희롱 및 사용자 손해배상책임 인정 사례,verbatim,1
output_법원 노동판례/근로기준/2019다260852_공무직과 공무원의 임금차별 부정 사례.md,crawl,2019다260852,meta,prec,근로기준,folder,,공무직과 공무원의 임금차별 부정 사례,verbatim,1
output_법원 노동판례/근로기준/2019다262193_교육공무직 호봉제 임금과 공무원 임금의 차별 부정 사례.md,crawl,2019다262193,meta,prec,근로기준,folder,,교육공무직 호봉제 임금과 공무원 임금의 차별 부정 사례,verbatim,1
output_법원 노동판례/근로기준/2019다266485_버스 운행 대기시간의 휴게시간 인정 사례.md,crawl,2019다266485,meta,prec,근로기준,folder,,버스 운행 대기시간의 휴게시간 인정 사례,verbatim,1
output_법원 노동판례/근로기준/2019다267013_하청업체 근로자와 원청과의 묵시적 근로계약관계 인정 사례.md,crawl,2019다267013,meta,prec,근로기준,folder,,하청업체 근로자와 원청과의 묵시적 근로계약관계 인정 사례,verbatim,1
output_법원 노동판례/근로기준/2019다273803_근로시간 인정 포괄임금제 부정 통상임금 인정.md,crawl,2019다273803,meta,prec,근로기준,folder,,근로시간 인정 포괄임금제 부정 통상임금 인정,verbatim,1
output_법원 노동판례/근로기준/2019다279283_연차휴가 사용촉진과 미사용 연차휴가 보상에 관한 법리.md,crawl,2019다279283,meta,prec,근로기준,folder,,연차휴가 사용촉진과 미사용 연차휴가 보상에 관한 법리,editorial,0
output_법원 노동판례/근로기준/2019다279344_근로자파견관계 인정 사례.md,crawl,2019다279344,meta,prec,근로기준,folder,,근로자파견관계 인정 사례,verbatim,1
output_법원 노동판례/근로기준/2019다282333_서울지하철 전적 근로자의 정년 판단 사례.md,crawl,2019다282333,meta,prec,근로기준,folder,,서울지하철 전적 근로자의 정년 판단 사례,editorial,0
output_법원 노동판례/근로기준/2019다293098_임금지급약정에 붙은 부관의 효력 판단 사례.md,crawl,2019다293098,meta,prec,근로기준,folder,,임금지급약정에 붙은 부관의 효력 판단 사례,verbatim,1
output_법원 노동판례/근로기준/2019다297083_불이익변경된 취업규칙보다 기존 근로계약 우선 적용 인정 사례.md,crawl,2019다297083,meta,prec,근로기준,folder,,불이익변경된 취업규칙보다 기존 근로계약 우선 적용 인정 사례,editorial,0
output_법원 노동판례/근로기준/2019다297496_부사장으로 호칭됐으나 근로자에 해당한다고 판단한 사례.md,crawl,2019다297496,meta,prec,근로기준,folder,,부사장으로 호칭됐으나 근로자에 해당한다고 판단한 사례,verbatim,1
output_법원 노동판례/근로기준/2019다299065_특별퇴직자 재채용 합의의 효력에 관한 법리.md,crawl,2019다299065,meta,prec,근로기준,folder,,특별퇴직자 재채용 합의의 효력에 관한 법리,verbatim,1
output_법원 노동판례/근로기준/2019다299645_교육공무직 임금체계에 관한 법리.md,crawl,2019다299645,meta,prec,근로기준,folder,,교육공무직 임금체계에 관한 법리,verbatim,1
output_법원 노동판례/근로기준/2019도10297_하역 및 배송 업무 종사자의 근로자 지위 인정 사례.md,crawl,2019도10297,meta,prec,근로기준,folder,,하역 및 배송 업무 종사자의 근로자 지위 인정 사례,verbatim,1
output_법원 노동판례/근로기준/2019도10818_파산 결정후 임금체불에 대한 책임주체 판단 사례.md,crawl,2019도10818,meta,prec,근로기준,folder,,파산 결정후 임금체불에 대한 책임주체 판단 사례,verbatim,1
output_법원 노동판례/근로기준/2019도12765_공직선거 운동원에 대한 최저임금법 적용 부정 사례.md,crawl,2019도12765,meta,prec,근로기준,folder,,공직선거 운동원에 대한 최저임금법 적용 부정 사례,verbatim,1
output_법원 노동판례/근로기준/2019도12986_산업안전보건법 위반 여부 판단 사례.md,crawl,2019도12986,meta,prec,근로기준,folder,,산업안전보건법 위반 여부 판단 사례,verbatim,1
output_법원 노동판례/근로기준/2019도14416_위험방지조치의무 위반 인정 사례.md,crawl,2019도14416,meta,prec,근로기준,folder,,위험방지조치의무 위반 인정 사례,verbatim,1
output_법원 노동판례/근로기준/2019도15421_직장 상사의 강제추행 인정 사례.md,crawl,2019도15421,meta,prec,근로기준,folder,,직장 상사의 강제추행 인정 사례,verbatim,1
output_법원 노동판례/근로기준/2019도15994_회식 자리 강제추행 인정 사례.md,crawl,2019도15994,meta,prec,근로기준,folder,,회식 자리 강제추행 인정 사례,verbatim,1
output_법원 노동판례/근로기준/2019도17879_지방공무원 승진임용 관련 직권남용권리행사방해죄 무죄 사례.md,crawl,2019도17879,meta,prec,근로기준,folder,,지방공무원 승진임용 관련 직권남용권리행사방해죄 무죄 사례,verbatim,1
output_법원 노동판례/근로기준/2019도7446_입학생 선발 관련 교장 발언의 업무방해 해당 부정 사례.md,crawl,2019도7446,meta,prec,근로기준,folder,,입학생 선발 관련 교장 발언의 업무방해 해당 부정 사례,verbatim,1
output_법원 노동판례/근로기준/2019도9872_업무상 위력에 의한 성추행 인정 사례.md,crawl,2019도9872,meta,prec,근로기준,folder,,업무상 위력에 의한 성추행 인정 사례,verbatim,1
output_법원 노동판례/근로기준/2019두38571_육아휴직 후 복직한 근로자 인사처분 정당성 인정 사례.md,crawl,2019두38571,meta,prec,근로기준,folder,,육아휴직 후 복직한 근로자 인사처분 정당성 인정 사례,verbatim,1
output_법원 노동판례/근로기준/2019두39314_운전용역도급계약자의 근로자 지위 인정 사례.md,crawl,2019두39314,meta,prec,근로기준,folder,,운전용역도급계약자의 근로자 지위 인정 사례,verbatim,1
output_법원 노동판례/근로기준/2019두40260_구제명령 위반 지시 불이행에 대한 징계의 정당성에 관한 법리.md,crawl,2019두40260,meta,prec,근로기준,folder,,구제명령 위반 지시 불이행에 대한 징계의 정당성에 관한 법리,verbatim,1
output_법원 노동판례/근로기준/2019두44606_공무원연금 분할청구권에 관한 법리.md,crawl,2019두44606,meta,prec,근로기준,folder,,공무원연금 분할청구권에 관한 법리,verbatim,1
output_법원 노동판례/근로기준/2019두52386_부당해고 쟁송 중 당연퇴직 사유 발생해도 소의 이익 인정.md,crawl,2019두52386,meta,prec,근로기준,folder,,부당해고 쟁송 중 당연퇴직 사유 발생해도 소의 이익 인정,verbatim,1
output_법원 노동판례/근로기준/2019두53396_임금피크제 적용 경과조치로 인한 차별의 합리성 인정.md,crawl,2019두53396,meta,prec,근로기준,folder,,임금피크제 적용 경과조치로 인한 차별의 합리성 인정,verbatim,1
output_법원 노동판례/근로기준/2019두59349_본채용 거부 통보의 합리적 이유 부정 사례.md,crawl,2019두59349,meta,prec,근로기준,folder,,본채용 거부 통보의 합리적 이유 부정 사례,verbatim,1
output_법원 노동판례/근로기준/2019두61137_개별 사업장의 사업종류 변경결정은 행정청의 처분에 해당.md,crawl,2019두61137,meta,prec,근로기준,folder,,개별 사업장의 사업종류 변경결정은 행정청의 처분에 해당,verbatim,1
output_법원 노동판례/근로기준/2020다204353_위탁업체 소속 방과후강사의 근로기준법상 근로자 지위 인정.md,crawl,2020다204353,meta,prec,근로기준,folder,,위탁업체 소속 방과후강사의 근로기준법상 근로자 지위 인정,verbatim,1
output_법원 노동판례/근로기준/2020다205837_근로시간 및 휴게시간 산정 등에 관한 법리.md,crawl,2020다205837,meta,prec,근로기준,folder,,근로시간 및 휴게시간 산정 등에 관한 법리,verbatim,1
output_법원 노동판례/근로기준/2020다207444_퇴직연금제도 설정 사업장에서의 퇴직급여 산정 방식.md,crawl,2020다207444,meta,prec,근로기준,folder,,퇴직연금제도 설정 사업장에서의 퇴직급여 산정 방식,verbatim,1
output_법원 노동판례/근로기준/2020다207833_백화점 위탁판매업자의 근로자 지위 부정 사례.md,crawl,2020다207833,meta,prec,근로기준,folder,,백화점 위탁판매업자의 근로자 지위 부정 사례,editorial,0
output_법원 노동판례/근로기준/2020다208409_채권추심원의 근로기준법상 근로자성 부정 사례.md,crawl,2020다208409,meta,prec,근로기준,folder,,채권추심원의 근로기준법상 근로자성 부정 사례,editorial,0
output_법원 노동판례/근로기준/2020다211184_백화점 위탁판매업자의 근로자 지위 부정 사례.md,crawl,2020다211184,meta,prec,근로기준,folder,,백화점 위탁판매업자의 근로자 지위 부정 사례,verbatim,1
output_법원 노동판례/근로기준/2020다219454_실적평가급의 통상임금 여부 판단 사례.md,crawl,2020다219454,meta,prec,근로기준,folder,,실적평가급의 통상임금 여부 판단 사례,verbatim,1
output_법원 노동판례/근로기준/2020다219928_이사회 의결의 취업규칙 불이익변경 인정 사례.md,crawl,2020다219928,meta,prec,근로기준,folder,,이사회 의결의 취업규칙 불이익변경 인정 사례,verbatim,1
output_법원 노동판례/근로기준/2020다221396_해고처분이 무효인 경우 임금 반환에 관한 법리.md,crawl,2020다221396,meta,prec,근로기준,folder,,해고처분이 무효인 경우 임금 반환에 관한 법리,verbatim,1
output_법원 노동판례/근로기준/2020다232136_취업규칙과 근로계약의 관계에 관한 법리.md,crawl,2020다232136,meta,prec,근로기준,folder,,취업규칙과 근로계약의 관계에 관한 법리,verbatim,1
output_법원 노동판례/근로기준/2020다237117_삼성화재 사고출동서비스 에이전트의 근로자 지위 부정 사례.md,crawl,2020다237117,meta,prec,근로기준,folder,,삼성화재 사고출동서비스 에이전트의 근로자 지위 부정 사례,verbatim,1
output_법원 노동판례/근로기준/2020다242423_추가 법정수당 청구의 신의칙 위반 부정 사례.md,crawl,2020다242423,meta,prec,근로기준,folder,,추가 법정수당 청구의 신의칙 위반 부정 사례,verbatim,1
output_법원 노동판례/근로기준/2020다242935_영업비밀 침해행위로 인한 손해배상 관련 사례.md,crawl,2020다242935,meta,prec,근로기준,folder,,영업비밀 침해행위로 인한 손해배상 관련 사례,verbatim,1
output_법원 노동판례/근로기준/2020다245552_대표이사 해임에 대한 손해배상청구 부정 사례.md,crawl,2020다245552,meta,prec,근로기준,folder,,대표이사 해임에 대한 손해배상청구 부정 사례,verbatim,1
output_법원 노동판례/근로기준/2020다245958_영업양도에 의한 포괄적 근로계약 인수의 효력 인정 사례.md,crawl,2020다245958,meta,prec,근로기준,folder,,영업양도에 의한 포괄적 근로계약 인수의 효력 인정 사례,verbatim,1
output_법원 노동판례/근로기준/2020다253744_중소기업은행 후선배치 전보처분의 정당성 인정 사례.md,crawl,2020다253744,meta,prec,근로기준,folder,,중소기업은행 후선배치 전보처분의 정당성 인정 사례,verbatim,1
output_법원 노동판례/근로기준/2020다254372_생명보험 지점장의 근로자 지위 부정 사례.md,crawl,2020다254372,meta,prec,근로기준,folder,,생명보험 지점장의 근로자 지위 부정 사례,verbatim,1
output_법원 노동판례/근로기준/2020다255917_사립학교법상 명예퇴직수당에 관한 법리.md,crawl,2020다255917,meta,prec,근로기준,folder,,사립학교법상 명예퇴직수당에 관한 법리,verbatim,1
output_법원 노동판례/근로기준/2020다255986_택시운전자의 초과운송수입금과 퇴직금 산정.md,crawl,2020다255986,meta,prec,근로기준,folder,,택시운전자의 초과운송수입금과 퇴직금 산정,verbatim,1
output_법원 노동판례/근로기준/2020다256385_채권추심원의 근로자성 부정 판단에 관한 법리.md,crawl,2020다256385,meta,prec,근로기준,folder,,채권추심원의 근로자성 부정 판단에 관한 법리,verbatim,1
output_법원 노동판례/근로기준/2020다262229_선원 퇴직금에 관한 법리.md,crawl,2020다262229,meta,prec,근로기준,folder,,선원 퇴직금에 관한 법리,verbatim,1
output_법원 노동판례/근로기준/2020다264010_임기 만료 전 이사 해임시 손해배상 인정 사례.md,crawl,2020다264010,meta,prec,근로기준,folder,,임기 만료 전 이사 해임시 손해배상 인정 사례,verbatim,1
output_법원 노동판례/근로기준/2020다270503_직장 내 괴롭힘 또는 성희롱 인정 사례.md,crawl,2020다270503,meta,prec,근로기준,folder,,직장 내 괴롭힘 또는 성희롱 인정 사례,verbatim,1
output_법원 노동판례/근로기준/2020다279951_취업규칙보다 유리한 근로계약 효력 인정 사례.md,crawl,2020다279951,meta,prec,근로기준,folder,,취업규칙보다 유리한 근로계약 효력 인정 사례,verbatim,1
output_법원 노동판례/근로기준/2020다281367_성희롱 사유 대학생 징계처분의 정당성 인정 사례.md,crawl,2020다281367,meta,prec,근로기준,folder,,성희롱 사유 대학생 징계처분의 정당성 인정 사례,verbatim,1
output_법원 노동판례/근로기준/2020다282674_2020다282674 기간제 대학교원의 승진임용과 정년보장.md,crawl,2020다282674,meta,prec,근로기준,folder,,2020다282674 기간제 대학교원의 승진임용과 정년보장임용 심사에 관한 버,verbatim,1
output_법원 노동판례/근로기준/2020다296321_근로기준법 제44조의2의 직상수급인의 임금지급책임.md,crawl,2020다296321,meta,prec,근로기준,folder,,근로기준법 제44조의2의 직상수급인의 임금지급책임,verbatim,1
output_법원 노동판례/근로기준/2020다299955_임금 및 퇴직금 우선변제청구권 행사 방식에 관한 법리.md,crawl,2020다299955,meta,prec,근로기준,folder,,임금 및 퇴직금 우선변제청구권 행사 방식에 관한 법리,verbatim,1
output_법원 노동판례/근로기준/2020다301155_구속 기소 사유 휴직처분의 정당성 판단 사례.md,crawl,2020다301155,meta,prec,근로기준,folder,,구속 기소 사유 휴직처분의 정당성 판단 사례,verbatim,1
output_법원 노동판례/근로기준/2020도12560_도급 사업주의 산업안전보건법 위반 인정 사례한국전력.md,crawl,2020도12560,meta,prec,근로기준,folder,,도급 사업주의 산업안전보건법 위반 인정 사례한국전력,verbatim,1
output_법원 노동판례/근로기준/2020도15325_노무도급에 있어서 안전보건총괄책임자 판단 사례.md,crawl,2020도15325,meta,prec,근로기준,folder,,노무도급에 있어서 안전보건총괄책임자 판단 사례,verbatim,1
output_법원 노동판례/근로기준/2020도15738_회식 자리에서의 직장 갑질 인정 사례.md,crawl,2020도15738,meta,prec,근로기준,folder,,회식 자리에서의 직장 갑질 인정 사례,verbatim,1
output_법원 노동판례/근로기준/2020도16228_상시 5명 이상 사업장 판단시 근로자 연인원에 관한 법리.md,crawl,2020도16228,meta,prec,근로기준,folder,,상시 5명 이상 사업장 판단시 근로자 연인원에 관한 법리,verbatim,1
output_법원 노동판례/근로기준/2020도16431_근로계약에 의한 탄력적 근로시간 부정 사례.md,crawl,2020도16431,meta,prec,근로기준,folder,,근로계약에 의한 탄력적 근로시간 부정 사례,verbatim,1
output_법원 노동판례/근로기준/2020도17654_근로자 지위 인정 사례 - 웨딩플래너.md,crawl,2020도17654,meta,prec,근로기준,folder,,근로자 지위 인정 사례 - 웨딩플래너,verbatim,1
output_법원 노동판례/근로기준/2020도18346_동업약정 체결 미용사의 근로자 지위 부정 사례.md,crawl,2020도18346,meta,prec,근로기준,folder,,동업약정 체결 미용사의 근로자 지위 부정 사례,verbatim,1
output_법원 노동판례/근로기준/2020도3996_대형 조선소 작업 현장 안전조치의무 위반 인정 사례.md,crawl,2020도3996,meta,prec,근로기준,folder,,대형 조선소 작업 현장 안전조치의무 위반 인정 사례,verbatim,1
output_법원 노동판례/근로기준/2020도5646_채용 절차에서 구직자 성추행 유죄 인정 사례.md,crawl,2020도5646,meta,prec,근로기준,folder,,채용 절차에서 구직자 성추행 유죄 인정 사례,verbatim,1
output_법원 노동판례/근로기준/2020도68_해고예고 대상의 예외 사유에 관한 법리.md,crawl,2020도68,meta,prec,근로기준,folder,,해고예고 대상의 예외 사유에 관한 법리,verbatim,1
output_법원 노동판례/근로기준/2020도7981_회사대표의 강제추행죄 인정 사례.md,crawl,2020도7981,meta,prec,근로기준,folder,,회사대표의 강제추행죄 인정 사례,verbatim,1
output_법원 노동판례/근로기준/2020도9188_산업안전보건법 위반 유죄 인정 사례.md,crawl,2020도9188,meta,prec,근로기준,folder,,산업안전보건법 위반 유죄 인정 사례,verbatim,1
output_법원 노동판례/근로기준/2020도9257_취업규칙 불이익 변경 부정 사례.md,crawl,2020도9257,meta,prec,근로기준,folder,,취업규칙 불이익 변경 부정 사례,verbatim,1
output_법원 노동판례/근로기준/2020두32012_상근으로 근무한 경력에 관한 법리.md,crawl,2020두32012,meta,prec,근로기준,folder,,상근으로 근무한 경력에 관한 법리,verbatim,1
output_법원 노동판례/근로기준/2020두35592_부당해고재심판정을 다툴 소의 이익 인정 사례.md,crawl,2020두35592,meta,prec,근로기준,folder,,부당해고재심판정을 다툴 소의 이익 인정 사례,verbatim,1
output_법원 노동판례/근로기준/2020두40693_공무원 연금 환수 및 삭감 지급애 관한 법리.md,crawl,2020두40693,meta,prec,근로기준,folder,,공무원 연금 환수 및 삭감 지급애 관한 법리,verbatim,1
output_법원 노동판례/근로기준/2020두44213_전보처분을 부당한 징계로 인정한 사례.md,crawl,2020두44213,meta,prec,근로기준,folder,,전보처분을 부당한 징계로 인정한 사례,verbatim,1
output_법원 노동판례/근로기준/2020두47908_아파트 관리 방식 변경 이유 정리해고 정당성 인정 사례.md,crawl,2020두47908,meta,prec,근로기준,folder,,아파트 관리 방식 변경 이유 정리해고 정당성 인정 사례,verbatim,1
output_법원 노동판례/근로기준/2020두48512_어선원 재해보험급여청구권에 관한 법리.md,crawl,2020두48512,meta,prec,근로기준,folder,,어선원 재해보험급여청구권에 관한 법리,verbatim,1
output_법원 노동판례/근로기준/2020두50966_해외 파견 공무원교원의 수당 지급에 관한 법리.md,crawl,2020두50966,meta,prec,근로기준,folder,,해외 파견 공무원교원의 수당 지급에 관한 법리,verbatim,1
output_법원 노동판례/근로기준/2020두51587_직업정보제공사업자의 준수 사항 위반 사례.md,crawl,2020두51587,meta,prec,근로기준,folder,,직업정보제공사업자의 준수 사항 위반 사례,verbatim,1
output_법원 노동판례/근로기준/2020두53545_위법한 직권면직의 경우 계급정년기간 연장 인정 사례.md,crawl,2020두53545,meta,prec,근로기준,folder,,위법한 직권면직의 경우 계급정년기간 연장 인정 사례,verbatim,1
output_법원 노동판례/근로기준/2020두54852_근로계약 종료 후 구제신청 이익 부정 사례.md,crawl,2020두54852,meta,prec,근로기준,folder,,근로계약 종료 후 구제신청 이익 부정 사례,verbatim,1
output_법원 노동판례/근로기준/2020두54869_위수탁관리운영계약 체결 지입차주 근로자 지위 인정 사례.md,crawl,2020두54869,meta,prec,근로기준,folder,,위수탁관리운영계약 체결 지입차주 근로자 지위 인정 사례,verbatim,1
output_법원 노동판례/근로기준/2020두58274_해고통지서를 짧게 간략히 기재한 경우 효력 여부.md,crawl,2020두58274,meta,prec,근로기준,folder,,해고통지서를 짧게 간략히 기재한 경우 효력 여부,verbatim,1
output_법원 노동판례/근로기준/2021다206974_재직조건부 임금의 통상임금 인정 사례.md,crawl,2021다206974,meta,prec,근로기준,folder,,재직조건부 임금의 통상임금 인정 사례,verbatim,1
output_법원 노동판례/근로기준/2021다210102_현대자동차 카마스터의 근로자파견관계 부정 사례.md,crawl,2021다210102,meta,prec,근로기준,folder,,현대자동차 카마스터의 근로자파견관계 부정 사례,verbatim,1
output_법원 노동판례/근로기준/2021다210621_현대자동차 카마스터의 근로자파견관계 부정 사례.md,crawl,2021다210621,meta,prec,근로기준,folder,,현대자동차 카마스터의 근로자파견관계 부정 사례,verbatim,1
output_법원 노동판례/근로기준/2021다210829_채권추심원 근로자 지위 인정 사례.md,crawl,2021다210829,meta,prec,근로기준,folder,,채권추심원 근로자 지위 인정 사례,verbatim,1
output_법원 노동판례/근로기준/2021다216957_조건부 상여금 등의 통상임금 인정 사례.md,crawl,2021다216957,meta,prec,근로기준,folder,,조건부 상여금 등의 통상임금 인정 사례,verbatim,1
output_법원 노동판례/근로기준/2021다217370_건설공사 직상수급인의 임금지급책임에 관한 법리.md,crawl,2021다217370,meta,prec,근로기준,folder,,건설공사 직상수급인의 임금지급책임에 관한 법리,verbatim,1
output_법원 노동판례/근로기준/2021다219260_임금인상 소급분의 통상임금 인정 사례.md,crawl,2021다219260,meta,prec,근로기준,folder,,임금인상 소급분의 통상임금 인정 사례,verbatim,1
output_법원 노동판례/근로기준/2021다219529_직장 내 성희롱에 대한 손해배상책임 인정 사례.md,crawl,2021다219529,meta,prec,근로기준,folder,,직장 내 성희롱에 대한 손해배상책임 인정 사례,verbatim,1
output_법원 노동판례/근로기준/2021다220062_통상임금 및 근로시간 판단 사례.md,crawl,2021다220062,meta,prec,근로기준,folder,,통상임금 및 근로시간 판단 사례,verbatim,1
output_법원 노동판례/근로기준/2021다221638_포스코 협력회사 직원들의 근로자파견관계 인정 사례.md,crawl,2021다221638,meta,prec,근로기준,folder,,포스코 협력회사 직원들의 근로자파견관계 인정 사례,verbatim,1
output_법원 노동판례/근로기준/2021다226886_성희롱 이유 파면 정당성 인정 사례.md,crawl,2021다226886,meta,prec,근로기준,folder,,성희롱 이유 파면 정당성 인정 사례,verbatim,1
output_법원 노동판례/근로기준/2021다229076_최저임금 지급 대상 시간 판단 기준과 사례.md,crawl,2021다229076,meta,prec,근로기준,folder,,최저임금 지급 대상 시간 판단 기준과 사례,verbatim,1
output_법원 노동판례/근로기준/2021다229861_급여등 반납 노사합의의 적용 사례.md,crawl,2021다229861,meta,prec,근로기준,folder,,급여등 반납 노사합의의 적용 사례,verbatim,1
output_법원 노동판례/근로기준/2021다234924_경업금지약정과 명예퇴직 해제조건에 관한 법리.md,crawl,2021다234924,meta,prec,근로기준,folder,,경업금지약정과 명예퇴직 해제조건에 관한 법리,verbatim,1
output_법원 노동판례/근로기준/2021다239134_재직조건부 상여금의 통상임금성 인정 사례.md,crawl,2021다239134,meta,prec,근로기준,folder,,재직조건부 상여금의 통상임금성 인정 사례,verbatim,1
output_법원 노동판례/근로기준/2021다252946_산하 기관 직원 성과급 부지급 위법 인정 사례.md,crawl,2021다252946,meta,prec,근로기준,folder,,산하 기관 직원 성과급 부지급 위법 인정 사례,verbatim,1
output_법원 노동판례/근로기준/2021다253765_통상임금 인정에 따른 추가청구의 신의칙 위반 부정 사례.md,crawl,2021다253765,meta,prec,근로기준,folder,,통상임금 인정에 따른 추가청구의 신의칙 위반 부정 사례,verbatim,1
output_법원 노동판례/근로기준/2021다254799_대한법률구조공단 변호사 직원 징계 무효 사례.md,crawl,2021다254799,meta,prec,근로기준,folder,,대한법률구조공단 변호사 직원 징계 무효 사례,verbatim,1
output_법원 노동판례/근로기준/2021다255051_인력공급업체의 사용자 지위 여부 판단 사례.md,crawl,2021다255051,meta,prec,근로기준,folder,,인력공급업체의 사용자 지위 여부 판단 사례,verbatim,1
output_법원 노동판례/근로기준/2021다255853_손해배상채권과 직무상유족연금의 공제 순서.md,crawl,2021다255853,meta,prec,근로기준,folder,,손해배상채권과 직무상유족연금의 공제 순서,verbatim,1
output_법원 노동판례/근로기준/2021다258463_직무발명보상금 적용 규정 판단 사례.md,crawl,2021다258463,meta,prec,근로기준,folder,,직무발명보상금 적용 규정 판단 사례,verbatim,1
output_법원 노동판례/근로기준/2021다273264_포괄임금제의 최저임금법 위반 인정 사례.md,crawl,2021다273264,meta,prec,근로기준,folder,,포괄임금제의 최저임금법 위반 인정 사례,verbatim,1
output_법원 노동판례/근로기준/2021다279903_부당해고기간 동안의 미지급 임금과 중간수입공제.md,crawl,2021다279903,meta,prec,근로기준,folder,,부당해고기간 동안의 미지급 임금과 중간수입공제,verbatim,1
output_법원 노동판례/근로기준/2021다280781_취업규칙 불이익 변경 인정 사례.md,crawl,2021다280781,meta,prec,근로기준,folder,,취업규칙 불이익 변경 인정 사례,verbatim,1
output_법원 노동판례/근로기준/2021다284462_하나의 사고에 장해공제금과 사망공제금 모두 인정 사례.md,crawl,2021다284462,meta,prec,근로기준,folder,,하나의 사고에 장해공제금과 사망공제금 모두 인정 사례,verbatim,1
output_법원 노동판례/근로기준/2021다290160_현대차 협력업체 직원들의 근로자파견관계 부정 사례.md,crawl,2021다290160,meta,prec,근로기준,folder,,현대차 협력업체 직원들의 근로자파견관계 부정 사례,verbatim,1
output_법원 노동판례/근로기준/2021다304779_만근 초과 근로시간은 최저임금 산정 대상 시간 아님.md,crawl,2021다304779,meta,prec,근로기준,folder,,만근 초과 근로시간은 최저임금 산정 대상 시간 아님,verbatim,1
output_법원 노동판례/근로기준/2021도1089_명예훼손죄 성립 부정 사례.md,crawl,2021도1089,meta,prec,근로기준,folder,,명예훼손죄 성립 부정 사례,verbatim,1
output_법원 노동판례/근로기준/2021도11288_산업안전보건법 위반 인정 사례.md,crawl,2021도11288,meta,prec,근로기준,folder,,산업안전보건법 위반 인정 사례,verbatim,1
output_법원 노동판례/근로기준/2021도11547_포클레인 기사의 업무상 주의의무 위반 인정 사례.md,crawl,2021도11547,meta,prec,근로기준,folder,,포클레인 기사의 업무상 주의의무 위반 인정 사례,verbatim,1
output_법원 노동판례/근로기준/2021도11675_위탁진료계약 체결 의사의 근로자 지위 인정 사례.md,crawl,2021도11675,meta,prec,근로기준,folder,,위탁진료계약 체결 의사의 근로자 지위 인정 사례,verbatim,1
output_법원 노동판례/근로기준/2021도11886_연차휴가 사용 신청 기한 위반에 관한 법리.md,crawl,2021도11886,meta,prec,근로기준,folder,,연차휴가 사용 신청 기한 위반에 관한 법리,verbatim,1
output_법원 노동판례/근로기준/2021도15004_중량물 취급 작업시 안전조치의무 위반 사례.md,crawl,2021도15004,meta,prec,근로기준,folder,,중량물 취급 작업시 안전조치의무 위반 사례,verbatim,1
output_법원 노동판례/근로기준/2021도17523_수급인의 근로자에 대한 도급인의 안전보호의무 위반 인정 사례.md,crawl,2021도17523,meta,prec,근로기준,folder,,수급인의 근로자에 대한 도급인의 안전보호의무 위반 인정 사례,verbatim,1
output_법원 노동판례/근로기준/2021도17744_직장내 관계에서 명예훼손죄 성립 부정 사례.md,crawl,2021도17744,meta,prec,근로기준,folder,,직장내 관계에서 명예훼손죄 성립 부정 사례,verbatim,1
output_법원 노동판례/근로기준/2021도3992_반의사불벌죄反意思不罰罪의 처벌 불원 의사표시 시기.md,crawl,2021도3992,meta,prec,근로기준,folder,,반의사불벌죄反意思不罰罪의 처벌 불원 의사표시 시기,verbatim,1
output_법원 노동판례/근로기준/2021도6112_여성 상사의 여성 부하에 대한 강제추행 인정 사례.md,crawl,2021도6112,meta,prec,근로기준,folder,,여성 상사의 여성 부하에 대한 강제추행 인정 사례,verbatim,1
output_법원 노동판례/근로기준/2021도6416_징계사유 게시판 공고는 명예훼손.md,crawl,2021도6416,meta,prec,근로기준,folder,,징계사유 게시판 공고는 명예훼손,verbatim,1
output_법원 노동판례/근로기준/2021두33470_성적 부진자에 대한 징계해고 아닌 통상해고의 정당성 인정 사례.md,crawl,2021두33470,meta,prec,근로기준,folder,,성적 부진자에 대한 징계해고 아닌 통상해고의 정당성 인정 사례,verbatim,1
output_법원 노동판례/근로기준/2021두33715_생명보험 위탁계약형 지점장의 근로자 지위 인정 사례.md,crawl,2021두33715,meta,prec,근로기준,folder,,생명보험 위탁계약형 지점장의 근로자 지위 인정 사례,verbatim,1
output_법원 노동판례/근로기준/2021두36103_해고 결정 회의록 사본 교부를 해고서면통지로 인정한 사례.md,crawl,2021두36103,meta,prec,근로기준,folder,,해고 결정 회의록 사본 교부를 해고서면통지로 인정한 사례,verbatim,1
output_법원 노동판례/근로기준/2021두38567_업무상 스트레스로 인한 사망 인정 사례.md,crawl,2021두38567,meta,prec,근로기준,folder,,업무상 스트레스로 인한 사망 인정 사례,verbatim,1
output_법원 노동판례/근로기준/2021두46285_근로계약 종료 후 구제신청 이익 부정 사례.md,crawl,2021두46285,meta,prec,근로기준,folder,,근로계약 종료 후 구제신청 이익 부정 사례,verbatim,1
output_법원 노동판례/근로기준/2021두48083_징계사유 보고를 하지 않은 경우 징계시효 기산 시점.md,crawl,2021두48083,meta,prec,근로기준,folder,,징계사유 보고를 하지 않은 경우 징계시효 기산 시점,verbatim,1
output_법원 노동판례/근로기준/2021두50642_해고서면통지의 효력 인정 사례.md,crawl,2021두50642,meta,prec,근로기준,folder,,해고서면통지의 효력 인정 사례,verbatim,1
output_법원 노동판례/근로기준/2021두56190_군인사법상 징계시효 기산점에 관한 법리.md,crawl,2021두56190,meta,prec,근로기준,folder,,군인사법상 징계시효 기산점에 관한 법리,verbatim,1
output_법원 노동판례/근로기준/2021두60687_현대차 카마스터의 근로기준법상 근로자 지위 부정 사례.md,crawl,2021두60687,meta,prec,근로기준,folder,,현대차 카마스터의 근로기준법상 근로자 지위 부정 사례,verbatim,1
output_법원 노동판례/근로기준/2021두60960_직업훈련기관의 부정이득에 대한 제재처분에 관한 법리.md,crawl,2021두60960,meta,prec,근로기준,folder,,직업훈련기관의 부정이득에 대한 제재처분에 관한 법리,verbatim,1
output_법원 노동판례/근로기준/2021두63020_일반직공무원 민간근무경력의 호봉 산입에 관한 법리.md,crawl,2021두63020,meta,prec,근로기준,folder,,일반직공무원 민간근무경력의 호봉 산입에 관한 법리,verbatim,1
output_법원 노동판례/근로기준/2022다200249_퇴직금 분할지급 약정 무효 인정 사례.md,crawl,2022다200249,meta,prec,근로기준,folder,,퇴직금 분할지급 약정 무효 인정 사례,verbatim,1
output_법원 노동판례/근로기준/2022다202894_임금피크제 규정 변경의 정당성 인정 사례.md,crawl,2022다202894,meta,prec,근로기준,folder,,임금피크제 규정 변경의 정당성 인정 사례,verbatim,1
output_법원 노동판례/근로기준/2022다203798_만근 초과 근로일의 근로에 대한 가산수당 지급에 관한 법리.md,crawl,2022다203798,meta,prec,근로기준,folder,,만근 초과 근로일의 근로에 대한 가산수당 지급에 관한 법리,verbatim,1
output_법원 노동판례/근로기준/2022다207967_이사 지위 확인소송의 소익 부정 사례.md,crawl,2022다207967,meta,prec,근로기준,folder,,이사 지위 확인소송의 소익 부정 사례,verbatim,1
output_법원 노동판례/근로기준/2022다215784_미사용연차휴가수당의 평균임금 산입에 관한 법리.md,crawl,2022다215784,meta,prec,근로기준,folder,,미사용연차휴가수당의 평균임금 산입에 관한 법리,verbatim,1
output_법원 노동판례/근로기준/2022다219540_전액불 원칙 예외 인정에 관한 법리.md,crawl,2022다219540,meta,prec,근로기준,folder,,전액불 원칙 예외 인정에 관한 법리,verbatim,1
output_법원 노동판례/근로기준/2022다231403_연차휴가미사용수당 청구권 소멸시효 기산점.md,crawl,2022다231403,meta,prec,근로기준,folder,,연차휴가미사용수당 청구권 소멸시효 기산점,verbatim,1
output_법원 노동판례/근로기준/2022다245419_1년 초과 2년 이하 근무자의 연차휴가일수 산정 사례.md,crawl,2022다245419,meta,prec,근로기준,folder,,1년 초과 2년 이하 근무자의 연차휴가일수 산정 사례,verbatim,1
output_법원 노동판례/근로기준/2022다245518_취업규칙 불이익변경 효력 발생 시점 판단 사례.md,crawl,2022다245518,meta,prec,근로기준,folder,,취업규칙 불이익변경 효력 발생 시점 판단 사례,verbatim,1
output_법원 노동판례/근로기준/2022다257238_격일제 근로자 임금 중 통상임금 해당 여부 판단 사례.md,crawl,2022다257238,meta,prec,근로기준,folder,,격일제 근로자 임금 중 통상임금 해당 여부 판단 사례,verbatim,1
output_법원 노동판례/근로기준/2022다261534_각종 인센티브의 급여소득 인정 사례.md,crawl,2022다261534,meta,prec,근로기준,folder,,각종 인센티브의 급여소득 인정 사례,verbatim,1
output_법원 노동판례/근로기준/2022다273964_직장 내 성희롱 손해배상에 관한 법리.md,crawl,2022다273964,meta,prec,근로기준,folder,,직장 내 성희롱 손해배상에 관한 법리,verbatim,1
output_법원 노동판례/근로기준/2022다286755_공무직 근로자 전보처분 정당성 인정 사례.md,crawl,2022다286755,meta,prec,근로기준,folder,,공무직 근로자 전보처분 정당성 인정 사례,verbatim,1
output_법원 노동판례/근로기준/2022다307003_택시운전자 유류비 부담은 임금 미지급 해당.md,crawl,2022다307003,meta,prec,근로기준,folder,,택시운전자 유류비 부담은 임금 미지급 해당,verbatim,1
output_법원 노동판례/근로기준/2022도1168_실습변호사의 근로자 지위 인정 사례.md,crawl,2022도1168,meta,prec,근로기준,folder,,실습변호사의 근로자 지위 인정 사례,verbatim,1
output_법원 노동판례/근로기준/2022도14320_영업비밀 침해 인정 사례.md,crawl,2022도14320,meta,prec,근로기준,folder,,영업비밀 침해 인정 사례,verbatim,1
output_법원 노동판례/근로기준/2022도16668_산업안전보건법 위반 인정.md,crawl,2022도16668,meta,prec,근로기준,folder,,산업안전보건법 위반 인정,editorial,0
output_법원 노동판례/근로기준/2022도2188_위약금 예정 금지 위반 인정 사례.md,crawl,2022도2188,meta,prec,근로기준,folder,,위약금 예정 금지 위반 인정 사례,verbatim,1
output_법원 노동판례/근로기준/2022도2278_인턴횔동비 부정 수령의 보조금법 위반 부정 사례.md,crawl,2022도2278,meta,prec,근로기준,folder,,인턴횔동비 부정 수령의 보조금법 위반 부정 사례,verbatim,1
output_법원 노동판례/근로기준/2022도3393_하나은행 신입사원 부정 채용 사건.md,crawl,2022도3393,meta,prec,근로기준,folder,,하나은행 신입사원 부정 채용 사건,verbatim,1
output_법원 노동판례/근로기준/2022두19_소방공무원 비번일 근무의 시간외근로 인정 사례.md,crawl,2022두19,meta,prec,근로기준,folder,,소방공무원 비번일 근무의 시간외근로 인정 사례,verbatim,1
output_법원 노동판례/근로기준/2022두31136_성희롱 교원 해임처분 정당성 인정 사례.md,crawl,2022두31136,meta,prec,근로기준,folder,,성희롱 교원 해임처분 정당성 인정 사례,verbatim,1
output_법원 노동판례/근로기준/2022두33323_성희롱 가해자 해임처분 정당성 인정 사례.md,crawl,2022두33323,meta,prec,근로기준,folder,,성희롱 가해자 해임처분 정당성 인정 사례,verbatim,1
output_법원 노동판례/근로기준/2022두43405_교장 퇴임후 원로교사 임용 거부 정당성 부정 사례.md,crawl,2022두43405,meta,prec,근로기준,folder,,교장 퇴임후 원로교사 임용 거부 정당성 부정 사례,verbatim,1
output_법원 노동판례/근로기준/2022두45623_공무원 직위해제처분의 종료 시기에 관한 법리.md,crawl,2022두45623,meta,prec,근로기준,folder,,공무원 직위해제처분의 종료 시기에 관한 법리,verbatim,1
output_법원 노동판례/근로기준/2022두50571_사립 교원 해임처분 쟁송중 당연퇴직된 경우 소의 이익 인정 사례.md,crawl,2022두50571,meta,prec,근로기준,folder,,사립 교원 해임처분 쟁송중 당연퇴직된 경우 소의 이익 인정 사례,verbatim,1
output_법원 노동판례/근로기준/2022두56630_사립학교 직원 보수규정에 관한 법리.md,crawl,2022두56630,meta,prec,근로기준,folder,,사립학교 직원 보수규정에 관한 법리,verbatim,1
output_법원 노동판례/근로기준/2022두59783_공직윤리 위반 베트남 특명전권대사 해임처분 사례.md,crawl,2022두59783,meta,prec,근로기준,folder,,공직윤리 위반 베트남 특명전권대사 해임처분 사례,verbatim,1
output_법원 노동판례/근로기준/2022두65092_공무원 승진 심사 위법성과 징계 부당성 인정 사례.md,crawl,2022두65092,meta,prec,근로기준,folder,,공무원 승진 심사 위법성과 징계 부당성 인정 사례,verbatim,1
output_법원 노동판례/근로기준/2022두66576_공익신고자 보호조치에 관한 법리.md,crawl,2022두66576,meta,prec,근로기준,folder,,공익신고자 보호조치에 관한 법리,verbatim,1
output_법원 노동판례/근로기준/2023다200314_택시회사 소정근로시간 단축 합의의 효력 판단 사례.md,crawl,2023다200314,meta,prec,근로기준,folder,,택시회사 소정근로시간 단축 합의의 효력 판단 사례,verbatim,1
output_법원 노동판례/근로기준/2023다206138_택시회사 소정근로시간 판단 사례.md,crawl,2023다206138,meta,prec,근로기준,folder,,택시회사 소정근로시간 판단 사례,verbatim,1
output_법원 노동판례/근로기준/2023다209106_호봉제에서 연봉제로 전환적용하는 첫해 연봉의 산정 사례.md,crawl,2023다209106,meta,prec,근로기준,folder,,호봉제에서 연봉제로 전환적용하는 첫해 연봉의 산정 사례,verbatim,1
output_법원 노동판례/근로기준/2023다211345_신설 택시회사 1일 소정근로시간 3시간 합의는 무효.md,crawl,2023다211345,meta,prec,근로기준,folder,,신설 택시회사 1일 소정근로시간 3시간 합의는 무효,verbatim,1
output_법원 노동판례/근로기준/2023다213556_임금피크제 무효 인정 사례.md,crawl,2023다213556,meta,prec,근로기준,folder,,임금피크제 무효 인정 사례,verbatim,1
output_법원 노동판례/근로기준/2023다215842_현대차 2차 협력업체 근로자의 근로자파견관계 부정 사례.md,crawl,2023다215842,meta,prec,근로기준,folder,,현대차 2차 협력업체 근로자의 근로자파견관계 부정 사례,verbatim,1
output_법원 노동판례/근로기준/2023다216777_공공기관 경영성과급 등의 통상임금성 부정 사례.md,crawl,2023다216777,meta,prec,근로기준,folder,,공공기관 경영성과급 등의 통상임금성 부정 사례,verbatim,1
output_법원 노동판례/근로기준/2023다217312_대학 시간강사의 소정근로시간 산정에 관한 법리.md,crawl,2023다217312,meta,prec,근로기준,folder,,대학 시간강사의 소정근로시간 산정에 관한 법리,verbatim,1
output_법원 노동판례/근로기준/2023다219752_보험회사 교육담당 매니저의 근로자 지위.md,crawl,2023다219752,meta,prec,근로기준,folder,,보험회사 교육담당 매니저의 근로자 지위,verbatim,1
output_법원 노동판례/근로기준/2023다220691_고용평등법 위반 업무지시 불응 이유 면직처분 무효 인정 사례.md,crawl,2023다220691,meta,prec,근로기준,folder,,고용평등법 위반 업무지시 불응 이유 면직처분 무효 인정 사례,verbatim,1
output_법원 노동판례/근로기준/2023다221359_포괄임금제 부정 사례.md,crawl,2023다221359,meta,prec,근로기준,folder,,포괄임금제 부정 사례,verbatim,1
output_법원 노동판례/근로기준/2023다223508_한국은행 청원경찰 당직근무의 통상근무 인정 사례.md,crawl,2023다223508,meta,prec,근로기준,folder,,한국은행 청원경찰 당직근무의 통상근무 인정 사례,verbatim,1
output_법원 노동판례/근로기준/2023다223744_최저임금 지급 대상 시간 판단 사례.md,crawl,2023다223744,meta,prec,근로기준,folder,,최저임금 지급 대상 시간 판단 사례,verbatim,1
output_법원 노동판례/근로기준/2023다237460_택시회사 소정근로시간수 단축 합의의 효력에 관한 법리.md,crawl,2023다237460,meta,prec,근로기준,folder,,택시회사 소정근로시간수 단축 합의의 효력에 관한 법리,verbatim,1
output_법원 노동판례/근로기준/2023다237514_직무발명보상금 결정에 관한 법리.md,crawl,2023다237514,meta,prec,근로기준,folder,,직무발명보상금 결정에 관한 법리,verbatim,1
output_법원 노동판례/근로기준/2023다258658_스톱옵션 약정 관련 손해배상 판단 사례.md,crawl,2023다258658,meta,prec,근로기준,folder,,스톱옵션 약정 관련 손해배상 판단 사례,verbatim,1
output_법원 노동판례/근로기준/2023다276823_성희롱 가해자 무징계 사직처리한 회사의 손배책임 인정.md,crawl,2023다276823,meta,prec,근로기준,folder,,성희롱 가해자 무징계 사직처리한 회사의 손배책임 인정,verbatim,1
output_법원 노동판례/근로기준/2023다279402_택시회사 소정근로시간 단축합의 무효 인정 사례.md,crawl,2023다279402,meta,prec,근로기준,folder,,택시회사 소정근로시간 단축합의 무효 인정 사례,verbatim,1
output_법원 노동판례/근로기준/2023다287168_직무발명보상금의 발명자 공헌도 판단 사례.md,crawl,2023다287168,meta,prec,근로기준,folder,,직무발명보상금의 발명자 공헌도 판단 사례,verbatim,1
output_법원 노동판례/근로기준/2023다300559_부당해고한 근로자를 원직이 아닌 업무에 복직시킨 경우.md,crawl,2023다300559,meta,prec,근로기준,folder,,부당해고한 근로자를 원직이 아닌 업무에 복직시킨 경우,verbatim,1
output_법원 노동판례/근로기준/2023다315391_무효인 승진의 경우 지급받은 임금 반환에 관한 법리.md,crawl,2023다315391,meta,prec,근로기준,folder,,무효인 승진의 경우 지급받은 임금 반환에 관한 법리,verbatim,1
output_법원 노동판례/근로기준/2023다318420_위약금예정 금지 위반 부정 사례.md,crawl,2023다318420,meta,prec,근로기준,folder,,위약금예정 금지 위반 부정 사례,verbatim,1
output_법원 노동판례/근로기준/2023도1086_타인의 다면평가 결과를 열람한 경우의 죄책에 관한 법리.md,crawl,2023도1086,meta,prec,근로기준,folder,,타인의 다면평가 결과를 열람한 경우의 죄책에 관한 법리,verbatim,1
output_법원 노동판례/근로기준/2023도12878_공무원 결격대상범죄 적용 부정 사례.md,crawl,2023도12878,meta,prec,근로기준,folder,,공무원 결격대상범죄 적용 부정 사례,verbatim,1
output_법원 노동판례/근로기준/2023도14674_산업안전보건법위반 인정 사례.md,crawl,2023도14674,meta,prec,근로기준,folder,,산업안전보건법위반 인정 사례,verbatim,1
output_법원 노동판례/근로기준/2023도18112_채용 남녀고용평등법 위반 업무방해 부정.md,crawl,2023도18112,meta,prec,근로기준,folder,,채용 남녀고용평등법 위반 업무방해 부정,editorial,0
output_법원 노동판례/근로기준/2023도18539_CCTV 영상정보를 징계심의 자료로 사용한 경우에 관한 법리.md,crawl,2023도18539,meta,prec,근로기준,folder,,CCTV 영상정보를 징계심의 자료로 사용한 경우에 관한 법리,verbatim,1
output_법원 노동판례/근로기준/2023도188_퇴직금 지급기일 연장 합의 위반에 대한 유죄 인정 사례.md,crawl,2023도188,meta,prec,근로기준,folder,,퇴직금 지급기일 연장 합의 위반에 대한 유죄 인정 사례,verbatim,1
output_법원 노동판례/근로기준/2023도2318_당연퇴직 사유가 징계 사유와 중복되는 경우에 관한 법리.md,crawl,2023도2318,meta,prec,근로기준,folder,,당연퇴직 사유가 징계 사유와 중복되는 경우에 관한 법리,verbatim,1
output_법원 노동판례/근로기준/2023도2580_서부발전 산업안전보건법 위반 책임 부정 사례.md,crawl,2023도2580,meta,prec,근로기준,folder,,서부발전 산업안전보건법 위반 책임 부정 사례,verbatim,1
output_법원 노동판례/근로기준/2023도5476_상시근로자수 5인 이상 인정 사례.md,crawl,2023도5476,meta,prec,근로기준,folder,,상시근로자수 5인 이상 인정 사례,verbatim,1
output_법원 노동판례/근로기준/2023도5814_고용관계 종료를 둘러싼 협의 과정으로 인정된 특수한 사례.md,crawl,2023도5814,meta,prec,근로기준,folder,,고용관계 종료를 둘러싼 협의 과정으로 인정된 특수한 사례,verbatim,1
output_법원 노동판례/근로기준/2023두31782_교원 성과상여금 재분배 이유 징계처분은 위법.md,crawl,2023두31782,meta,prec,근로기준,folder,,교원 성과상여금 재분배 이유 징계처분은 위법,verbatim,1
output_법원 노동판례/근로기준/2023두35623_부패행위 신고자에 대한 불이익조치 금지에 관한 법리.md,crawl,2023두35623,meta,prec,근로기준,folder,,부패행위 신고자에 대한 불이익조치 금지에 관한 법리,verbatim,1
output_법원 노동판례/근로기준/2023두41727_정년 퇴직후 재고용기대권 부정 사례.md,crawl,2023두41727,meta,prec,근로기준,folder,,정년 퇴직후 재고용기대권 부정 사례,verbatim,1
output_법원 노동판례/근로기준/2023두46074_외국계 기업의 상시근로자 수 판단 사례.md,crawl,2023두46074,meta,prec,근로기준,folder,,외국계 기업의 상시근로자 수 판단 사례,verbatim,1
output_법원 노동판례/근로기준/2023두50127_공무원 채용 면접에서 장애인 차별 금지 위반 인정 사례.md,crawl,2023두50127,meta,prec,근로기준,folder,,공무원 채용 면접에서 장애인 차별 금지 위반 인정 사례,verbatim,1
output_법원 노동판례/근로기준/2023두54914_협동조합 택시운수종사자 근로자지위 판단기준.md,crawl,2023두54914,meta,prec,근로기준,folder,,협동조합 택시운수종사자 근로자지위 판단기준,editorial,0
output_법원 노동판례/근로기준/2023두57876_다른 법인 같은 사업장의 상시근로자 수 판단 사례.md,crawl,2023두57876,meta,prec,근로기준,folder,,다른 법인 같은 사업장의 상시근로자 수 판단 사례,verbatim,1
output_법원 노동판례/근로기준/2024다209783_산업기술 침해금지 청구의 소멸시효에 관한 법리.md,crawl,2024다209783,meta,prec,근로기준,folder,,산업기술 침해금지 청구의 소멸시효에 관한 법리,verbatim,1
output_법원 노동판례/근로기준/2024다226474_택시운전근로자 소정근로시간 단축 합의 무효 인정 사례.md,crawl,2024다226474,meta,prec,근로기준,folder,,택시운전근로자 소정근로시간 단축 합의 무효 인정 사례,verbatim,1
output_법원 노동판례/근로기준/2024다229794_격일제 근무 택시운전자 소정근로시간 인정 사례.md,crawl,2024다229794,meta,prec,근로기준,folder,,격일제 근무 택시운전자 소정근로시간 인정 사례,verbatim,1
output_법원 노동판례/근로기준/2024다250873_부당하게 장기간 유지된 대기발령 무효 인정 사례.md,crawl,2024다250873,meta,prec,근로기준,folder,,부당하게 장기간 유지된 대기발령 무효 인정 사례,verbatim,1
output_법원 노동판례/근로기준/2024다294705_퇴직금 청구의 소멸시효 완성 인정 사례.md,crawl,2024다294705,meta,prec,근로기준,folder,,퇴직금 청구의 소멸시효 완성 인정 사례,verbatim,1
output_법원 노동판례/근로기준/2024도1309_실질작 사용자의 근로기준법 위반책임 인정 사례.md,crawl,2024도1309,meta,prec,근로기준,folder,,실질작 사용자의 근로기준법 위반책임 인정 사례,verbatim,1
output_법원 노동판례/근로기준/2024도19305_자료 무단 반출의 업무상 배임 부정 사례.md,crawl,2024도19305,meta,prec,근로기준,folder,,자료 무단 반출의 업무상 배임 부정 사례,verbatim,1
output_법원 노동판례/근로기준/2024도20470_택시운수 협동조합 근로자 사용자 인정.md,crawl,2024도20470,meta,prec,근로기준,folder,,택시운수 협동조합 근로자 사용자 인정,editorial,0
output_법원 노동판례/근로기준/2024도4055_하도급 근로자에 대한 직상수급인의 임금지급책임 인정 사례.md,crawl,2024도4055,meta,prec,근로기준,folder,,하도급 근로자에 대한 직상수급인의 임금지급책임 인정 사례,verbatim,1
output_법원 노동판례/근로기준/2024도8707_성매매 범죄의 공범에게 지급한 급여의 추징 인정 사례.md,crawl,2024도8707,meta,prec,근로기준,folder,,성매매 범죄의 공범에게 지급한 급여의 추징 인정 사례,verbatim,1
output_법원 노동판례/근로기준/2024두32973_플랫폼 종사자의 근로기준법상 근로자 지위 인정 사례.md,crawl,2024두32973,meta,prec,근로기준,folder,,플랫폼 종사자의 근로기준법상 근로자 지위 인정 사례,verbatim,1
output_법원 노동판례/근로기준/2024두34122_임금이 아닌 복지포인트를 근로소득으로 인정한 사례.md,crawl,2024두34122,meta,prec,근로기준,folder,,임금이 아닌 복지포인트를 근로소득으로 인정한 사례,verbatim,1
output_법원 노동판례/근로기준/2024두40493_실효된 대기발령에 대한 구제신청 이익 인정 사례.md,crawl,2024두40493,meta,prec,근로기준,folder,,실효된 대기발령에 대한 구제신청 이익 인정 사례,verbatim,1
output_법원 노동판례/근로기준/2024두41038_정년퇴직처분의 부당해고 인정 사례.md,crawl,2024두41038,meta,prec,근로기준,folder,,정년퇴직처분의 부당해고 인정 사례,verbatim,1
output_법원 노동판례/근로기준/2024두48893_고용유지지원금 부정 수급 인정 사례.md,crawl,2024두48893,meta,prec,근로기준,folder,,고용유지지원금 부정 수급 인정 사례,verbatim,1
output_법원 노동판례/근로기준/2024두54683_부당해고에 대한 금전보상명령을 받을 구제이익 인정 사례.md,crawl,2024두54683,meta,prec,근로기준,folder,,부당해고에 대한 금전보상명령을 받을 구제이익 인정 사례,verbatim,1
output_법원 노동판례/근로기준/2024두55259_주식회사 임원 근로제공 부정.md,crawl,2024두55259,meta,prec,근로기준,folder,,주식회사 임원 근로제공 부정,editorial,0
output_법원 노동판례/근로기준/2024두55877_사립대학 교원재임용심사에 관한 법리.md,crawl,2024두55877,meta,prec,근로기준,folder,,사립대학 교원재임용심사에 관한 법리,verbatim,1
output_법원 노동판례/근로기준/2025다209645_임금 직접불 원칙에 관한 법리.md,crawl,2025다209645,meta,prec,근로기준,folder,,임금 직접불 원칙에 관한 법리,verbatim,1
output_법원 노동판례/근로기준/2025다214605_이사의 보수 및 퇴직금 청구권 관련 사례.md,crawl,2025다214605,meta,prec,근로기준,folder,,이사의 보수 및 퇴직금 청구권 관련 사례,verbatim,1
output_법원 노동판례/근로기준/2025다217529_사납금 초과수입금 임금 인정.md,crawl,2025다217529,meta,prec,근로기준,folder,,사납금 초과수입금 임금 인정,editorial,0
output_법원 노동판례/근로기준/2025도10267_산업안전보건법위반 중대재해처벌등에관한법률위반.md,crawl,2025도10267,meta,prec,근로기준,folder,,산업안전보건법위반 중대재해처벌등에관한법률위반,verbatim,1
output_법원 노동판례/근로기준/2025도15060_중대재해처벌법 적용사업장 인정.md,crawl,2025도15060,meta,prec,근로기준,folder,,중대재해처벌법 적용사업장 인정,editorial,0
output_법원 노동판례/근로기준/2025도15459_공무직은 형법상 공무원이라고 보기 어렵다고 한 사례.md,crawl,2025도15459,meta,prec,근로기준,folder,,공무직은 형법상 공무원이라고 보기 어렵다고 한 사례,verbatim,1
output_법원 노동판례/근로기준/2025도18022_학교법인 사립학교교원 법률관계.md,crawl,2025도18022,meta,prec,근로기준,folder,,학교법인 사립학교교원 법률관계,editorial,0
output_법원 노동판례/근로기준/2025도2059_노사협의회 정기회의 개최에 관한 법리.md,crawl,2025도2059,meta,prec,근로기준,folder,,노사협의회 정기회의 개최에 관한 법리,verbatim,1
output_법원 노동판례/근로기준/2025도3844_임금 지급 연대책임을 지는 직상 수급인 판단 사례.md,crawl,2025도3844,meta,prec,근로기준,folder,,임금 지급 연대책임을 지는 직상 수급인 판단 사례,verbatim,1
output_법원 노동판례/근로기준/2025도4428_도급인의 산업안전보건법 위반 인정 사례.md,crawl,2025도4428,meta,prec,근로기준,folder,,도급인의 산업안전보건법 위반 인정 사례,verbatim,1
output_법원 노동판례/근로기준/2025두30721_학교법인의 교원징계의결 요구 미이행의 위법 인정 사례.md,crawl,2025두30721,meta,prec,근로기준,folder,,학교법인의 교원징계의결 요구 미이행의 위법 인정 사례,verbatim,1
output_법원 노동판례/근로기준/2025두31809_성희롱 연구부정 교수 해임처분 정당성 인정 사례.md,crawl,2025두31809,meta,prec,근로기준,folder,,성희롱 연구부정 교수 해임처분 정당성 인정 사례,verbatim,1
output_법원 노동판례/근로기준/2025두34772_직원등에게 제품할인판매 접대비 해당부정.md,crawl,2025두34772,meta,prec,근로기준,folder,,직원등에게 제품할인판매 접대비 해당부정,editorial,0
output_법원 노동판례/근로기준/2028529_주제별 노동판례 330선.md,crawl,,,post,근로기준,folder,2028529,주제별 노동판례 330선,post,0
output_법원 노동판례/근로기준/2038078_공공기관의 경영평가성과급은 평균임금에 포함된다.md,crawl,2018다231536,body_head,prec,근로기준,folder,2038078,공공기관의 경영평가성과급은 평균임금에 포함된다,editorial,0
output_법원 노동판례/근로기준/2038092_경영평가성과급을 평균임금에 포함시키는 사례.md,crawl,2015두36157,body_head,prec,근로기준,folder,2038092,경영평가성과급을 평균임금에 포함시키는 사례,editorial,0
output_법원 노동판례/근로기준/2038114_적법하게 변경된 취업규칙이라도 유리한 개별 근로계약 부분에 우선하는 효려.md,crawl,2018다200709,body_head,prec,근로기준,folder,2038114,적법하게 변경된 취업규칙이라도 유리한 개별 근로계약 부분에 우선하는 효력은 없다,editorial,0
output_법원 노동판례/근로기준/2123414_근로기준법상 근로자에 해당하는지 여부의 판단 기준.md,crawl,2004다29736,body_head,prec,근로기준,folder,2123414,근로기준법상 근로자에 해당하는지 여부의 판단 기준,editorial,0
output_법원 노동판례/근로기준/2123642_의도적으로 평균임금이 높아진 경우 그 기간을 뺀 그 직전 3개월로 평균임그.md,crawl,94다8613,body_head,prec,근로기준,folder,2123642,의도적으로 평균임금이 높아진 경우 그 기간을 뺀 그 직전 3개월로 평균임금을 계산한다,editorial,0
output_법원 노동판례/근로기준/2130925_퇴직금을 12개월로 나누어 월급에 포함하여 매월 미리 지급받는다는 약정은 무.md,crawl,2006가단2947,body_head,prec,근로기준,folder,2130925,퇴직금을 12개월로 나누어 월급에 포함하여 매월 미리 지급받는다는 약정은 무효,editorial,0
"output_법원 노동판례/근로기준/2131033_월급,일당 속에 퇴직금을 포함하는 것은 무효이고, 퇴직금 사전포기 약정도 .md",crawl,2007도4171,body_head,prec,근로기준,folder,2131033,"월급,일당 속에 퇴직금을 포함하는 것은 무효이고, 퇴직금 사전포기 약정도 무효이다.",editorial,0
output_법원 노동판례/근로기준/2236538_회사의 이사 등 임원이 근로기준법상의 근로자인지 여부.md,crawl,92다28228,body_head,prec,근로기준,folder,2236538,회사의 이사 등 임원이 근로기준법상의 근로자인지 여부,editorial,0
output_법원 노동판례/근로기준/2236842_근로기준법상의 근로자에 해당하는지 여부의 판단기준.md,crawl,96도732,body_head,prec,근로기준,folder,2236842,근로기준법상의 근로자에 해당하는지 여부의 판단기준,editorial,0
output_법원 노동판례/근로기준/2236865_실습생인 고등학교 졸업예정자의 근로자 해당 기준.md,crawl,86다카2920,body_head,prec,근로기준,folder,2236865,실습생인 고등학교 졸업예정자의 근로자 해당 기준,editorial,0
output_법원 노동판례/근로기준/2236870_근로기준법상의 근로자에 해당하는지 여부의 판단기준.md,crawl,94다22859,body_head,prec,근로기준,folder,2236870,근로기준법상의 근로자에 해당하는지 여부의 판단기준,editorial,0
output_법원 노동판례/근로기준/2236876_사용자의 한 유형인  사업경영담당자의 의미와 판단 기준.md,crawl,2007도1199,body_head,prec,근로기준,folder,2236876,사용자의 한 유형인  사업경영담당자의 의미와 판단 기준,editorial,0
output_법원 노동판례/근로기준/2236882_‘근로자에 관한 사항에 대하여 사업주를 위하여 행동하는 자’의 의미.md,crawl,2008도5984,body_head,prec,근로기준,folder,2236882,‘근로자에 관한 사항에 대하여 사업주를 위하여 행동하는 자’의 의미,editorial,0
output_법원 노동판례/근로기준/2236897_정년이 되는 시기의 해석.md,crawl,71다2669,body_head,prec,근로기준,folder,2236897,정년이 되는 시기의 해석,editorial,0
output_법원 노동판례/근로기준/2236901_진의의 사직서를 근거로 이루어진 근로관계 소멸 통지는 해고가 아니다.md,crawl,95누7765,body_head,prec,근로기준,folder,2236901,진의의 사직서를 근거로 이루어진 근로관계 소멸 통지는 해고가 아니다,editorial,0
output_법원 노동판례/근로기준/2236909_사직서 제출 후 철회할 수 있는지 여부.md,crawl,99두8657,body_head,prec,근로기준,folder,2236909,사직서 제출 후 철회할 수 있는지 여부,editorial,0
output_법원 노동판례/근로기준/2236917_전직원이 책임지는 모습을 보이기 위해 형식상으로 제출한 사직서를 수리한 .md,crawl,2009두15951,body_head,prec,근로기준,folder,2236917,전직원이 책임지는 모습을 보이기 위해 형식상으로 제출한 사직서를 수리한 것은 해고에 해당한다,editorial,0
output_법원 노동판례/근로기준/2236951_계약만료와 동시에 갱신하거나 반복계약하였다면 기간을 모두 합산해야.md,crawl,93다26168,body_head,prec,근로기준,folder,2236951,계약만료와 동시에 갱신하거나 반복계약하였다면 기간을 모두 합산해야,editorial,0
output_법원 노동판례/근로기준/2237135_위탁교육 후의 의무재직기간 근무 불이행시 그 급여를 반환토록 한 약정의 효ᄅ.md,crawl,95다52222,body_head,prec,근로기준,folder,2237135,위탁교육 후의 의무재직기간 근무 불이행시 그 급여를 반환토록 한 약정의 효력,editorial,0
output_법원 노동판례/근로기준/2237140_의무재직기간 근무 불이행시 파견된 해외 회사로부터 지급받은 금품을 반환ᄒ.md,crawl,95다24944,body_head,prec,근로기준,folder,2237140,의무재직기간 근무 불이행시 파견된 해외 회사로부터 지급받은 금품을 반환하기로 한 약정의 효력,editorial,0
output_법원 노동판례/근로기준/2237480_근로관계 자동소멸이 아닌 당연퇴직사유에 따른 퇴직의 법적 성질(해고) 및 다.md,crawl,98두18848,body_head,prec,근로기준,folder,2237480,근로관계 자동소멸이 아닌 당연퇴직사유에 따른 퇴직의 법적 성질(해고) 및 당연퇴직사유 해석 기준,editorial,0
output_법원 노동판례/근로기준/2237499_전직처분의 효력 및 정당한 인사권의 범위 내에 속하는지 여부의 판단기준.md,crawl,93다47677,body_head,prec,근로기준,folder,2237499,전직처분의 효력 및 정당한 인사권의 범위 내에 속하는지 여부의 판단기준,editorial,0
output_법원 노동판례/근로기준/2237507_회사의 전보처분이 권리남용에 해당하는지 여부의 판단기준.md,crawl,95누7130,body_head,prec,근로기준,folder,2237507,회사의 전보처분이 권리남용에 해당하는지 여부의 판단기준,editorial,0
output_법원 노동판례/근로기준/2237516_수습 중인 근로자에 대한 채용거절(=해고)의 정당성.md,crawl,2004구합30122,body_head,prec,근로기준,folder,2237516,수습 중인 근로자에 대한 채용거절(=해고)의 정당성,editorial,0
output_법원 노동판례/근로기준/2237547_부당해고기간 동안의 임금지급 범위.md,crawl,81다626,body_head,prec,근로기준,folder,2237547,부당해고기간 동안의 임금지급 범위,editorial,0
output_법원 노동판례/근로기준/2237555_해고기간 중 발생한 근로자의 중간수입금 공제 여부와 범위.md,crawl,90다카25277,body_head,prec,근로기준,folder,2237555,해고기간 중 발생한 근로자의 중간수입금 공제 여부와 범위,editorial,0
"output_법원 노동판례/근로기준/2237571_근로자에게 신체장해가 있어 업무수행을 할 수 없거나 부적합하게 된 경우, 그 그.md",crawl,95누15728,body_head,prec,근로기준,folder,2237571,"근로자에게 신체장해가 있어 업무수행을 할 수 없거나 부적합하게 된 경우, 그 근로자에 대한 장해해고를 할 수 있는지 여부",editorial,0
output_법원 노동판례/근로기준/2237585_업무상 부상으로 요양중인 근로자에 대해 해고가 제한되는 휴업기간과 휴업기가.md,crawl,91누3321,body_head,prec,근로기준,folder,2237585,업무상 부상으로 요양중인 근로자에 대해 해고가 제한되는 휴업기간과 휴업기간에 해당하지 않는 경우의 기준,editorial,0
output_법원 노동판례/근로기준/2237695_기간을 정하여 채용된 근로자에 대한 갱신계약체결의 거절이 무효인 경우.md,crawl,93다17843,body_head,prec,근로기준,folder,2237695,기간을 정하여 채용된 근로자에 대한 갱신계약체결의 거절이 무효인 경우,editorial,0
output_법원 노동판례/근로기준/2237734_영업의 전부 또는 일부양도가 이루어진 경우에는 원칙적으로 해당 근로자들ᄋ.md,crawl,93다18938,body_head,prec,근로기준,folder,2237734,영업의 전부 또는 일부양도가 이루어진 경우에는 원칙적으로 해당 근로자들의 근로관계가 양수하는 기업에 승계된다,editorial,0
output_법원 노동판례/근로기준/2237744_영업양도의 의미 및 영업의 포괄적 양도와 고용계약의 승계 여부.md,crawl,91다15225,body_head,prec,근로기준,folder,2237744,영업양도의 의미 및 영업의 포괄적 양도와 고용계약의 승계 여부,editorial,0
output_법원 노동판례/근로기준/2238133_해고가 무효인 경우 임금은 임금의 총액에 포섭될 임금이 전부 포함되고 통사.md,crawl,93다11463,body_head,prec,근로기준,folder,2238133,해고가 무효인 경우 임금은 임금의 총액에 포섭될 임금이 전부 포함되고 통상임금으로 국한되는 것은 아니다,editorial,0
output_법원 노동판례/근로기준/2238155_기준근로시간을 초과하는 연장근로를 허용하는 '당자자간의 합의'의 의미.md,crawl,93누5796,body_head,prec,근로기준,folder,2238155,기준근로시간을 초과하는 연장근로를 허용하는 '당자자간의 합의'의 의미,editorial,0
"output_법원 노동판례/근로기준/2238175_근로자 동의 없이 변경한 취업규칙은 기존 재직자에 대해서는 효력이 없지만, .md",crawl,91다45165,body_head,prec,근로기준,folder,2238175,"근로자 동의 없이 변경한 취업규칙은 기존 재직자에 대해서는 효력이 없지만, 신규 입사자에 대하여는 적용된다",editorial,0
output_법원 노동판례/근로기준/2238634_회사 귀책사유에 해당하는 경영상의 필요에 따라 대기발령을 한 경우에도 휴업ᄉ.md,crawl,2012다12870,body_head,prec,근로기준,folder,2238634,회사 귀책사유에 해당하는 경영상의 필요에 따라 대기발령을 한 경우에도 휴업수당을 지급해야 한다.,editorial,0
"output_법원 노동판례/근로기준/2238644_대기시간,휴식, 수면시간도 자유이용이 보장되지 않고 회사의 지휘, 감독하에 놓여 ᄋ.md",crawl,92다24509,body_head,prec,근로기준,folder,2238644,"대기시간,휴식, 수면시간도 자유이용이 보장되지 않고 회사의 지휘, 감독하에 놓여 있다면 근로시간",editorial,0
output_법원 노동판례/근로기준/2238665_근로조건 변경을 내용으로 하는 자구계획서가 변경된 취업규칙으로서 그 효력.md,crawl,2001다63599,body_head,prec,근로기준,folder,2238665,근로조건 변경을 내용으로 하는 자구계획서가 변경된 취업규칙으로서 그 효력이 있다고 한 사례,editorial,0
"output_법원 노동판례/근로기준/2238694_단체협약이 취업규칙보다 근로자에게 더 불리하게 개정된 경우, 취업규칙의 적ᄋ.md",crawl,2002두9063,body_head,prec,근로기준,folder,2238694,"단체협약이 취업규칙보다 근로자에게 더 불리하게 개정된 경우, 취업규칙의 적용이 배제되는지 여부",editorial,0
output_법원 노동판례/근로기준/2246340_대기시간 휴식·수면시간도 지휘·감독을 받고 있다면 근로시간이다..md,crawl,2021다225845,body_head,prec,근로기준,folder,2246340,대기시간 휴식·수면시간도 지휘·감독을 받고 있다면 근로시간이다.,editorial,0
output_법원 노동판례/근로기준/2247259_임금인상 소급분도 고정성을 갖춘 통상임금에 해당한다.md,crawl,2017다56226,body_head,prec,근로기준,folder,2247259,임금인상 소급분도 고정성을 갖춘 통상임금에 해당한다,editorial,0
output_법원 노동판례/근로기준/2247287_통신비지원수수료와 원거리지원수수료가 평균임금에 해당하는지 여부.md,crawl,2021다222914,body_head,prec,근로기준,folder,2247287,통신비지원수수료와 원거리지원수수료가 평균임금에 해당하는지 여부,editorial,0
output_법원 노동판례/근로기준/2261831_1년 계약직 최대 연차휴가는 11일.md,crawl,2021다227100,body_head,prec,근로기준,folder,2261831,1년 계약직 최대 연차휴가는 11일,editorial,0
output_법원 노동판례/근로기준/2279032_근무형태의 개편과 취업규칙 불이익 변경 여부 기준.md,crawl,2018다255488,body_head,prec,근로기준,folder,2279032,근무형태의 개편과 취업규칙 불이익 변경 여부 기준,editorial,0
"output_법원 노동판례/근로기준/2279151_명절상여금은 통상임금이고, 상여금을 통상임금에 포함하여 추가한 법저.md",crawl,2016다7975,body_head,prec,근로기준,folder,2279151,"명절상여금은 통상임금이고, 상여금을 통상임금에 포함하여 추가한 법정수당 청구는 신의칙에 위배되지 않는다",editorial,0
output_법원 노동판례/근로기준/2279188_시용기간도 퇴직금 산정 기초인 계속근로기간에 포함해야 한다.md,crawl,2021다218083,body_head,prec,근로기준,folder,2279188,시용기간도 퇴직금 산정 기초인 계속근로기간에 포함해야 한다,editorial,0
output_법원 노동판례/근로기준/2280982_기간제 근로계약에서 계약갱신 기대권이 인정되지 않은 경우.md,crawl,2009두9789,body_head,prec,근로기준,folder,2280982,기간제 근로계약에서 계약갱신 기대권이 인정되지 않은 경우,editorial,0
output_법원 노동판례/근로기준/2281561_평균임금으로 인정되기 위한 근로의 대상성 유무를 판단하는 기준.md,crawl,94다55934,body_head,prec,근로기준,folder,2281561,평균임금으로 인정되기 위한 근로의 대상성 유무를 판단하는 기준,editorial,0
output_법원 노동판례/근로기준/2282714_퇴직금제도의 차등이 인정되는 경우와 동종의 근로자로 보지 않는 경우.md,crawl,86다카2507,body_head,prec,근로기준,folder,2282714,퇴직금제도의 차등이 인정되는 경우와 동종의 근로자로 보지 않는 경우,editorial,0
output_법원 노동판례/근로기준/2282932_취업규칙을 종전보다 불리하게 변경하기 위한 근로자측의 동의방법.md,crawl,94다23180,body_head,prec,근로기준,folder,2282932,취업규칙을 종전보다 불리하게 변경하기 위한 근로자측의 동의방법,editorial,0
output_법원 노동판례/근로기준/2283000_경영주체 변경에 불과하다면 퇴직금 산정시 근속연수를 합산해야.md,crawl,2001다24662,body_head,prec,근로기준,folder,2283000,경영주체 변경에 불과하다면 퇴직금 산정시 근속연수를 합산해야,editorial,0
output_법원 노동판례/근로기준/2283250_이사 등에게 지급하는 퇴직연금도 압류금지채권에 해당한다.md,crawl,2015다51968,body_head,prec,근로기준,folder,2283250,이사 등에게 지급하는 퇴직연금도 압류금지채권에 해당한다,editorial,0
output_법원 노동판례/근로기준/2283988_법 위반인 취업규칙 또는 단체협약의 개정은 노동조합의 동의를 얻었더라ᄃ.md,crawl,2016다2451,body_head,prec,근로기준,folder,2283988,법 위반인 취업규칙 또는 단체협약의 개정은 노동조합의 동의를 얻었더라도 효력이 없다.,editorial,0
output_법원 노동판례/근로기준/2284714_근로자가 연차휴가를 미사용함에 따라 청구할 수 있는 연차휴가수당이 임금인.md,crawl,2011다4629,body_head,prec,근로기준,folder,2284714,근로자가 연차휴가를 미사용함에 따라 청구할 수 있는 연차휴가수당이 임금인지 여부,editorial,0
output_법원 노동판례/근로기준/2284884_해고가 부당하여 효력이 없더라도 근로자는 해고예고수당을 지급받은 수 있으므ᄅ.md,crawl,2017다16778,body_head,prec,근로기준,folder,2284884,해고가 부당하여 효력이 없더라도 근로자는 해고예고수당을 지급받은 수 있으므로 반환할 필요는 없다,editorial,0
output_법원 노동판례/근로기준/2285258_퇴직연금에 대한 압류명령의 효력.md,crawl,2013다71180,body_head,prec,근로기준,folder,2285258,퇴직연금에 대한 압류명령의 효력,editorial,0
output_법원 노동판례/근로기준/2285302_외국인 근로자에게도 근로기준법과 최저임금법이 적용된다..md,crawl,2006다53627,body_head,prec,근로기준,folder,2285302,외국인 근로자에게도 근로기준법과 최저임금법이 적용된다.,editorial,0
output_법원 노동판례/근로기준/2323891_퇴직금을 일당 속에 포함하여 지급하는 약정의 효력(무효)과 퇴직금 사전 포기 .md,crawl,2000다27671,body_head,prec,근로기준,folder,2323891,퇴직금을 일당 속에 포함하여 지급하는 약정의 효력(무효)과 퇴직금 사전 포기 약정의 효력(무효),editorial,0
"output_법원 노동판례/근로기준/2330222_연차수당은 통상임금으로 지급해야 하고, 휴일을 대체휴가일로 정할 수 없다.md",crawl,2018다239110,body_head,prec,근로기준,folder,2330222,"연차수당은 통상임금으로 지급해야 하고, 휴일을 대체휴가일로 정할 수 없다",editorial,0
output_법원 노동판례/근로기준/2339194_호봉제를 성과연봉제로 변경하는 것은 불이익변경으로 근로자 동의 필요.md,crawl,2019다282371,body_head,prec,근로기준,folder,2339194,호봉제를 성과연봉제로 변경하는 것은 불이익변경으로 근로자 동의 필요,editorial,0
"output_법원 노동판례/근로기준/2343477_정년유지형 임금피크제, 합리적 보상 없으면 나이 차별.md",crawl,2017다292343,body_head,prec,근로기준,folder,2343477,"정년유지형 임금피크제, 합리적 보상 없으면 나이 차별",editorial,0
output_법원 노동판례/근로기준/2343530_근로자에게 취업규칙 불리하게 바꿀 때 근로자의 집단적 동의 없으면 원칙적ᄋ.md,crawl,2017다35588,body_head,prec,근로기준,folder,2343530,근로자에게 취업규칙 불리하게 바꿀 때 근로자의 집단적 동의 없으면 원칙적으로 무효,editorial,0
output_법원 노동판례/근로기준/2346241_묵시적 의사표시에 의한 해고를 인정하기 위한 기준.md,crawl,2022두57695,body_head,prec,근로기준,folder,2346241,묵시적 의사표시에 의한 해고를 인정하기 위한 기준,editorial,0
output_법원 노동판례/근로기준/2350879_텔레마케터(전화상담원)의 근로기준법상 근로자성을 인정한 사례.md,crawl,2016다29890,body_head,prec,근로기준,folder,2350879,텔레마케터(전화상담원)의 근로기준법상 근로자성을 인정한 사례,editorial,0
output_법원 노동판례/근로기준/2353233_고정시간외수당(고정OT수당)은 통상임금에 포함되지 않는다.md,crawl,2020다224739,body_head,prec,근로기준,folder,2353233,고정시간외수당(고정OT수당)은 통상임금에 포함되지 않는다,editorial,0
output_법원 노동판례/근로기준/2353264_소정근로의 대가로 지급되는 고정적인 야간교대수당은 통상임금에 해당.md,crawl,2019다288898,body_head,prec,근로기준,folder,2353264,소정근로의 대가로 지급되는 고정적인 야간교대수당은 통상임금에 해당,editorial,0
output_법원 노동판례/근로기준/2361807_근로자 해당 여부 판단기준과 채권추심원의 근로자 여부.md,crawl,2020다296819,body_head,prec,근로기준,folder,2361807,근로자 해당 여부 판단기준과 채권추심원의 근로자 여부,editorial,0
output_법원 노동판례/근로기준/2361842_아이돌보미는 근로기준법상 근로자.md,crawl,2019다252004,body_head,prec,근로기준,folder,2361842,아이돌보미는 근로기준법상 근로자,editorial,0
output_법원 노동판례/근로기준/2363346_정기상여금은 통상임금에 해당.md,crawl,2022다252578,body_head,prec,근로기준,folder,2363346,정기상여금은 통상임금에 해당,editorial,0
output_법원 노동판례/근로기준/2365606_포괄임금에 연차수당을 포함하는 경우 법정 액수에 미달하는 부분에 한하여 .md,crawl,2019다29778,body_head,prec,근로기준,folder,2365606,포괄임금에 연차수당을 포함하는 경우 법정 액수에 미달하는 부분에 한하여 무효,editorial,0
output_법원 노동판례/근로기준/2366928_1주간 12시간의 연장근로 한도를 위반하였는지 여부를 판단하는 방법.md,crawl,2020도15393,body_head,prec,근로기준,folder,2366928,1주간 12시간의 연장근로 한도를 위반하였는지 여부를 판단하는 방법,editorial,0
output_법원 노동판례/근로기준/2380608_용역업체 변경시 근로자에게 고용승계에 대한 기대권이 인정되는지 판단하느.md,crawl,2016두57045,body_head,prec,근로기준,folder,2380608,용역업체 변경시 근로자에게 고용승계에 대한 기대권이 인정되는지 판단하는 방법,editorial,0
output_법원 노동판례/근로기준/2380821_취업규칙 불이익 변경시 과반수 노동조합이 없는 경우 근로자들의 회의 방식.md,crawl,2001다18322,body_head,prec,근로기준,folder,2380821,취업규칙 불이익 변경시 과반수 노동조합이 없는 경우 근로자들의 회의 방식과 사용자 개입,editorial,0
output_법원 노동판례/근로기준/2382527_영업비밀보호 필요가 인정되면 사전 전직금지약정이 없더라도 전직금지르.md,crawl,2002마4380,body_head,prec,근로기준,folder,2382527,영업비밀보호 필요가 인정되면 사전 전직금지약정이 없더라도 전직금지를 청구할 수 있다.,editorial,0
output_법원 노동판례/근로기준/2382534_근로계약을 취소하더라도 그 효력은 소급적용되지 않는다..md,crawl,2013다25194,body_head,prec,근로기준,folder,2382534,근로계약을 취소하더라도 그 효력은 소급적용되지 않는다.,editorial,0
output_법원 노동판례/근로기준/2382832_어떤 금품이 근로 대상으로 지급된 것인지에 관한 판단 기준(업무성과 포상ᄇ.md,crawl,2010다77514,body_head,prec,근로기준,folder,2382832,어떤 금품이 근로 대상으로 지급된 것인지에 관한 판단 기준(업무성과 포상비의 임금 여부),editorial,0
output_법원 노동판례/근로기준/2382890_특별상여금 기준 등이 확정되지 않고 계속적 정기적으로 지급되지 않으면 이.md,crawl,98다34393,body_head,prec,근로기준,folder,2382890,특별상여금 기준 등이 확정되지 않고 계속적 정기적으로 지급되지 않으면 임금이 아니다.,editorial,0
output_법원 노동판례/근로기준/2382896_정기적 계속적 일률적으로 지급된 특별생산격려금(특별상여금)은 평규.md,crawl,2001다53950,body_head,prec,근로기준,folder,2382896,정기적 계속적 일률적으로 지급된 특별생산격려금(특별상여금)은 평균임금에 포함,editorial,0
output_법원 노동판례/근로기준/2384865_임금인상 소급분은 고정성을 갖추고 있어 통상임금에 해당한다.md,crawl,2016다4747,body_head,prec,근로기준,folder,2384865,임금인상 소급분은 고정성을 갖추고 있어 통상임금에 해당한다,editorial,0
output_법원 노동판례/근로기준/2384947_통상임금이 최저임금보다 적을 경우 최저임금을 기준으로 곧바로 법정수당.md,crawl,2014다49074,body_head,prec,근로기준,folder,2384947,통상임금이 최저임금보다 적을 경우 최저임금을 기준으로 곧바로 법정수당을 계산하는 것은 아니다,editorial,0
output_법원 노동판례/근로기준/2385618_‘실수령액’으로 급여액을 정한 근로계약(네트제)에서의 평균임금에는 사용ᄌ.md,crawl,2016다200200,body_head,prec,근로기준,folder,2385618,‘실수령액’으로 급여액을 정한 근로계약(네트제)에서의 평균임금에는 사용자가 대납한 근로소득세 등도 포함,editorial,0
output_법원 노동판례/근로기준/2385659_부당해고 후 복직시까지의 미지급임금에는 연6%의 지연이자가 발생한다..md,crawl,2014다28305,body_head,prec,근로기준,folder,2385659,부당해고 후 복직시까지의 미지급임금에는 연6%의 지연이자가 발생한다.,editorial,0
output_법원 노동판례/근로기준/2389249_정당한 사유로 출근율이 80%에 미달하는 경우 연차휴가 부여 방법.md,crawl,2015다66052,body_head,prec,근로기준,folder,2389249,정당한 사유로 출근율이 80%에 미달하는 경우 연차휴가 부여 방법,editorial,0
output_법원 노동판례/근로기준/2389505_업무상 부상 질병으로 휴직기간 전부를 연차휴가 부여를 위한 출근율 계산에.md,crawl,2014다232296,body_head,prec,근로기준,folder,2389505,업무상 부상 질병으로 휴직기간 전부를 연차휴가 부여를 위한 출근율 계산에서 출근한 것으로 해야 한다.,editorial,0
output_법원 노동판례/근로기준/2417619_조건부 상여금도 통상임금이다.(대법원 전원합의체).md,crawl,2020다247190,body_head,prec,근로기준,folder,2417619,조건부 상여금도 통상임금이다.(대법원 전원합의체),editorial,0
output_법원 노동판례/근로기준/2427488_해외 파견 근무 후 의무근무 위반을 이유로 한 비용 반환 계약은 무효.md,crawl,2022다208755,body_head,prec,근로기준,folder,2427488,해외 파견 근무 후 의무근무 위반을 이유로 한 비용 반환 계약은 무효,editorial,0
"output_법원 노동판례/근로기준/2438871_1주 소정근로일이 5일 미만인 경우, 유급 주휴수당(주휴시간) 산정 방법.md",crawl,2022다291153,body_head,prec,근로기준,folder,2438871,"1주 소정근로일이 5일 미만인 경우, 유급 주휴수당(주휴시간) 산정 방법",editorial,0
output_법원 노동판례/근로기준/2442241_경영성과급도 근로제공과 직접적으로 관련되거나 밀접하게 관련되었다면 .md,crawl,2021다248299,body_head,prec,근로기준,folder,2442241,경영성과급도 근로제공과 직접적으로 관련되거나 밀접하게 관련되었다면 퇴직금에 포함된다.,editorial,0
output_법원 노동판례/근로기준/2442836_당기순이익 실현을 전제로 경영성과를 분배하는 특별성과급은 임금이 ᄋ.md,crawl,2000다50701,body_head,prec,근로기준,folder,2442836,당기순이익 실현을 전제로 경영성과를 분배하는 특별성과급은 임금이 아니다,editorial,0
"output_법원 노동판례/근로기준/2442843_지급의무를 부담한다고 보기 어렵고, 근로자들이 통제하기 어려운 요인들의 영햐.md",crawl,2021다219994,body_head,prec,근로기준,folder,2442843,"지급의무를 부담한다고 보기 어렵고, 근로자들이 통제하기 어려운 요인들의 영향을 더 크게 받는 영업이익에 따른 경영성과급은 임금이 아니다.",editorial,0
output_법원 노동판례/근로기준/2443215_포괄임금계약시 최저임금 미달 여부를 판단하는 계산방법.md,crawl,2020다300299,body_head,prec,근로기준,folder,2443215,포괄임금계약시 최저임금 미달 여부를 판단하는 계산방법,editorial,0
"output_법원 노동판례/근로기준/403076_회사의 강압으로 서명한 상여금(임금) 삭감, 반납은 무효 (동부생명 사건).md",crawl,98가합104730,body_head,prec,근로기준,folder,403076,"회사의 강압으로 서명한 상여금(임금) 삭감, 반납은 무효 (동부생명 사건)",editorial,0
output_법원 노동판례/근로기준/403659_퇴직금청구권을 사전에 포기하는 계약이나 소송을 제기하지 않겠다는 약속으.md,crawl,2001다41568,body_head,prec,근로기준,folder,403659,퇴직금청구권을 사전에 포기하는 계약이나 소송을 제기하지 않겠다는 약속은 무효,editorial,0
output_법원 노동판례/근로기준/403661_명예퇴직 결정 후 타 회사 취업하면 징계 사유에 해당하고 명예퇴직을 취소할 수 ᄋ.md,crawl,2000다60890,body_head,prec,근로기준,folder,403661,명예퇴직 결정 후 타 회사 취업하면 징계 사유에 해당하고 명예퇴직을 취소할 수 있다,editorial,0
output_법원 노동판례/근로기준/403662_임용규정을 두는 경우 이를 위반해 해당 근로자를 재임용에서 제외했다면 실.md,crawl,,,post,근로기준,folder,403662,임용규정을 두는 경우 이를 위반해 해당 근로자를 재임용에서 제외했다면 실질적 해고,post,0
"output_법원 노동판례/근로기준/403663_회사측이 초과 수익금의 발생 여부와 범위를 확인,관리하면 초과 수익금도 평규.md",crawl,,,post,근로기준,folder,403663,"회사측이 초과 수익금의 발생 여부와 범위를 확인,관리하면 초과 수익금도 평균임금에 포함시켜야",post,0
output_법원 노동판례/근로기준/403664_구조조정 과정에서 노조와 합의한 무급휴직 거부자를 정리해고한 것은 정당.md,crawl,,,post,근로기준,folder,403664,구조조정 과정에서 노조와 합의한 무급휴직 거부자를 정리해고한 것은 정당,post,0
"output_법원 노동판례/근로기준/403669_실질적 근로내용에 따라 퇴직금 지급대상이면, 퇴직금 지급해야.md",crawl,,,post,근로기준,folder,403669,"실질적 근로내용에 따라 퇴직금 지급대상이면, 퇴직금 지급해야",post,0
output_법원 노동판례/근로기준/403670_농지개량조합이 농림부장관의 승인없이 노조와 체결한 임직원 보수 인상 야.md,crawl,2002다24935,body_head,prec,근로기준,folder,403670,농지개량조합이 농림부장관의 승인없이 노조와 체결한 임직원 보수 인상 약정은 무효,editorial,0
output_법원 노동판례/근로기준/403672_성추행 파출소장 해임 정당.md,crawl,2002두6927,body_head,prec,근로기준,folder,403672,성추행 파출소장 해임 정당,editorial,0
output_법원 노동판례/근로기준/403673_노조활동을 위축시킬 목적으로 근로계약기간의 갱신 거부는 부당.md,crawl,,,post,근로기준,folder,403673,노조활동을 위축시킬 목적으로 근로계약기간의 갱신 거부는 부당,post,0
"output_법원 노동판례/근로기준/403676_경영악화로 입사취소하면 정당한 정리해고이지만, 임금은 지급해야.md",crawl,2000다25910,body_head,prec,근로기준,folder,403676,"경영악화로 입사취소하면 정당한 정리해고이지만, 임금은 지급해야",editorial,0
output_법원 노동판례/근로기준/403677_회사쪽 원인제공한 형사처벌 이유로 해고한 것은 부당.md,crawl,91누5204,body_head,prec,근로기준,folder,403677,회사쪽 원인제공한 형사처벌 이유로 해고한 것은 부당,editorial,0
output_법원 노동판례/근로기준/403678_부득이한 사유라도 장기결근자는 사후에라도 사유서 등을 제출해야.md,crawl,2002두9063,body_head,prec,근로기준,folder,403678,부득이한 사유라도 장기결근자는 사후에라도 사유서 등을 제출해야,editorial,0
output_법원 노동판례/근로기준/403679_퇴직금 산정시 통상 생활임금 반영돼야.md,crawl,2000다18714,body_head,prec,근로기준,folder,403679,퇴직금 산정시 통상 생활임금 반영돼야,editorial,0
output_법원 노동판례/근로기준/403680_사직의사 없는 근로자에게 사직서를 작성 제출하게 하였다면 해고에 해당.md,crawl,2005다38270,body_head,prec,근로기준,folder,403680,사직의사 없는 근로자에게 사직서를 작성 제출하게 하였다면 해고에 해당,editorial,0
output_법원 노동판례/근로기준/403681_회사 경영방침에 따른 전적시 종전회사와 전적된 회사 근무기간은 단일기가.md,crawl,2001다71528,body_head,prec,근로기준,folder,403681,회사 경영방침에 따른 전적시 종전회사와 전적된 회사 근무기간은 단일기간,editorial,0
output_법원 노동판례/근로기준/403684_정리해고는 쟁의대상 아니다.md,crawl,99도5380,body_head,prec,근로기준,folder,403684,정리해고는 쟁의대상 아니다,editorial,0
output_법원 노동판례/근로기준/403687_이미 지급청구권이 발생한 임금을 단체협약으로 포기할 수 없다..md,crawl,2001다14665,body_head,prec,근로기준,folder,403687,이미 지급청구권이 발생한 임금을 단체협약으로 포기할 수 없다.,editorial,0
output_법원 노동판례/근로기준/403688_근로자 개인 실적에 따른 성과급은 임금으로 볼 수 없다.md,crawl,2001다76328,body_head,prec,근로기준,folder,403688,근로자 개인 실적에 따른 성과급은 임금으로 볼 수 없다,editorial,0
output_법원 노동판례/근로기준/403689_취업규칙 불이익 변경시 '사용자측의 개입이나 간섭'의 의미 등.md,crawl,2002다23185,body_head,prec,근로기준,folder,403689,취업규칙 불이익 변경시 '사용자측의 개입이나 간섭'의 의미 등,editorial,0
output_법원 노동판례/근로기준/403691_시용 중에 있는 근로자도 객관적이고 합리적 이유 없이 해고해선 안된다.md,crawl,2003다5955,body_head,prec,근로기준,folder,403691,시용 중에 있는 근로자도 객관적이고 합리적 이유 없이 해고해선 안된다,editorial,0
output_법원 노동판례/근로기준/403692_포괄임금계약이 유효하다는 사례(시간외 근무·휴일근무가 당연히 예상되는 경.md,crawl,2004나704,body_head,prec,근로기준,folder,403692,포괄임금계약이 유효하다는 사례(시간외 근무·휴일근무가 당연히 예상되는 경우),editorial,0
output_법원 노동판례/근로기준/403693_가압류만으로 법원에 배당을 요구할 수 있는지.md,crawl,2002다52312,body_head,prec,근로기준,folder,403693,가압류만으로 법원에 배당을 요구할 수 있는지,editorial,0
output_법원 노동판례/근로기준/403694_일방적인 취업규칙 변경이 근로자 동의없이 적용이 가능한지 여부 및 합리ᄉ.md,crawl,2002다57362,body_head,prec,근로기준,folder,403694,일방적인 취업규칙 변경이 근로자 동의없이 적용이 가능한지 여부 및 합리성 유무의 판단기준,editorial,0
output_법원 노동판례/근로기준/403700_대표이사 지휘아래 있는 비등기이사는 근로기준법상 근로자에 해당한다.md,crawl,2003가합6980,body_head,prec,근로기준,folder,403700,대표이사 지휘아래 있는 비등기이사는 근로기준법상 근로자에 해당한다,editorial,0
output_법원 노동판례/근로기준/403701_인사규정에 의한 명령휴직의 효력을 판단하는 기준.md,crawl,2003다63029,body_head,prec,근로기준,folder,403701,인사규정에 의한 명령휴직의 효력을 판단하는 기준,editorial,0
output_법원 노동판례/근로기준/403703_연봉에 퇴직금을 포함시켜 임금을 지급했다 하더라도 퇴직금 지급으로서의 효ᄅ.md,crawl,2005도467,body_head,prec,근로기준,folder,403703,연봉에 퇴직금을 포함시켜 임금을 지급했다 하더라도 퇴직금 지급으로서의 효력은 없다,editorial,0
output_법원 노동판례/근로기준/403705_단체협약의 적용을 받게 되는 동종의 근로자의 의미.md,crawl,2004도1108,body_head,prec,근로기준,folder,403705,단체협약의 적용을 받게 되는 동종의 근로자의 의미,editorial,0
output_법원 노동판례/근로기준/403706_연차휴가를 사용하기 전 근로관계가 종료된 경우 받을 수 있는 연차수당의 범.md,crawl,2003다48549,body_head,prec,근로기준,folder,403706,연차휴가를 사용하기 전 근로관계가 종료된 경우 받을 수 있는 연차수당의 범위,editorial,0
"output_법원 노동판례/근로기준/403707_노사결의 또는 취업규칙 개정에 의한 상여금, 휴가비 반납의 효력.md",crawl,2003다52456,body_head,prec,근로기준,folder,403707,"노사결의 또는 취업규칙 개정에 의한 상여금, 휴가비 반납의 효력",editorial,0
output_법원 노동판례/근로기준/403709_근로계약을 반복체결하는 경우 공백기간에도 계속근로관계가 인정될 수 이.md,crawl,2004나5882,body_head,prec,근로기준,folder,403709,근로계약을 반복체결하는 경우 공백기간에도 계속근로관계가 인정될 수 있다,editorial,0
output_법원 노동판례/근로기준/403711_상여금이 임금으로 인정되기 위한 요건 등.md,crawl,2004다41217,body_head,prec,근로기준,folder,403711,상여금이 임금으로 인정되기 위한 요건 등,editorial,0
"output_법원 노동판례/근로기준/403712_산업연수생(외국인)은 근로자 (근로기준법, 최저임금법 적용여부).md",crawl,2005다50034,body_head,prec,근로기준,folder,403712,"산업연수생(외국인)은 근로자 (근로기준법, 최저임금법 적용여부)",editorial,0
output_법원 노동판례/근로기준/403713_사직서 제출 후 5년이 경과하여 그 무효를 주장하는 것은 부적법하다.md,crawl,2005다45827,body_head,prec,근로기준,folder,403713,사직서 제출 후 5년이 경과하여 그 무효를 주장하는 것은 부적법하다,editorial,0
output_법원 노동판례/근로기준/403715_근로자의 근로계약상 주의의무 위반으로 인한 손해배상청구권의 소멸시효 기간(.md,crawl,2004다22742,body_head,prec,근로기준,folder,403715,근로자의 근로계약상 주의의무 위반으로 인한 손해배상청구권의 소멸시효 기간(=10년),editorial,0
"output_법원 노동판례/근로기준/403716_명예퇴직 신청에 대한 심사,결정 권한 행사의 범위.md",crawl,2005가합50541,body_head,prec,근로기준,folder,403716,"명예퇴직 신청에 대한 심사,결정 권한 행사의 범위",editorial,0
output_법원 노동판례/근로기준/403717_해외연수중이었던 기간도 계속근로연수에 산입되어야 한다.md,crawl,2005가합33355,body_head,prec,근로기준,folder,403717,해외연수중이었던 기간도 계속근로연수에 산입되어야 한다,editorial,0
output_법원 노동판례/근로기준/403718_정리해고의 요건 및 그 요건의 충족 여부의 판단 방법.md,crawl,2003다69393,body_head,prec,근로기준,folder,403718,정리해고의 요건 및 그 요건의 충족 여부의 판단 방법,editorial,0
output_법원 노동판례/근로기준/403719_임금체불죄의 면책사유(임금 등을 기일 안에 지급할 수 없었던 불가피한 사.md,crawl,2005도9230,body_head,prec,근로기준,folder,403719,임금체불죄의 면책사유(임금 등을 기일 안에 지급할 수 없었던 불가피한 사정) 판단 기준,editorial,0
output_법원 노동판례/근로기준/403720_근로자 동의없이 전적이 유효하려면 사실상의 제도로 확립되어 있어야 한다.md,crawl,2005두9873,body_head,prec,근로기준,folder,403720,근로자 동의없이 전적이 유효하려면 사실상의 제도로 확립되어 있어야 한다,editorial,0
output_법원 노동판례/근로기준/403722_시용기간 근무평정이 정당하지 못하면 본계약 체결 거부(해고)는 무효.md,crawl,2002다62432,body_head,prec,근로기준,folder,403722,시용기간 근무평정이 정당하지 못하면 본계약 체결 거부(해고)는 무효,editorial,0
output_법원 노동판례/근로기준/403724_가족수당 중식대 교통비는 통상임금에 포함된다.md,crawl,2005가합57290,body_head,prec,근로기준,folder,403724,가족수당 중식대 교통비는 통상임금에 포함된다,editorial,0
output_법원 노동판례/근로기준/403725_임금체불에 대해 임금지급 위반죄와 별도로 금품청산 위반죄가 성립한다.md,crawl,2005도8364,body_head,prec,근로기준,folder,403725,임금체불에 대해 임금지급 위반죄와 별도로 금품청산 위반죄가 성립한다,editorial,0
output_법원 노동판례/근로기준/403726_이사의 퇴직금을 이사회의 결의가 없었음을 이유로 지급거절할 수 없다.md,crawl,2003다16092,body_head,prec,근로기준,folder,403726,이사의 퇴직금을 이사회의 결의가 없었음을 이유로 지급거절할 수 없다,editorial,0
"output_법원 노동판례/근로기준/403727_평균임금산정에 있어 상여금, 경영성과금,가족수당 등의 포함 여부.md",crawl,2003다54322,body_head,prec,근로기준,folder,403727,"평균임금산정에 있어 상여금, 경영성과금,가족수당 등의 포함 여부",editorial,0
"output_법원 노동판례/근로기준/403728_문서유출, 출근거부가 징계사유에 해당한다고 하더라도 해고처분은 징계권 남용.md",crawl,2005두739,body_head,prec,근로기준,folder,403728,"문서유출, 출근거부가 징계사유에 해당한다고 하더라도 해고처분은 징계권 남용이라는 사례",editorial,0
output_법원 노동판례/근로기준/403730_1개 사업장에서 직종의 특수성에 따라 별도의 취업규칙을 정할 수 있다.md,crawl,91다30828,body_head,prec,근로기준,folder,403730,1개 사업장에서 직종의 특수성에 따라 별도의 취업규칙을 정할 수 있다,editorial,0
output_법원 노동판례/근로기준/403731_부당전보 동안 사용자에게 임금지급의무가 있는지 여부.md,crawl,2006다33531,body_head,prec,근로기준,folder,403731,부당전보 동안 사용자에게 임금지급의무가 있는지 여부,editorial,0
output_법원 노동판례/근로기준/403732_임금 소급인상시 휴업급여 산정의 기초가 되는 평균임금의 증액 여부.md,crawl,2004두2103,body_head,prec,근로기준,folder,403732,임금 소급인상시 휴업급여 산정의 기초가 되는 평균임금의 증액 여부,editorial,0
output_법원 노동판례/근로기준/403733_계열사 동시 정리해고 가능하다(긴박한 경영상의 필요성 판단방법).md,crawl,2005다30580,body_head,prec,근로기준,folder,403733,계열사 동시 정리해고 가능하다(긴박한 경영상의 필요성 판단방법),editorial,0
output_법원 노동판례/근로기준/403734_노사 동수로 징계위원회를 구성하도록 한 경우 노측 징계위원의 위촉 방법.md,crawl,2006다49901,body_head,prec,근로기준,folder,403734,노사 동수로 징계위원회를 구성하도록 한 경우 노측 징계위원의 위촉 방법,editorial,0
output_법원 노동판례/근로기준/403735_24시간 격일제 근무자의 실제 근로시간에서 휴게시간 심야 수면시간 제외 여부.md,crawl,2006다41990,body_head,prec,근로기준,folder,403735,24시간 격일제 근무자의 실제 근로시간에서 휴게시간 심야 수면시간 제외 여부,editorial,0
output_법원 노동판례/근로기준/403737_과도하게 장기간 설정된 대기발령은 무효.md,crawl,2005다3991,body_head,prec,근로기준,folder,403737,과도하게 장기간 설정된 대기발령은 무효,editorial,0
output_법원 노동판례/근로기준/403738_근로자에 해당하는지 여부의 판단 기준(학습지 영업사원).md,crawl,2006다60793,body_head,prec,근로기준,folder,403738,근로자에 해당하는지 여부의 판단 기준(학습지 영업사원),editorial,0
output_법원 노동판례/근로기준/403739_학교 시간강사는 임금을 목적으로 하는 근로자.md,crawl,2005두13018,body_head,prec,근로기준,folder,403739,학교 시간강사는 임금을 목적으로 하는 근로자,editorial,0
output_법원 노동판례/근로기준/403740_해고절차를 거치지 않은 것만으로 사용자를 처벌 할 수 없다.md,crawl,2006노879,body_head,prec,근로기준,folder,403740,해고절차를 거치지 않은 것만으로 사용자를 처벌 할 수 없다,editorial,0
output_법원 노동판례/근로기준/403742_해외연수목적이 교육이 아닌 출장이라면 의무재직기간 이전 퇴직시 연수비용ᄋ.md,crawl,2003다7388,body_head,prec,근로기준,folder,403742,해외연수목적이 교육이 아닌 출장이라면 의무재직기간 이전 퇴직시 연수비용을 상환하지 않아도 된다,editorial,0
output_법원 노동판례/근로기준/403743_퇴직금을 일당 속에 포함하여 지급하는 약정의 효력 (무효).md,crawl,2006나12992,body_head,prec,근로기준,folder,403743,퇴직금을 일당 속에 포함하여 지급하는 약정의 효력 (무효),editorial,0
output_법원 노동판례/근로기준/403744_통상임금에 포함되어야 할 수당을 통상임금에서 제외키로 한 노사합의는 무효.md,crawl,2006다13070,body_head,prec,근로기준,folder,403744,통상임금에 포함되어야 할 수당을 통상임금에서 제외키로 한 노사합의는 무효,editorial,0
output_법원 노동판례/근로기준/403745_회사 비상대책위원회 대표는 사용자로 보아야 한다..md,crawl,,,post,근로기준,folder,403745,회사 비상대책위원회 대표는 사용자로 보아야 한다.,post,0
output_법원 노동판례/근로기준/403747_부당해고된 기간은 연차휴가 부여시 출근일에 포함.md,crawl,2006구합45852,body_head,prec,근로기준,folder,403747,부당해고된 기간은 연차휴가 부여시 출근일에 포함,editorial,0
"output_법원 노동판례/근로기준/403748_연차휴가 신청 절차 규정이 없다면, 전화로 연차휴가를 신청하는 것은 적법ᄒ.md",crawl,92누404,body_head,prec,근로기준,folder,403748,"연차휴가 신청 절차 규정이 없다면, 전화로 연차휴가를 신청하는 것은 적법하다",editorial,0
output_법원 노동판례/근로기준/403749_재직기간 일부를 근속기간에서 제외키로한 단체협약(취업규칙)이 유효하다고 보.md,crawl,2005다28358,body_head,prec,근로기준,folder,403749,재직기간 일부를 근속기간에서 제외키로한 단체협약(취업규칙)이 유효하다고 본 사례,editorial,0
output_법원 노동판례/근로기준/403750_사전에 미리 중간정산하여 매월지급하는 퇴직금의 효력.md,crawl,2007도3725,body_head,prec,근로기준,folder,403750,사전에 미리 중간정산하여 매월지급하는 퇴직금의 효력,editorial,0
output_법원 노동판례/근로기준/403751_당연퇴직 또는 당연면직 처분은 해고처분이므로 합리적으로 판단해야.md,crawl,2007두2067,body_head,prec,근로기준,folder,403751,당연퇴직 또는 당연면직 처분은 해고처분이므로 합리적으로 판단해야,editorial,0
"output_법원 노동판례/근로기준/403752_퇴사하면서 원료 배합비율, 제조공정,각종 실험결과를 가져간 것은 절도.md",crawl,2005도6223,body_head,prec,근로기준,folder,403752,"퇴사하면서 원료 배합비율, 제조공정,각종 실험결과를 가져간 것은 절도",editorial,0
output_법원 노동판례/근로기준/403753_차량임대차 형식의 지입차주 겸 운전기사는 근로자로 볼 수 없다..md,crawl,2000도4901,body_head,prec,근로기준,folder,403753,차량임대차 형식의 지입차주 겸 운전기사는 근로자로 볼 수 없다.,editorial,0
output_법원 노동판례/근로기준/403754_5인미만 회사에서의 해고제한 특약을 위반한 해고의 효력.md,crawl,2007다1418,body_head,prec,근로기준,folder,403754,5인미만 회사에서의 해고제한 특약을 위반한 해고의 효력,editorial,0
output_법원 노동판례/근로기준/403755_사내하도급업체 소속 근로자는 원고용주와 직접고용관계에 있다.md,crawl,2005다75088,body_head,prec,근로기준,folder,403755,사내하도급업체 소속 근로자는 원고용주와 직접고용관계에 있다,editorial,0
output_법원 노동판례/근로기준/403756_직장 내 성희롱 행위자에 대한 징계해고가 정당하다고 볼 수 있는 경우.md,crawl,2007두22498,body_head,prec,근로기준,folder,403756,직장 내 성희롱 행위자에 대한 징계해고가 정당하다고 볼 수 있는 경우,editorial,0
output_법원 노동판례/근로기준/403757_인사규정의 징계시효기간에 관한 규정의 취지와 그 기간의 기산점.md,crawl,2008두2484,body_head,prec,근로기준,folder,403757,인사규정의 징계시효기간에 관한 규정의 취지와 그 기간의 기산점,editorial,0
output_법원 노동판례/근로기준/403758_상당한 노력에 의하여 비밀로 유지된 정보라고 볼 수 없어 영업비밀에 해당하지 ᄋ.md,crawl,2008도3435,body_head,prec,근로기준,folder,403758,상당한 노력에 의하여 비밀로 유지된 정보라고 볼 수 없어 영업비밀에 해당하지 않는다고 한 사례,editorial,0
output_법원 노동판례/근로기준/403762_포괄임금제 근로계약서를 미작성했더라도 전반적인 사정으로 보아 포괄임ᄀ.md,crawl,2007노4706,body_head,prec,근로기준,folder,403762,포괄임금제 근로계약서를 미작성했더라도 전반적인 사정으로 보아 포괄임금계약으로 인정한 사례,editorial,0
output_법원 노동판례/근로기준/403763_영리로 타인의 취업에 개입하는 행위의 의미.md,crawl,2006도7660,body_head,prec,근로기준,folder,403763,영리로 타인의 취업에 개입하는 행위의 의미,editorial,0
"output_법원 노동판례/근로기준/403766_정직,직위해제기간은 연차휴가 부여에 필요한 출근일수에서 제외할 수 있다.md",crawl,2008다41666,body_head,prec,근로기준,folder,403766,"정직,직위해제기간은 연차휴가 부여에 필요한 출근일수에서 제외할 수 있다",editorial,0
output_법원 노동판례/근로기준/403767_근로계약 불이행에 대한 위약금 또는 손해배상액을 예정하는 계약의 의미와 ᄒ.md,crawl,2006다37274,body_head,prec,근로기준,folder,403767,근로계약 불이행에 대한 위약금 또는 손해배상액을 예정하는 계약의 의미와 효력,editorial,0
output_법원 노동판례/근로기준/403768_해외근무 후 의무재직 불이행시 경비반환약정의 효력.md,crawl,2001다53875,body_head,prec,근로기준,folder,403768,해외근무 후 의무재직 불이행시 경비반환약정의 효력,editorial,0
output_법원 노동판례/근로기준/403770_집행유예를 당연퇴직으로 하는 인사규정은 위법하므로 무효이다.md,crawl,2008구합15367,body_head,prec,근로기준,folder,403770,집행유예를 당연퇴직으로 하는 인사규정은 위법하므로 무효이다,editorial,0
output_법원 노동판례/근로기준/403771_회사분할로 분할대상 사업에 종사하던 근로자들의 근로관계는 신설회사에 포.md,crawl,2007구합45583,body_head,prec,근로기준,folder,403771,회사분할로 분할대상 사업에 종사하던 근로자들의 근로관계는 신설회사에 포괄적으로 승계된다,editorial,0
output_법원 노동판례/근로기준/403772_휴업근로자에 대해 휴업수당외 상여금을 지급할 의무는 없다.md,crawl,99가단163593,body_head,prec,근로기준,folder,403772,휴업근로자에 대해 휴업수당외 상여금을 지급할 의무는 없다,editorial,0
"output_법원 노동판례/근로기준/403776_단체협약에 근거가 있고, 근로자가 동의해 적법한 휴일대체가 있었다면 휴일ᄉ.md",crawl,2007다590,body_head,prec,근로기준,folder,403776,"단체협약에 근거가 있고, 근로자가 동의해 적법한 휴일대체가 있었다면 휴일수당을 지급할 필요가 없다",editorial,0
output_법원 노동판례/근로기준/403777_당연 해지사유가 발생한 경우에도 근로관계가 자동으로 소멸하지 않는다.md,crawl,2007다62840,body_head,prec,근로기준,folder,403777,당연 해지사유가 발생한 경우에도 근로관계가 자동으로 소멸하지 않는다,editorial,0
output_법원 노동판례/근로기준/403778_해고회피 노력 및 노조와 성실한 협의를 거쳤더라도 해고기준이 불공정한 정리.md,crawl,2008구합25197,body_head,prec,근로기준,folder,403778,해고회피 노력 및 노조와 성실한 협의를 거쳤더라도 해고기준이 불공정한 정리해고는 위법,editorial,0
output_법원 노동판례/근로기준/403779_근로계약기간이 단지 형식에 불과한 무기계약직에 대한 계약기간 만료통지느.md,crawl,2008구합35835,body_head,prec,근로기준,folder,403779,근로계약기간이 단지 형식에 불과한 무기계약직에 대한 계약기간 만료통지는 해고이다.,editorial,0
output_법원 노동판례/근로기준/403780_통상임금에 산입될 수당을 통상임금에서 제외하는 노사간 합의의 효력.md,crawl,2007가합24292,body_head,prec,근로기준,folder,403780,통상임금에 산입될 수당을 통상임금에서 제외하는 노사간 합의의 효력,editorial,0
output_법원 노동판례/근로기준/403781_강의수입을 55로 배분하고 사업자등록을 한 학원강사를 근로자로 인정한 사ᄅ.md,crawl,2008가합5589,body_head,prec,근로기준,folder,403781,강의수입을 5:5로 배분하고 사업자등록을 한 학원강사를 근로자로 인정한 사례,editorial,0
"output_법원 노동판례/근로기준/403782_인사규정에서 당연퇴직, 징계면직, 직권면직을 규정한 것은 유효하다.md",crawl,2008다62724,body_head,prec,근로기준,folder,403782,"인사규정에서 당연퇴직, 징계면직, 직권면직을 규정한 것은 유효하다",editorial,0
output_법원 노동판례/근로기준/403783_노동조합 내부 문제가 징계사유로 될 수 있는지 여부.md,crawl,2008두22211,body_head,prec,근로기준,folder,403783,노동조합 내부 문제가 징계사유로 될 수 있는지 여부,editorial,0
output_법원 노동판례/근로기준/403785_재계약 심사를 통해 계약갱신을 거절하려면 사회통념상 상당한 합리적인 .md,crawl,2008구합34979,body_head,prec,근로기준,folder,403785,재계약 심사를 통해 계약갱신을 거절하려면 사회통념상 상당한 합리적인 이유가 있어야 한다,editorial,0
output_법원 노동판례/근로기준/403786_잘못된 업무처리를 지시한 회사는 정신적 고통에 대한 손해배상 책임이 있ᄃ.md,crawl,2008가단13531,body_head,prec,근로기준,folder,403786,잘못된 업무처리를 지시한 회사는 정신적 고통에 대한 손해배상 책임이 있다,editorial,0
output_법원 노동판례/근로기준/403787_위임계약을 맺고 채권추심업무로 성과수수료만을 받는 자가 근로자가 아니라고 .md,crawl,2009다6998,body_head,prec,근로기준,folder,403787,위임계약을 맺고 채권추심업무로 성과수수료만을 받는 자가 근로자가 아니라고 본 사례,editorial,0
output_법원 노동판례/근로기준/403788_공사가 일시 중지된 경우 일용직 근로자에 대한 근로관계가 소멸하는지 여부.md,crawl,2009두157,body_head,prec,근로기준,folder,403788,공사가 일시 중지된 경우 일용직 근로자에 대한 근로관계가 소멸하는지 여부,editorial,0
output_법원 노동판례/근로기준/403790_퇴직금으로 매월 지급받은 돈은 통상임금의 일부로 부당이득이 아니다..md,crawl,2008나21324,body_head,prec,근로기준,folder,403790,퇴직금으로 매월 지급받은 돈은 통상임금의 일부로 부당이득이 아니다.,editorial,0
output_법원 노동판례/근로기준/403791_취업규칙의 불이익변경 동의 주체에는 변경 내용 적용이 예상되는 근로자 지.md,crawl,2009두2238,body_head,prec,근로기준,folder,403791,취업규칙의 불이익변경 동의 주체에는 변경 내용 적용이 예상되는 근로자 집단도 포함,editorial,0
output_법원 노동판례/근로기준/403793_위법한 쟁의기간은 평균임금 산정대상기간에서 제외되는 기간이 아니다.md,crawl,2006다17287,body_head,prec,근로기준,folder,403793,위법한 쟁의기간은 평균임금 산정대상기간에서 제외되는 기간이 아니다,editorial,0
output_법원 노동판례/근로기준/414577_대표이사 지위가 형식에 불과하고 근로제공에 대한 임금을 받았다면 근로자에 ᄒ.md,crawl,2009두1440,body_head,prec,근로기준,folder,414577,대표이사 지위가 형식에 불과하고 근로제공에 대한 임금을 받았다면 근로자에 해당,editorial,0
output_법원 노동판례/근로기준/421414_영업비밀의 의미와 그 요건.md,crawl,2006도7916,body_head,prec,근로기준,folder,421414,영업비밀의 의미와 그 요건,editorial,0
output_법원 노동판례/근로기준/423252_예산편성범위를 초과하였더라도 실제로 초과근무한 시간에 대한 임금을 지급.md,crawl,2005다9227,body_head,prec,근로기준,folder,423252,예산편성범위를 초과하였더라도 실제로 초과근무한 시간에 대한 임금을 지급해야,editorial,0
output_법원 노동판례/근로기준/423255_경영상 휴업은 근로기준법에서 정한 휴직에 해당하는 불이익처분이다.md,crawl,2007두10440,body_head,prec,근로기준,folder,423255,경영상 휴업은 근로기준법에서 정한 휴직에 해당하는 불이익처분이다,editorial,0
output_법원 노동판례/근로기준/423257_임금의 일부 항목의 퇴직 전 3개월 임금이 특별한 사유로 통상보다 현저하게 ᄆ.md,crawl,2007다72519,body_head,prec,근로기준,folder,423257,"임금의 일부 항목의 퇴직 전 3개월 임금이 특별한 사유로 통상보다 현저하게 많은 경우, 평균임금 계산",editorial,0
output_법원 노동판례/근로기준/424713_연차휴가를 이용한 부적법 쟁의행위에 대해 무단결근 처리 및 임금삭감은 ᄇ.md,crawl,2008구합2941,body_head,prec,근로기준,folder,424713,연차휴가를 이용한 부적법 쟁의행위에 대해 무단결근 처리 및 임금삭감은 부당노동행위가 아니다,editorial,0
output_법원 노동판례/근로기준/428936_해외연수 중인 근로자에게 이메일로 보낸 해고통지는 유효.md,crawl,2008가합42794,body_head,prec,근로기준,folder,428936,해외연수 중인 근로자에게 이메일로 보낸 해고통지는 유효,editorial,0
"output_법원 노동판례/근로기준/428941_해고를 취소하면, 퇴직금 지급의무는 없다.md",crawl,2009도7908,body_head,prec,근로기준,folder,428941,"해고를 취소하면, 퇴직금 지급의무는 없다",editorial,0
output_법원 노동판례/근로기준/434817_기본급 없이 작업량에 따른 성과급만을 지급받은 자(객공)도 근로자이다..md,crawl,2009다51417,body_head,prec,근로기준,folder,434817,기본급 없이 작업량에 따른 성과급만을 지급받은 자(객공)도 근로자이다.,editorial,0
output_법원 노동판례/근로기준/437747_근로시간 등의 적용예외인 경우라도 초과근로수당을 지급키로 했다면 초과근ᄅ.md,crawl,2009다51158,body_head,prec,근로기준,folder,437747,근로시간 등의 적용예외인 경우라도 초과근로수당을 지급키로 했다면 초과근로수당 지급의무가 있다.,editorial,0
output_법원 노동판례/근로기준/437754_포괄임금제의 성립 여부에 관한 판단방법.md,crawl,2008다57852,body_head,prec,근로기준,folder,437754,포괄임금제의 성립 여부에 관한 판단방법,editorial,0
output_법원 노동판례/근로기준/438976_파업기간 중에 속한 유급휴일에 대한 임금청구권은 없다..md,crawl,2007다73277,body_head,prec,근로기준,folder,438976,파업기간 중에 속한 유급휴일에 대한 임금청구권은 없다.,editorial,0
output_법원 노동판례/근로기준/439374_회사변동(영업양도)시 재직기간(계속근로관계) 사례(종합).md,crawl,2004다34790,body_head,prec,근로기준,folder,439374,회사변동(영업양도)시 재직기간(계속근로관계) 사례(종합),editorial,0
output_법원 노동판례/근로기준/439923_업무상 손해가 발생한 경우 근로자에게 행사할 수 있는 손해배상청구권의 버.md,crawl,2009다59350,body_head,prec,근로기준,folder,439923,업무상 손해가 발생한 경우 근로자에게 행사할 수 있는 손해배상청구권의 범위,editorial,0
output_법원 노동판례/근로기준/441691_해고된 근로자도 회사의 도산시 체당금 지급대상에 포함된다..md,crawl,2009구합2932,body_head,prec,근로기준,folder,441691,해고된 근로자도 회사의 도산시 체당금 지급대상에 포함된다.,editorial,0
output_법원 노동판례/근로기준/444302_매월 일정하게 지급된 근속가산금과 가계보조비 명절휴가비는 통상임금에 ᄑ.md,crawl,2008가단120633,body_head,prec,근로기준,folder,444302,매월 일정하게 지급된 근속가산금과 가계보조비 명절휴가비는 통상임금에 포함된다,editorial,0
output_법원 노동판례/근로기준/448570_반성문 또는 사죄문 의미의 시말서 제출 요구는 효력이 없고 정당한 업무명령.md,crawl,2009두6605,body_head,prec,근로기준,folder,448570,반성문 또는 사죄문 의미의 시말서 제출 요구는 효력이 없고 정당한 업무명령이 아니다,editorial,0
output_법원 노동판례/근로기준/451480_취업규칙을 불리하게 변경하는 경우 회사의 개입이나 간섭의 의미.md,crawl,2009다32362,body_head,prec,근로기준,folder,451480,취업규칙을 불리하게 변경하는 경우 회사의 개입이나 간섭의 의미,editorial,0
output_법원 노동판례/근로기준/451486_이미 발생한 임금채권을 조합원 동의나 수권없이 노조가 반납(반환)할 수 없.md,crawl,2009다76317,body_head,prec,근로기준,folder,451486,이미 발생한 임금채권을 조합원 동의나 수권없이 노조가 반납(반환)할 수 없다.,editorial,0
output_법원 노동판례/근로기준/460878_평균임금 산정시 임금실태조사보고서의 기준시기.md,crawl,2009두19274,body_head,prec,근로기준,folder,460878,평균임금 산정시 임금실태조사보고서의 기준시기,editorial,0
output_법원 노동판례/근로기준/460883_원청회사도 부당노동행위 구제명령의 시정주체가 될 수 있다..md,crawl,2007두8881,body_head,prec,근로기준,folder,460883,원청회사도 부당노동행위 구제명령의 시정주체가 될 수 있다.,editorial,0
output_법원 노동판례/근로기준/471576_경업금지약정의 유효성 판단 기준과 '보호할 가치있는 사용자의 이익'의 의미.md,crawl,2009다82244,body_head,prec,근로기준,folder,471576,경업금지약정의 유효성 판단 기준과 '보호할 가치있는 사용자의 이익'의 의미,editorial,0
output_법원 노동판례/근로기준/487820_해고예고의 방법(해고시점).md,crawl,2009도13833,body_head,prec,근로기준,folder,487820,해고예고의 방법(해고시점),editorial,0
output_법원 노동판례/근로기준/487824_근로기준법상 근로자에 해당하는지 여부의 판단 기준.md,crawl,2009다99396,body_head,prec,근로기준,folder,487824,근로기준법상 근로자에 해당하는지 여부의 판단 기준,editorial,0
output_법원 노동판례/근로기준/495764_매월 지급된 퇴직금 지급의 효력과 부당이득금 인정 여부.md,crawl,2007다90760,body_head,prec,근로기준,folder,495764,매월 지급된 퇴직금 지급의 효력과 부당이득금 인정 여부,editorial,0
output_법원 노동판례/근로기준/502935_근로시간 계산이 어렵지 않다면 포괄임금제 계약이 허용되지 않는다.md,crawl,2008다6052,body_head,prec,근로기준,folder,502935,근로시간 계산이 어렵지 않다면 포괄임금제 계약이 허용되지 않는다,editorial,0
output_법원 노동판례/근로기준/509325_포괄임금계약으로 임금 속에 연차수당을 포함할 수 있는지 여부.md,crawl,96다24699,body_head,prec,근로기준,folder,509325,포괄임금계약으로 임금 속에 연차수당을 포함할 수 있는지 여부,editorial,0
output_법원 노동판례/근로기준/601648_파업기간 중에 포함된 유급휴일에 대한 임금지급을 청구할 수 없다.md,crawl,2008다33399,body_head,prec,근로기준,folder,601648,파업기간 중에 포함된 유급휴일에 대한 임금지급을 청구할 수 없다,editorial,0
output_법원 노동판례/근로기준/610160_이메일 해고통지는 서면에 의한 해고통지가 아니다.md,crawl,2010구합11269,body_head,prec,근로기준,folder,610160,이메일 해고통지는 서면에 의한 해고통지가 아니다,editorial,0
output_법원 노동판례/근로기준/610521_퇴직금 매월 분할 지급 계약이 퇴직금을 안주기 위한 목적이라면 반환하지 ᄋ.md,crawl,2008다9150,body_head,prec,근로기준,folder,610521,퇴직금 매월 분할 지급 계약이 퇴직금을 안주기 위한 목적이라면 반환하지 않아도 된다,editorial,0
output_법원 노동판례/근로기준/612510_후행 해고처분으로 인하여 효력을 상실한 선행 직위해제처분에 대해 별도로 구ᄌ.md,crawl,2007두18406,body_head,prec,근로기준,folder,612510,후행 해고처분으로 인하여 효력을 상실한 선행 직위해제처분에 대해 별도로 구제신청 할 수 있다,editorial,0
output_법원 노동판례/근로기준/623189_인사처분에 대해 노사가 사전합의토록 했더라도 사전합의 없는 인사처분이 유효ᄒ.md,crawl,2007두15797,body_head,prec,근로기준,folder,623189,인사처분에 대해 노사가 사전합의토록 했더라도 사전합의 없는 인사처분이 유효한 경우,editorial,0
"output_법원 노동판례/근로기준/634789_해고가 무효라면, 해고된 근로자도 체당금 청구권이 인정된다..md",crawl,2010두5479,body_head,prec,근로기준,folder,634789,"해고가 무효라면, 해고된 근로자도 체당금 청구권이 인정된다.",editorial,0
output_법원 노동판례/근로기준/634793_징계절차의 하자를 인정하여 징계처분을 취소하고 새롭게 징계처분을 할 수 있.md,crawl,2009다97611,body_head,prec,근로기준,folder,634793,징계절차의 하자를 인정하여 징계처분을 취소하고 새롭게 징계처분을 할 수 있다.,editorial,0
output_법원 노동판례/근로기준/636958_재계약을 원하지 않는다는 의사표시를 하거나 재계약 신청을 포기한 것은 당ᄋ.md,crawl,2008다49417,body_head,prec,근로기준,folder,636958,재계약을 원하지 않는다는 의사표시를 하거나 재계약 신청을 포기한 것은 당연 퇴직,editorial,0
output_법원 노동판례/근로기준/763176_근속승진누락도 구제신청 대상이다.md,crawl,2008구합47494,body_head,prec,근로기준,folder,763176,근속승진누락도 구제신청 대상이다,editorial,0
output_법원 노동판례/근로기준/809093_노조활동의 표현물이 일부 과장 왜곡이라도 전체적으로 진실한 것이면 징계사.md,crawl,2008다29123,body_head,prec,근로기준,folder,809093,노조활동의 표현물이 일부 과장 왜곡이라도 전체적으로 진실한 것이면 징계사유에 해당하지 않는다,editorial,0
output_법원 노동판례/근로기준/809098_국민연금 근로자 부담분을 원천공제한 뒤 납부하지 않았다면 업무상 횡려.md,crawl,2010도13284,body_head,prec,근로기준,folder,809098,국민연금 근로자 부담분을 원천공제한 뒤 납부하지 않았다면 업무상 횡령,editorial,0
output_법원 노동판례/근로기준/814142_부당해고구제 재심판정 취소소송에서 근로자가 패소한 후 다시 해고무효확인소송ᄋ.md,crawl,2010다21962,body_head,prec,근로기준,folder,814142,부당해고구제 재심판정 취소소송에서 근로자가 패소한 후 다시 해고무효확인소송을 제기할 수 있다,editorial,0
output_법원 노동판례/근로기준/814193_사직서 제출과 해고 관련 각종 법원 판례 등(종합).md,crawl,2002다60528,body_head,prec,근로기준,folder,814193,사직서 제출과 해고 관련 각종 법원 판례 등(종합),editorial,0
output_법원 노동판례/근로기준/821303_개별적인 작업거부는 업무방해죄의 ‘위력’에 해당하지 않는다..md,crawl,2010고단478,body_head,prec,근로기준,folder,821303,개별적인 작업거부는 업무방해죄의 ‘위력’에 해당하지 않는다.,editorial,0
output_법원 노동판례/근로기준/838255_연말정산 환급금은 근로기준법의 '그 밖에 일체의 금품'이다.md,crawl,2009도2357,body_head,prec,근로기준,folder,838255,연말정산 환급금은 근로기준법의 '그 밖에 일체의 금품'이다,editorial,0
output_법원 노동판례/근로기준/847355_취업규칙 변경이 무효라도 신규채용자는 변경된 취업규칙이 적용된다.md,crawl,2009다58364,body_head,prec,근로기준,folder,847355,취업규칙 변경이 무효라도 신규채용자는 변경된 취업규칙이 적용된다,editorial,0
output_법원 노동판례/근로기준/851299_직원들을 모집하여 교육·관리하고 그 직원들의 판매실적에 따라 수수료를 지그.md,crawl,2009다37923,body_head,prec,근로기준,folder,851299,직원들을 모집하여 교육·관리하고 그 직원들의 판매실적에 따라 수수료를 지급받는다면 근로자가 아니다,editorial,0
output_법원 노동판례/근로기준/851306_연차휴가를 토요휴무제로 대체하려면 반드시 근로자대표와의 서면합의가 필요하다.md,crawl,2011다23149,body_head,prec,근로기준,folder,851306,연차휴가를 토요휴무제로 대체하려면 반드시 근로자대표와의 서면합의가 필요하다,editorial,0
"output_법원 노동판례/근로기준/858733_회사방침에 따라 사직서 제출 후 퇴사처리하고 즉시 재입사한 경우, 재직기간은 단.md",crawl,2004두14090,body_head,prec,근로기준,folder,858733,"회사방침에 따라 사직서 제출 후 퇴사처리하고 즉시 재입사한 경우, 재직기간은 단절되지 않는다",editorial,0
"output_법원 노동판례/근로기준/865414_근속가산금,급량비,교통보조비,위생수당,위험수당,기말수당,정근수당,체력.md",crawl,2011다22061,body_head,prec,근로기준,folder,865414,"근속가산금,급량비,교통보조비,위생수당,위험수당,기말수당,정근수당,체력단련비,명절휴가비는 통상임금에 해당",editorial,0
"output_법원 노동판례/근로기준/903374_정기적 계속적으로 지급하는 가족수당, 체력단련비, 기술수당, 생산독려수다.md",crawl,90다카19647,body_head,prec,근로기준,folder,903374,"정기적 계속적으로 지급하는 가족수당, 체력단련비, 기술수당, 생산독려수당은 평균임금에 포함",editorial,0
output_법원 노동판례/근로기준/922168_근로자인지 여부를 판단하는 기준과 방법.md,crawl,2010다50601,body_head,prec,근로기준,folder,922168,근로자인지 여부를 판단하는 기준과 방법,editorial,0
output_법원 노동판례/근로기준/922173_임금채권 최우선변제권은 사용자가 그 지위를 취득하기 이전에 설정된 담보무.md,crawl,2011다68777,body_head,prec,근로기준,folder,922173,임금채권 최우선변제권은 사용자가 그 지위를 취득하기 이전에 설정된 담보물권부 채권에 대하여 우선,editorial,0
output_법원 노동판례/근로기준/937411_인센티브(성과급)를 지급규정에 따라 정기적으로 받아왔다면 평균임금에 포ᄒ.md,crawl,2011다23149,body_head,prec,근로기준,folder,937411,인센티브(성과급)를 지급규정에 따라 정기적으로 받아왔다면 평균임금에 포함된다.,editorial,0
output_법원 노동판례/근로기준/937417_부당해고기간 중 받을 수 있는 임금에는 단체협약에 규정된 표창도 포함.md,crawl,2011다20034,body_head,prec,근로기준,folder,937417,부당해고기간 중 받을 수 있는 임금에는 단체협약에 규정된 표창도 포함,editorial,0
output_법원 노동판례/근로기준/944370_평균임금 산정의 기초가 되는 임금 지급근거는 노동관행도 무방하다.md,crawl,2000다18127,body_head,prec,근로기준,folder,944370,평균임금 산정의 기초가 되는 임금 지급근거는 노동관행도 무방하다,editorial,0
output_법원 노동판례/근로기준/952737_경력사칭을 이유로 한 징계해고의 정당성 판단 기준.md,crawl,2009두16763,body_head,prec,근로기준,folder,952737,경력사칭을 이유로 한 징계해고의 정당성 판단 기준,editorial,0
output_법원 노동판례/기타/1247992_동일가치 노동의 의미 및 판단기준과 위법시 손해배상책임 범위.md,crawl,2010다101011,body_head,prec,기타,folder,1247992,동일가치 노동의 의미 및 판단기준과 위법시 손해배상책임 범위,editorial,0
output_법원 노동판례/기타/403686_남녀간 불합리한 임금차별은 유죄.md,crawl,2002도3883,body_head,prec,기타,folder,403686,남녀간 불합리한 임금차별은 유죄,editorial,0
output_법원 노동판례/기타/403708_계약직 근로자가 재임용 제외조치의 유효 여부를 다툴 법률상 이익을 가지는 경.md,crawl,2002두8640,body_head,prec,기타,folder,403708,계약직 근로자가 재임용 제외조치의 유효 여부를 다툴 법률상 이익을 가지는 경우,editorial,0
output_법원 노동판례/기타/403774_정기 노사협의회를 개최하지 않는 경우 처벌대상은 사용자의 지위에 있는 의장ᄋ.md,crawl,2008도8280,body_head,prec,기타,folder,403774,정기 노사협의회를 개최하지 않는 경우 처벌대상은 사용자의 지위에 있는 의장이다.,editorial,0
output_법원 노동판례/기타/403789_산재요양기간에 고용보험료를 납부해도 피보험단위기간에 포함시킬 수 없다.md,crawl,2004구합2859,body_head,prec,기타,folder,403789,산재요양기간에 고용보험료를 납부해도 피보험단위기간에 포함시킬 수 없다,editorial,0
output_법원 노동판례/기타/442109_직급 직군별 정년차별 사례(종합).md,crawl,,,post,기타,folder,442109,직급 직군별 정년차별 사례(종합),post,0
output_법원 노동판례/기타/451476_국민연금 보험료를 임의로 납부하지 않을 권리는 없다..md,crawl,2008두20444,body_head,prec,기타,folder,451476,국민연금 보험료를 임의로 납부하지 않을 권리는 없다.,editorial,0
output_법원 노동판례/노동조합/1239245_파업을 예고한 노조를 상대로 한 사용자측의 설명회가 부당노동행위인지 여부.md,crawl,2011도15497,body_head,prec,노동조합,folder,1239245,파업을 예고한 노조를 상대로 한 사용자측의 설명회가 부당노동행위인지 여부,editorial,0
output_법원 노동판례/노동조합/1286874_노동조합의 안전운행 투쟁과 파업에 대한 손해배상책임을 부정한 사례.md,crawl,2009가합13699,body_head,prec,노동조합,folder,1286874,노동조합의 안전운행 투쟁과 파업에 대한 손해배상책임을 부정한 사례,editorial,0
output_법원 노동판례/노동조합/1286880_교섭창구 단일화 절차 거부 해태는 부당노동행위.md,crawl,2013구합50678,body_head,prec,노동조합,folder,1286880,교섭창구 단일화 절차 거부 해태는 부당노동행위,editorial,0
output_법원 노동판례/노동조합/1440375_단체교섭요구 사실 공고는 하나의 노동조합만이 존재하는 경우에도 적용.md,crawl,,,post,노동조합,folder,1440375,단체교섭요구 사실 공고는 하나의 노동조합만이 존재하는 경우에도 적용,post,0
output_법원 노동판례/노동조합/2015다73050_시간급 통상임금 산정 방식.md,crawl,2015다73050,meta,prec,노동조합,folder,,시간급 통상임금 산정 방식,verbatim,1
output_법원 노동판례/노동조합/2015다73067_시간외근로에 대한 고정수당의 시간급 환산에 관한 법리 변경.md,crawl,2015다73067,meta,prec,노동조합,folder,,시간외근로에 대한 고정수당의 시간급 환산에 관한 법리 변경,editorial,0
output_법원 노동판례/노동조합/2015도12632_쟁의행위로 인한 업무방해에 대한 방조죄 성립 여부.md,crawl,2015도12632,meta,prec,노동조합,folder,,쟁의행위로 인한 업무방해에 대한 방조죄 성립 여부,verbatim,1
output_법원 노동판례/노동조합/2015도1927_제3자의 사업장에서 진행한 쟁의행위의 정당성 인정 사례.md,crawl,2015도1927,meta,prec,노동조합,folder,,제3자의 사업장에서 진행한 쟁의행위의 정당성 인정 사례,verbatim,1
output_법원 노동판례/노동조합/2015도8190_MBC노조 공정방송 확보 목적 파업 정당성 인정 사례.md,crawl,2015도8190,meta,prec,노동조합,folder,,MBC노조 공정방송 확보 목적 파업 정당성 인정 사례,verbatim,1
output_법원 노동판례/노동조합/2016다26662_쌍용자동차노조에 대한 경찰청의 손해배상청구 사건.md,crawl,2016다26662,meta,prec,노동조합,folder,,쌍용자동차노조에 대한 경찰청의 손해배상청구 사건,verbatim,1
output_법원 노동판례/노동조합/2016도11744_방산업체 쟁의행위 부정 사례.md,crawl,2016도11744,meta,prec,노동조합,folder,,방산업체 쟁의행위 부정 사례,verbatim,1
output_법원 노동판례/노동조합/2016도3048_대체근로 금지 위반행위자의 형사책임에 관한 법리.md,crawl,2016도3048,meta,prec,노동조합,folder,,대체근로 금지 위반행위자의 형사책임에 관한 법리,verbatim,1
output_법원 노동판례/노동조합/2016도88_노조위원장을 어용으로 지칭한 경우 모욕죄 인정 사례.md,crawl,2016도88,meta,prec,노동조합,folder,,노조위원장을 어용으로 지칭한 경우 모욕죄 인정 사례,verbatim,1
output_법원 노동판례/노동조합/2016두32992_전교조에 대한 법외노조 통보는 위법무효.md,crawl,2016두32992,meta,prec,노동조합,folder,,전교조에 대한 법외노조 통보는 위법무효,verbatim,1
output_법원 노동판례/노동조합/2017다14581_사내협력업체 근로자의 근로자파견 관계 인정 사례.md,crawl,2017다14581,meta,prec,노동조합,folder,,사내협력업체 근로자의 근로자파견 관계 인정 사례,verbatim,1
output_법원 노동판례/노동조합/2017다215728_단체협약의 단체보험 수익자에 관한 조항 해석 사례.md,crawl,2017다215728,meta,prec,노동조합,folder,,단체협약의 단체보험 수익자에 관한 조항 해석 사례,verbatim,1
output_법원 노동판례/노동조합/2017다242928_택시운전자의 최저임금 미달 여부 판단 사례.md,crawl,2017다242928,meta,prec,노동조합,folder,,택시운전자의 최저임금 미달 여부 판단 사례,verbatim,1
output_법원 노동판례/노동조합/2017다263192_공정대표의무 위반 여부 판단 사례.md,crawl,2017다263192,meta,prec,노동조합,folder,,공정대표의무 위반 여부 판단 사례,verbatim,1
output_법원 노동판례/노동조합/2017다46274_현대차 불법파업 손해배상 책임 주체에 관한 법리.md,crawl,2017다46274,meta,prec,노동조합,folder,,현대차 불법파업 손해배상 책임 주체에 관한 법리,verbatim,1
output_법원 노동판례/노동조합/2017다49013_불법파업에 대한 손해배상액 산정에 관한 법리.md,crawl,2017다49013,meta,prec,노동조합,folder,,불법파업에 대한 손해배상액 산정에 관한 법리,verbatim,1
output_법원 노동판례/노동조합/2017다49020_불법파업에 대한 손해배상액 산정에 관한 법리.md,crawl,2017다49020,meta,prec,노동조합,folder,,불법파업에 대한 손해배상액 산정에 관한 법리,verbatim,1
output_법원 노동판례/노동조합/2017다49037_불법파업에 대한 손해배상액 산정에 관한 법리.md,crawl,2017다49037,meta,prec,노동조합,folder,,불법파업에 대한 손해배상액 산정에 관한 법리,verbatim,1
output_법원 노동판례/노동조합/2017다51603_지배개입의 부당노동행위에 대한 손해배상책임 인정 사례.md,crawl,2017다51603,meta,prec,노동조합,folder,,지배개입의 부당노동행위에 대한 손해배상책임 인정 사례,verbatim,1
output_법원 노동판례/노동조합/2017다51610_자주성 결여 이유 노조설립 무효 사례.md,crawl,2017다51610,meta,prec,노동조합,folder,,자주성 결여 이유 노조설립 무효 사례,verbatim,1
output_법원 노동판례/노동조합/2017다6498_현대차 불법파업 손해배상액 추정에 관한 법리.md,crawl,2017다6498,meta,prec,노동조합,folder,,현대차 불법파업 손해배상액 추정에 관한 법리,verbatim,1
output_법원 노동판례/노동조합/2017도15175_전교조 규약 시정명령 위반죄 면소 판결.md,crawl,2017도15175,meta,prec,노동조합,folder,,전교조 규약 시정명령 위반죄 면소 판결,verbatim,1
output_법원 노동판례/노동조합/2017도2478_노조활동과 시설관리권의 관계에 관한 법리.md,crawl,2017도2478,meta,prec,노동조합,folder,,노조활동과 시설관리권의 관계에 관한 법리,verbatim,1
output_법원 노동판례/노동조합/2017도9835_고공농성 지원행위의 업무방해방조죄 부정 사례.md,crawl,2017도9835,meta,prec,노동조합,folder,,고공농성 지원행위의 업무방해방조죄 부정 사례,verbatim,1
output_법원 노동판례/노동조합/2017두54005_부당노동행위의 주체인 사용자의 범위에 관한 법리.md,crawl,2017두54005,meta,prec,노동조합,folder,,부당노동행위의 주체인 사용자의 범위에 관한 법리,verbatim,1
output_법원 노동판례/노동조합/2017두71604_정리해고 정당성 인정 사례.md,crawl,2017두71604,meta,prec,노동조합,folder,,정리해고 정당성 인정 사례,verbatim,1
output_법원 노동판례/노동조합/2017마5737_긴급이행명령 위반에 대한 과태료 재판의 관할.md,crawl,2017마5737,meta,prec,노동조합,folder,,긴급이행명령 위반에 대한 과태료 재판의 관할,editorial,0
output_법원 노동판례/노동조합/2018다20866_현대차 불법파업 손해배상액 추정에 관한 법리.md,crawl,2018다20866,meta,prec,노동조합,folder,,현대차 불법파업 손해배상액 추정에 관한 법리,verbatim,1
output_법원 노동판례/노동조합/2018다21050_현대차 불법파업 손해배상액 추정에 관한 법리.md,crawl,2018다21050,meta,prec,노동조합,folder,,현대차 불법파업 손해배상액 추정에 관한 법리,verbatim,1
output_법원 노동판례/노동조합/2018다283049_단체협약상 사망퇴직금 지급 순위 규정에 관한 법리.md,crawl,2018다283049,meta,prec,노동조합,folder,,단체협약상 사망퇴직금 지급 순위 규정에 관한 법리,verbatim,1
output_법원 노동판례/노동조합/2018다298904_포괄임금약정 성립 여부 판단 사례.md,crawl,2018다298904,meta,prec,노동조합,folder,,포괄임금약정 성립 여부 판단 사례,verbatim,1
output_법원 노동판례/노동조합/2018다41986_현대차 불법파업 손해배상액 추정에 관한 법리.md,crawl,2018다41986,meta,prec,노동조합,folder,,현대차 불법파업 손해배상액 추정에 관한 법리,verbatim,1
output_법원 노동판례/노동조합/2018두34480_울산과학기술원 징계해고 무효 사건.md,crawl,2018두34480,meta,prec,노동조합,folder,,울산과학기술원 징계해고 무효 사건,verbatim,1
output_법원 노동판례/노동조합/2018두44661_도급 해제에 대한 지배개입의 부당노동행위 부정 사례.md,crawl,2018두44661,meta,prec,노동조합,folder,,도급 해제에 대한 지배개입의 부당노동행위 부정 사례,verbatim,1
output_법원 노동판례/노동조합/2018두62492_정년퇴직자에 대한 촉탁직 근로계약 거부에 관한 법리.md,crawl,2018두62492,meta,prec,노동조합,folder,,정년퇴직자에 대한 촉탁직 근로계약 거부에 관한 법리,verbatim,1
output_법원 노동판례/노동조합/2018재두178_단체협약시정명령의 재심대상 부정 사례.md,crawl,2018재두178,meta,prec,노동조합,folder,,단체협약시정명령의 재심대상 부정 사례,verbatim,1
output_법원 노동판례/노동조합/2019다18426_최저임금 인상분을 반영한 통상임금 기준으로 차액 추가 지급.md,crawl,2019다18426,meta,prec,노동조합,folder,,최저임금 인상분을 반영한 통상임금 기준으로 차액 추가 지급,verbatim,1
output_법원 노동판례/노동조합/2019다223129_일정한 출근율 충족 조건이 붙은 수당의 통상임금 부정 사례.md,crawl,2019다223129,meta,prec,노동조합,folder,,일정한 출근율 충족 조건이 붙은 수당의 통상임금 부정 사례,verbatim,1
output_법원 노동판례/노동조합/2019다230134_차별에 합리적 이유가 있다고 본 사례.md,crawl,2019다230134,meta,prec,노동조합,folder,,차별에 합리적 이유가 있다고 본 사례,verbatim,1
output_법원 노동판례/노동조합/2019다255089_학자금 대출 상환과 근로복지기금의 관계에 관한 법리.md,crawl,2019다255089,meta,prec,노동조합,folder,,학자금 대출 상환과 근로복지기금의 관계에 관한 법리,verbatim,1
output_법원 노동판례/노동조합/2019다262582_공정대표의무 위반 여부 판단 사례.md,crawl,2019다262582,meta,prec,노동조합,folder,,공정대표의무 위반 여부 판단 사례,verbatim,1
output_법원 노동판례/노동조합/2019다289310_연합단체 가입 노조총회 의결 정족수.md,crawl,2019다289310,meta,prec,노동조합,folder,,연합단체 가입 노조총회 의결 정족수,verbatim,1
output_법원 노동판례/노동조합/2019다29013_사내협력업체 근로자의 파견관계 여부 판단 사례.md,crawl,2019다29013,meta,prec,노동조합,folder,,사내협력업체 근로자의 파견관계 여부 판단 사례,verbatim,1
output_법원 노동판례/노동조합/2019다38543_쌍용차 불법파업 손해배상 범위 판단 사례.md,crawl,2019다38543,meta,prec,노동조합,folder,,쌍용차 불법파업 손해배상 범위 판단 사례,verbatim,1
output_법원 노동판례/노동조합/2019도10516_적법한 쟁의행위에 수반된 부수적 행위의 정당성 인정 사례.md,crawl,2019도10516,meta,prec,노동조합,folder,,적법한 쟁의행위에 수반된 부수적 행위의 정당성 인정 사례,verbatim,1
output_법원 노동판례/노동조합/2019도14421_노조 간부들에 관한 의견 표명의 모욕죄 성립 부정 사례.md,crawl,2019도14421,meta,prec,노동조합,folder,,노조 간부들에 관한 의견 표명의 모욕죄 성립 부정 사례,verbatim,1
output_법원 노동판례/노동조합/2019도7370_상대 노조지부장에 대한 모욕 부정 사례.md,crawl,2019도7370,meta,prec,노동조합,folder,,상대 노조지부장에 대한 모욕 부정 사례,verbatim,1
output_법원 노동판례/노동조합/2019두30270_공공기관 경영평가 성괴급 재분배 이유 징계 정당성 부정 사례.md,crawl,2019두30270,meta,prec,노동조합,folder,,공공기관 경영평가 성괴급 재분배 이유 징계 정당성 부정 사례,verbatim,1
output_법원 노동판례/노동조합/2019두40345_쟁의행위 찬반투표 실시 시기에 관한 법리.md,crawl,2019두40345,meta,prec,노동조합,folder,,쟁의행위 찬반투표 실시 시기에 관한 법리,verbatim,1
output_법원 노동판례/노동조합/2019두40611_철도노조 파업 조합원 징계 무효 사례.md,crawl,2019두40611,meta,prec,노동조합,folder,,철도노조 파업 조합원 징계 무효 사례,verbatim,1
output_법원 노동판례/노동조합/2020다229987_교섭창구 단일화 절차 이행가처분 인용 사례.md,crawl,2020다229987,meta,prec,노동조합,folder,,교섭창구 단일화 절차 이행가처분 인용 사례,verbatim,1
output_법원 노동판례/노동조합/2020다267491_대리운전기사의 노조법상 근로자지위 인정 사례.md,crawl,2020다267491,meta,prec,노동조합,folder,,대리운전기사의 노조법상 근로자지위 인정 사례,verbatim,1
output_법원 노동판례/노동조합/2020다270770_블랙리스트 작성자에 대한 징계 정당성 인정 사례.md,crawl,2020다270770,meta,prec,노동조합,folder,,블랙리스트 작성자에 대한 징계 정당성 인정 사례,verbatim,1
output_법원 노동판례/노동조합/2020다294486_단체협약의 일반적 구속력과 임금 반납에 관한 법리.md,crawl,2020다294486,meta,prec,노동조합,folder,,단체협약의 일반적 구속력과 임금 반납에 관한 법리,verbatim,1
output_법원 노동판례/노동조합/2020도11559_협력업체에 대한 원청의 부당노동행위 취업방해 인정 사례.md,crawl,2020도11559,meta,prec,노동조합,folder,,협력업체에 대한 원청의 부당노동행위 취업방해 인정 사례,editorial,0
output_법원 노동판례/노동조합/2020도17789_삼성에버랜드 부당노동행위 인정 사례.md,crawl,2020도17789,meta,prec,노동조합,folder,,삼성에버랜드 부당노동행위 인정 사례,editorial,0
output_법원 노동판례/노동조합/2020두48017_전보처분이 징계절차를 요하는 징계처분으로 인정된 사례.md,crawl,2020두48017,meta,prec,노동조합,folder,,전보처분이 징계절차를 요하는 징계처분으로 인정된 사례,verbatim,1
output_법원 노동판례/노동조합/2021도6634_노조위원장에 대한 허위사실 유포의 업무방해죄 성립 부정 사례.md,crawl,2021도6634,meta,prec,노동조합,folder,,노조위원장에 대한 허위사실 유포의 업무방해죄 성립 부정 사례,verbatim,1
output_법원 노동판례/노동조합/2021도9055_노조원에 의한 주거침입과 업무방해 부정 사례.md,crawl,2021도9055,meta,prec,노동조합,folder,,노조원에 의한 주거침입과 업무방해 부정 사례,verbatim,1
output_법원 노동판례/노동조합/2021두31832_단체협약 정년 나이 해석 사례.md,crawl,2021두31832,meta,prec,노동조합,folder,,단체협약 정년 나이 해석 사례,verbatim,1
output_법원 노동판례/노동조합/2022두53716_복수노조 상황 교섭단위 분리결정 취소 사례.md,crawl,2022두53716,meta,prec,노동조합,folder,,복수노조 상황 교섭단위 분리결정 취소 사례,verbatim,1
output_법원 노동판례/노동조합/2022두57138_교원노동관계 중재재정 정당성 인정 사례.md,crawl,2022두57138,meta,prec,노동조합,folder,,교원노동관계 중재재정 정당성 인정 사례,verbatim,1
output_법원 노동판례/노동조합/2023다251718_삼성 어용노동조합대항노조의 단체협약 무효 인정 사례.md,crawl,2023다251718,meta,prec,노동조합,folder,,삼성 어용노동조합대항노조의 단체협약 무효 인정 사례,verbatim,1
output_법원 노동판례/노동조합/2023두41864_부당노동행위 구제신청 기간 도과 부정 사례.md,crawl,2023두41864,meta,prec,노동조합,folder,,부당노동행위 구제신청 기간 도과 부정 사례,verbatim,1
output_법원 노동판례/노동조합/2023두61370_소수노조 조합원 징계 절차의 공정대표의무 위반 인정 사례.md,crawl,2023두61370,meta,prec,노동조합,folder,,소수노조 조합원 징계 절차의 공정대표의무 위반 인정 사례,verbatim,1
output_법원 노동판례/노동조합/2023추5122_노동조합 사무실지원기준 조례안 효력 인정.md,crawl,2023추5122,meta,prec,노동조합,folder,,노동조합 사무실지원기준 조례안 효력 인정,editorial,0
output_법원 노동판례/노동조합/2024마6760_택배기사 배송센터 노조활동의 정당성 인정 사례.md,crawl,2024마6760,meta,prec,노동조합,folder,,택배기사 배송센터 노조활동의 정당성 인정 사례,editorial,0
output_법원 노동판례/노동조합/2402831_교섭창구단일화는 합헌.md,crawl,2020헌마237,body_head,detc,노동조합,folder,2402831,교섭창구단일화는 합헌,editorial,0
output_법원 노동판례/노동조합/403665_노사 공동결의는 단체교섭이다..md,crawl,,,post,노동조합,folder,403665,노사 공동결의는 단체교섭이다.,post,0
output_법원 노동판례/노동조합/403671_노조 홈페이지 접속차단은 부당노동행위.md,crawl,,,post,노동조합,folder,403671,노조 홈페이지 접속차단은 부당노동행위,post,0
"output_법원 노동판례/노동조합/403683_3개월 이상 휴직 후 퇴직시, 휴직 전 3개월 임금으로 평균임금을 계산하는 사례.md",crawl,98다49357,body_head,prec,노동조합,folder,403683,"3개월 이상 휴직 후 퇴직시, 휴직 전 3개월 임금으로 평균임금을 계산하는 사례",editorial,0
output_법원 노동판례/노동조합/403690_복수노조 설립이 제한되는 ‘하나의 사업 또는 사업장’의 의미.md,crawl,2004다24854,body_head,prec,노동조합,folder,403690,복수노조 설립이 제한되는 ‘하나의 사업 또는 사업장’의 의미,editorial,0
output_법원 노동판례/노동조합/403695_부당노동행위에서 근로자에게 불이익을 주는 행위의 의미.md,crawl,2004도3891,body_head,prec,노동조합,folder,403695,부당노동행위에서 근로자에게 불이익을 주는 행위의 의미,editorial,0
output_법원 노동판례/노동조합/403696_노동조합의 지부가 파업하는 경우 쟁의행위 결의를 할 조합원의 범위.md,crawl,2004도4641,body_head,prec,노동조합,folder,403696,노동조합의 지부가 파업하는 경우 쟁의행위 결의를 할 조합원의 범위,editorial,0
output_법원 노동판례/노동조합/403697_항공노동조합과 항공조종사노동조합이 복수노조인지.md,crawl,2001두8643,body_head,prec,노동조합,folder,403697,항공노동조합과 항공조종사노동조합이 복수노조인지,editorial,0
output_법원 노동판례/노동조합/403702_노사협의회의 협의를 거친 단체협약의 효력 여부.md,crawl,2003다27429,body_head,prec,노동조합,folder,403702,노사협의회의 협의를 거친 단체협약의 효력 여부,editorial,0
output_법원 노동판례/노동조합/403704_단체협약의 일반적 구속력이 인정되기 위한 요건.md,crawl,2003다52456,body_head,prec,노동조합,folder,403704,단체협약의 일반적 구속력이 인정되기 위한 요건,editorial,0
output_법원 노동판례/노동조합/403710_쟁의행위가 금지되는 안전보호시설의 의미 및 판단기준.md,crawl,2002두7425,body_head,prec,노동조합,folder,403710,쟁의행위가 금지되는 안전보호시설의 의미 및 판단기준,editorial,0
output_법원 노동판례/노동조합/403721_회사측의 단체교섭 거부의 정당성 유무의 판단 기준.md,crawl,2005도8606,body_head,prec,노동조합,folder,403721,회사측의 단체교섭 거부의 정당성 유무의 판단 기준,editorial,0
output_법원 노동판례/노동조합/403723_레미콘차주 겸 운송기사는 노동조합및노동관계조정법상의 근로자가 아니다.md,crawl,2005다20910,body_head,prec,노동조합,folder,403723,레미콘차주 겸 운송기사는 노동조합및노동관계조정법상의 근로자가 아니다,editorial,0
output_법원 노동판례/노동조합/403729_노조와 협의 없이 급여규정을 개정한 행위는 부당노동행위에 해당한다.md,crawl,2004누8462,body_head,prec,노동조합,folder,403729,노조와 협의 없이 급여규정을 개정한 행위는 부당노동행위에 해당한다,editorial,0
output_법원 노동판례/노동조합/403759_국가가 노동조합법에서 정한 사용자에 해당하는지 여부.md,crawl,2006다40935,body_head,prec,노동조합,folder,403759,국가가 노동조합법에서 정한 사용자에 해당하는지 여부,editorial,0
output_법원 노동판례/노동조합/403764_제공하던 노조사무실을 폐쇄하는 등 편의제공을 일방적으로 거절하는 것은 ᄇ.md,crawl,2007두15506,body_head,prec,노동조합,folder,403764,제공하던 노조사무실을 폐쇄하는 등 편의제공을 일방적으로 거절하는 것은 부당노동행위,editorial,0
output_법원 노동판례/노동조합/403765_노조활동에 대한 불이익처분을 할 만한 정당한 이유가 있다면 부당노동행ᄋ.md,crawl,2006도7233,body_head,prec,노동조합,folder,403765,노조활동에 대한 불이익처분을 할 만한 정당한 이유가 있다면 부당노동행위가 아니다.,editorial,0
output_법원 노동판례/노동조합/403769_과장급 직원이 노조법에서 정한 비조합원에 해당하는지 여부.md,crawl,2007구합30710,body_head,prec,노동조합,folder,403769,과장급 직원이 노조법에서 정한 비조합원에 해당하는지 여부,editorial,0
output_법원 노동판례/노동조합/403773_산별노조는 기존 기업별 노동조합과 조직대상이 중복되는 복수노조가 아니다..md,crawl,2006두15400,body_head,prec,노동조합,folder,403773,산별노조는 기존 기업별 노동조합과 조직대상이 중복되는 복수노조가 아니다.,editorial,0
output_법원 노동판례/노동조합/403775_산별노조 지부가 있더라도 새로운 기업별 단위노조를 설립한 것은 복수노조가 .md,crawl,2008구합32744,body_head,prec,노동조합,folder,403775,산별노조 지부가 있더라도 새로운 기업별 단위노조를 설립한 것은 복수노조가 아니다.,editorial,0
output_법원 노동판례/노동조합/403784_조합원을 이유로 정리해고한 것이 부당노동행위에 해당하는지 여부의 판단 방ᄇ.md,crawl,2007두25695,body_head,prec,노동조합,folder,403784,조합원을 이유로 정리해고한 것이 부당노동행위에 해당하는지 여부의 판단 방법,editorial,0
output_법원 노동판례/노동조합/403792_산별노조 산하 지회의 쟁의행위 찬반투표 실시 대상.md,crawl,2007두12859,body_head,prec,노동조합,folder,403792,산별노조 산하 지회의 쟁의행위 찬반투표 실시 대상,editorial,0
output_법원 노동판례/노동조합/438971_노조의 전임자 운용권 행사가 권리남용에 해당하는 경우에는 효력이 없다.md,crawl,2009도9347,body_head,prec,노동조합,folder,438971,노조의 전임자 운용권 행사가 권리남용에 해당하는 경우에는 효력이 없다,editorial,0
output_법원 노동판례/노동조합/844394_복수노조와 단체교섭 및 단체협약 체결.md,crawl,2010마1193,body_head,prec,노동조합,folder,844394,복수노조와 단체교섭 및 단체협약 체결,editorial,0
output_법원 노동판례/노동조합/865396_비노조원이 되는 '사업주를 위해 행동하는자'와 '사업주의 이익을 대표하여 행동하.md,crawl,2008두13873,body_head,prec,노동조합,folder,865396,비노조원이 되는 '사업주를 위해 행동하는자'와 '사업주의 이익을 대표하여 행동하는자'의 의미,editorial,0
output_법원 노동판례/노동조합/928964_일시적 실업자 구직중인 자도 노동조합의 주체.md,crawl,2011구합20932,body_head,prec,노동조합,folder,928964,일시적 실업자 구직중인 자도 노동조합의 주체,editorial,0
output_법원 노동판례/노동조합/944265_복수노조 교섭창구 단일화 강제 조항은 위헌이 아니다..md,crawl,2011헌마338,body_head,detc,노동조합,folder,944265,복수노조 교섭창구 단일화 강제 조항은 위헌이 아니다.,editorial,0
output_법원 노동판례/노동조합/952741_부당노동행위의 대상이 되는 노동조합의 업무를 위한 정당한 행위의 의미.md,crawl,2008다29123,body_head,prec,노동조합,folder,952741,부당노동행위의 대상이 되는 노동조합의 업무를 위한 정당한 행위의 의미,editorial,0
output_법원 노동판례/비정규직/1227547_비정규직 차별적 처우의 비교대상 근로자의 업무와 불리한 처우의 기준.md,crawl,2011두7045,body_head,prec,비정규직,folder,1227547,비정규직 차별적 처우의 비교대상 근로자의 업무와 불리한 처우의 기준,editorial,0
output_법원 노동판례/비정규직/1237864_기간제 근로자 사용기간제한(2년)의 예외인 공공일자리 사업을 판단하는 방버.md,crawl,2012두18585,body_head,prec,비정규직,folder,1237864,기간제 근로자 사용기간제한(2년)의 예외인 공공일자리 사업을 판단하는 방법,editorial,0
output_법원 노동판례/비정규직/1244841_불법파견인 경우 사용자를 처벌할 수 있다.md,crawl,2011도34,body_head,prec,비정규직,folder,1244841,불법파견인 경우 사용자를 처벌할 수 있다,editorial,0
output_법원 노동판례/비정규직/1294247_국가중요시설을 경비하는 용역업체 특수경비원들이 시설주의 관리·감독으.md,crawl,2012다79439,body_head,prec,비정규직,folder,1294247,국가중요시설을 경비하는 용역업체 특수경비원들이 시설주의 관리·감독을 받았다는 사실만으로는 근로자파견관계에 있다고 보기 어렵다,editorial,0
output_법원 노동판례/비정규직/1768050_정년이 지난 기간제 근로자에게도 근로계약 갱신기대권이 인정된다.md,crawl,2016두50563,body_head,prec,비정규직,folder,1768050,정년이 지난 기간제 근로자에게도 근로계약 갱신기대권이 인정된다,editorial,0
output_법원 노동판례/비정규직/1785096_정년이 지난 기간제 근로자에게도 근로계약 갱신기대권이 인정된다.md,crawl,2016두50563,body_head,prec,비정규직,folder,1785096,정년이 지난 기간제 근로자에게도 근로계약 갱신기대권이 인정된다,editorial,0
output_법원 노동판례/비정규직/2016다13437_정리해고 후 우선재고용의무위반에 대한 손배책임 인정 사례.md,crawl,2016다13437,meta,prec,비정규직,folder,,정리해고 후 우선재고용의무위반에 대한 손배책임 인정 사례,verbatim,1
output_법원 노동판례/비정규직/2016다239024_파견근로자 직접고용의무 및 차별적 처우 금지에 관한 법리.md,crawl,2016다239024,meta,prec,비정규직,folder,,파견근로자 직접고용의무 및 차별적 처우 금지에 관한 법리,verbatim,1
output_법원 노동판례/비정규직/2017다217724_현대자동차 도급계약의 파견 인정 사례.md,crawl,2017다217724,meta,prec,비정규직,folder,,현대자동차 도급계약의 파견 인정 사례,verbatim,1
output_법원 노동판례/비정규직/2017두52153_굉주광역시 영어회화전문강사 근로계약 종료 통보 유효 인정.md,crawl,2017두52153,meta,prec,비정규직,folder,,굉주광역시 영어회화전문강사 근로계약 종료 통보 유효 인정,verbatim,1
output_법원 노동판례/비정규직/2017두61874_기간제법상 계속사용기간 포함 부정 사례.md,crawl,2017두61874,meta,prec,비정규직,folder,,기간제법상 계속사용기간 포함 부정 사례,verbatim,1
output_법원 노동판례/비정규직/2018다207847_직접고용의무에 따른 채용시 무기 근로계약 체결이 원칙.md,crawl,2018다207847,meta,prec,비정규직,folder,,직접고용의무에 따른 채용시 무기 근로계약 체결이 원칙,verbatim,1
output_법원 노동판례/비정규직/2018다243935_사내협력업체 근로자에 대한 직접고용의무 인정 사례.md,crawl,2018다243935,meta,prec,비정규직,folder,,사내협력업체 근로자에 대한 직접고용의무 인정 사례,verbatim,1
output_법원 노동판례/비정규직/2018다300586_사용사업주에 대한 파견근로자의 최우선변제권 인정 사례.md,crawl,2018다300586,meta,prec,비정규직,folder,,사용사업주에 대한 파견근로자의 최우선변제권 인정 사례,verbatim,1
output_법원 노동판례/비정규직/2018두51201_부산광역시 영어회화전문강사 근로계약 종료 통보 무효 인정.md,crawl,2018두51201,meta,prec,비정규직,folder,,부산광역시 영어회화전문강사 근로계약 종료 통보 무효 인정,verbatim,1
output_법원 노동판례/비정규직/2019다218837_기간제 사립대학 교원의 연쇄적 근로관계 인정 사례.md,crawl,2019다218837,meta,prec,비정규직,folder,,기간제 사립대학 교원의 연쇄적 근로관계 인정 사례,verbatim,1
output_법원 노동판례/비정규직/2019다222829_파견근로자 직접고용 시 적용할 근로조건에 관한 법리.md,crawl,2019다222829,meta,prec,비정규직,folder,,파견근로자 직접고용 시 적용할 근로조건에 관한 법리,verbatim,1
output_법원 노동판례/비정규직/2019다223303_파견근로자 직접고용 시 적용할 근로조건에 관한 법리.md,crawl,2019다223303,meta,prec,비정규직,folder,,파견근로자 직접고용 시 적용할 근로조건에 관한 법리,verbatim,1
output_법원 노동판례/비정규직/2019다28966_사내협력업체 근로자의 파견관계 여부 판단 사례.md,crawl,2019다28966,meta,prec,비정규직,folder,,사내협력업체 근로자의 파견관계 여부 판단 사례,verbatim,1
output_법원 노동판례/비정규직/2019다299393_기업집단 내 전출과 파견의 구별에 관한 법리.md,crawl,2019다299393,meta,prec,비정규직,folder,,기업집단 내 전출과 파견의 구별에 관한 법리,verbatim,1
output_법원 노동판례/비정규직/2019두34807_파견근로자 직접고용 간주시 대기발령의 정당성 인정 사례.md,crawl,2019두34807,meta,prec,비정규직,folder,,파견근로자 직접고용 간주시 대기발령의 정당성 인정 사례,verbatim,1
output_법원 노동판례/비정규직/2019두53952_기간제 근로자 차별처우 인정 사례.md,crawl,2019두53952,meta,prec,비정규직,folder,,기간제 근로자 차별처우 인정 사례,verbatim,1
output_법원 노동판례/비정규직/2019두55262_무기계약직 근로자와 기간제근로자의 차별처우 인정 사례.md,crawl,2019두55262,meta,prec,비정규직,folder,,무기계약직 근로자와 기간제근로자의 차별처우 인정 사례,verbatim,1
output_법원 노동판례/비정규직/2020다270947_파견근로자 직접고용의무 불이행에 대한 손해배상책임 인정.md,crawl,2020다270947,meta,prec,비정규직,folder,,파견근로자 직접고용의무 불이행에 대한 손해배상책임 인정,verbatim,1
output_법원 노동판례/비정규직/2020다272684_해고처분이 아닌 민법상의 고용계약 해지통고로 인정한 사례.md,crawl,2020다272684,meta,prec,비정규직,folder,,해고처분이 아닌 민법상의 고용계약 해지통고로 인정한 사례,verbatim,1
output_법원 노동판례/비정규직/2020다287921_직접고용간주 효과가 발생한 경우 임금과 퇴직금 지급에 관한 법리.md,crawl,2020다287921,meta,prec,비정규직,folder,,직접고용간주 효과가 발생한 경우 임금과 퇴직금 지급에 관한 법리,verbatim,1
output_법원 노동판례/비정규직/2020도16541_기간제 근로자 근로조건 명시 위반 처벌에 관한 법리.md,crawl,2020도16541,meta,prec,비정규직,folder,,기간제 근로자 근로조건 명시 위반 처벌에 관한 법리,verbatim,1
output_법원 노동판례/비정규직/2020두40945_새로운 용역업체의 고용승계 거절의 효력 부정 사례.md,crawl,2020두40945,meta,prec,비정규직,folder,,새로운 용역업체의 고용승계 거절의 효력 부정 사례,verbatim,1
output_법원 노동판례/비정규직/2020두45308_용역업체 변경시 고용승계 기대권 인정 사례.md,crawl,2020두45308,meta,prec,비정규직,folder,,용역업체 변경시 고용승계 기대권 인정 사례,verbatim,1
output_법원 노동판례/비정규직/2020두49355_교육공무직원에 대한 차별적 처우 인정 사례.md,crawl,2020두49355,meta,prec,비정규직,folder,,교육공무직원에 대한 차별적 처우 인정 사례,verbatim,1
output_법원 노동판례/비정규직/2021다169_파견근로자 직접고용 간주시 대기발령의 정당성 인정 사례.md,crawl,2021다169,meta,prec,비정규직,folder,,파견근로자 직접고용 간주시 대기발령의 정당성 인정 사례,verbatim,1
output_법원 노동판례/비정규직/2021다218755_파견근로관계 인정 파견근로자 직접고용 의사표시 청구i.md,crawl,2021다218755,meta,prec,비정규직,folder,,파견근로관계 인정 파견근로자 직접고용 의사표시 청구i,verbatim,1
output_법원 노동판례/비정규직/2021다226558_근로자파견관계 인정 사례 직접고용의무 불이행 책임.md,crawl,2021다226558,meta,prec,비정규직,folder,,근로자파견관계 인정 사례 직접고용의무 불이행 책임,verbatim,1
output_법원 노동판례/비정규직/2021다229588_파견근로자 차별처우에 불법행위 손배책임 인정.md,crawl,2021다229588,meta,prec,비정규직,folder,,파견근로자 차별처우에 불법행위 손배책임 인정,verbatim,1
output_법원 노동판례/비정규직/2021다229601_파견근로자 직접고용 불이행에 불법행위 손배책임 인정.md,crawl,2021다229601,meta,prec,비정규직,folder,,파견근로자 직접고용 불이행에 불법행위 손배책임 인정,verbatim,1
output_법원 노동판례/비정규직/2021다245528_파견근로자 직접고용의무 불이행에 대한 손해배상 인정 사례.md,crawl,2021다245528,meta,prec,비정규직,folder,,파견근로자 직접고용의무 불이행에 대한 손해배상 인정 사례,verbatim,1
output_법원 노동판례/비정규직/2021다245542_불법파견 근로자 직접고용시 적용 근로조건 판단 사례.md,crawl,2021다245542,meta,prec,비정규직,folder,,불법파견 근로자 직접고용시 적용 근로조건 판단 사례,verbatim,1
output_법원 노동판례/비정규직/2021다248053_파견근로자 직접고용의무 불이행에 대한 손해배상책임 인정.md,crawl,2021다248053,meta,prec,비정규직,folder,,파견근로자 직접고용의무 불이행에 대한 손해배상책임 인정,verbatim,1
output_법원 노동판례/비정규직/2021다274069_파견근로자의 고용 의사표시 청구권의 민사시효에 관한 법리.md,crawl,2021다274069,meta,prec,비정규직,folder,,파견근로자의 고용 의사표시 청구권의 민사시효에 관한 법리,verbatim,1
output_법원 노동판례/비정규직/2021다310484_근로자파견 2년 초과 근로자 직접 고용의무 인정 사례.md,crawl,2021다310484,meta,prec,비정규직,folder,,근로자파견 2년 초과 근로자 직접 고용의무 인정 사례,verbatim,1
output_법원 노동판례/비정규직/2021도8361_기간제 교원 공무원 신분 인정 사례 직무유기 부정 사례.md,crawl,2021도8361,meta,prec,비정규직,folder,,기간제 교원 공무원 신분 인정 사례 직무유기 부정 사례,verbatim,1
output_법원 노동판례/비정규직/2021두39034_공공부문 비정규직의 정규직 전환 기대권 인정 사례.md,crawl,2021두39034,meta,prec,비정규직,folder,,공공부문 비정규직의 정규직 전환 기대권 인정 사례,verbatim,1
output_법원 노동판례/비정규직/2021두45114_기간제 근로계약 갱신 거절의 정당성 인정 사례.md,crawl,2021두45114,meta,prec,비정규직,folder,,기간제 근로계약 갱신 거절의 정당성 인정 사례,verbatim,1
output_법원 노동판례/비정규직/2021두49772_사립대 기간제교원 재임용 거부 위법성 인정 사례.md,crawl,2021두49772,meta,prec,비정규직,folder,,사립대 기간제교원 재임용 거부 위법성 인정 사례,verbatim,1
output_법원 노동판례/비정규직/2022다166_직접고용간주 규정에 관한 법리.md,crawl,2022다166,meta,prec,비정규직,folder,,직접고용간주 규정에 관한 법리,verbatim,1
output_법원 노동판례/비정규직/2022다224290_파견근로관계 판단 사례.md,crawl,2022다224290,meta,prec,비정규직,folder,,파견근로관계 판단 사례,verbatim,1
output_법원 노동판례/비정규직/2022다226234_대학 기간제교원 재임용거부처분에 관한 법리.md,crawl,2022다226234,meta,prec,비정규직,folder,,대학 기간제교원 재임용거부처분에 관한 법리,verbatim,1
output_법원 노동판례/비정규직/2022다265635_도급업체와 수급업체 근로자들의 파견근로관계 인정 사례.md,crawl,2022다265635,meta,prec,비정규직,folder,,도급업체와 수급업체 근로자들의 파견근로관계 인정 사례,verbatim,1
output_법원 노동판례/비정규직/2022다270989_직접고용의무 위반 손해배상액 산정시 적용 근로시간.md,crawl,2022다270989,meta,prec,비정규직,folder,,직접고용의무 위반 손해배상액 산정시 적용 근로시간,verbatim,1
output_법원 노동판례/비정규직/2022다276369_파견근로관계 부정 파견근로자 직접고용시 적용 근로조건.md,crawl,2022다276369,meta,prec,비정규직,folder,,파견근로관계 부정 파견근로자 직접고용시 적용 근로조건,verbatim,1
output_법원 노동판례/비정규직/2023도3915_수급업체 근로자들의 파견근로관계 인정 사례.md,crawl,2023도3915,meta,prec,비정규직,folder,,수급업체 근로자들의 파견근로관계 인정 사례,verbatim,1
output_법원 노동판례/비정규직/2024다203891_파견근로자의 직접고용청구권의 소멸시효에 관한 법리.md,crawl,2024다203891,meta,prec,비정규직,folder,,파견근로자의 직접고용청구권의 소멸시효에 관한 법리,verbatim,1
output_법원 노동판례/비정규직/2024다211908_직접고용간주 효과가 발생한 경우에 관한 법리.md,crawl,2024다211908,meta,prec,비정규직,folder,,직접고용간주 효과가 발생한 경우에 관한 법리,verbatim,1
output_법원 노동판례/비정규직/2024다269143_파견근로자 직접고용의무와 실효의 원칙.md,crawl,2024다269143,meta,prec,비정규직,folder,,파견근로자 직접고용의무와 실효의 원칙,verbatim,1
output_법원 노동판례/비정규직/2024다293092_기간제 교원 보수규정취업규칙 변경의 불이익 부정 사례.md,crawl,2024다293092,meta,prec,비정규직,folder,,기간제 교원 보수규정취업규칙 변경의 불이익 부정 사례,verbatim,1
"output_법원 노동판례/비정규직/403746_계약직근로가 형식에 불과하다면, 정당한 사유 없는 갱신계약 거절은 무효.md",crawl,2005두16901,body_head,prec,비정규직,folder,403746,"계약직근로가 형식에 불과하다면, 정당한 사유 없는 갱신계약 거절은 무효",editorial,0
output_법원 노동판례/비정규직/403760_불법파견도 파견근로자보호법에서의 직접고용간주 규정이 적용된다..md,crawl,2007두22320,body_head,prec,비정규직,folder,403760,불법파견도 파견근로자보호법에서의 직접고용간주 규정이 적용된다.,editorial,0
output_법원 노동판례/비정규직/403761_파견근로자의 산재사고에 대한 사용사업주와 파견사업주의 손해배상책임 부담 .md,crawl,2008나6950,body_head,prec,비정규직,folder,403761,파견근로자의 산재사고에 대한 사용사업주와 파견사업주의 손해배상책임 부담 여부,editorial,0
output_법원 노동판례/비정규직/421412_기간제근로자 차별여부에 있어 '동종 또는 유사한 업무'에 대한 판단기준.md,crawl,2008구합24743,body_head,prec,비정규직,folder,421412,기간제근로자 차별여부에 있어 '동종 또는 유사한 업무'에 대한 판단기준,editorial,0
"output_법원 노동판례/비정규직/441712_계약기간을 반복갱신하는 경우, 갱신기대권이 인정되는지 여부의 판단 기주.md",crawl,2008가합61153,body_head,prec,비정규직,folder,441712,"계약기간을 반복갱신하는 경우, 갱신기대권이 인정되는지 여부의 판단 기준",editorial,0
output_법원 노동판례/비정규직/482753_중식대와 통근비를 차별하여 지급한 것은 불리한 처우에 해당.md,crawl,2011두11792,body_head,prec,비정규직,folder,482753,중식대와 통근비를 차별하여 지급한 것은 불리한 처우에 해당,editorial,0
output_법원 노동판례/비정규직/822912_정당한 사유 없는 계약직 갱신 거부는 무효.md,crawl,2007두1729,body_head,prec,비정규직,folder,822912,정당한 사유 없는 계약직 갱신 거부는 무효,editorial,0
output_법원 노동판례/비정규직/922162_사내 하도급(사내하청)은 불법 근로자 파견에 해당한다.md,crawl,2011두7076,body_head,prec,비정규직,folder,922162,사내 하도급(사내하청)은 불법 근로자 파견에 해당한다,editorial,0
output_법원 노동판례/비정규직/952734_근로계약 갱신 기대권이 인정되는 상황에서 재계약 갱신을 거절하였다면 부.md,crawl,2010두8225,body_head,prec,비정규직,folder,952734,근로계약 갱신 기대권이 인정되는 상황에서 재계약 갱신을 거절하였다면 부당해고,editorial,0
"output_법원 노동판례/산재보상/1227554_회사가 설치⋅관리하고 지배⋅관리 시설에서 발생한 업무준비, 합리적 필요적 행.md",crawl,2011구합796,body_head,prec,산재보상,folder,1227554,"회사가 설치⋅관리하고 지배⋅관리 시설에서 발생한 업무준비, 합리적 필요적 행위 중 발생한 사고는 산재",editorial,0
output_법원 노동판례/산재보상/1232617_근로자가 출퇴근 과정 중 교통수단을 선택할 수 없는 상황에서 발생한 재해.md,crawl,2011두28165,body_head,prec,산재보상,folder,1232617,근로자가 출퇴근 과정 중 교통수단을 선택할 수 없는 상황에서 발생한 재해의 산재 여부,editorial,0
output_법원 노동판례/산재보상/1471949_회식을 마친 직후 빙판길에 미끄러져 다친 사고는 업무상 재해.md,crawl,2013구단10176,body_head,prec,산재보상,folder,1471949,회식을 마친 직후 빙판길에 미끄러져 다친 사고는 업무상 재해,editorial,0
output_법원 노동판례/산재보상/1500831_원청 사업주는 하도급 근로자에 대해서도 산업보건안전법상 책임이 있다.md,crawl,2014도3542,body_head,prec,산재보상,folder,1500831,원청 사업주는 하도급 근로자에 대해서도 산업보건안전법상 책임이 있다,editorial,0
output_법원 노동판례/산재보상/1744361_산재보험 가입 근로자의 통상의 출퇴근 재해를 업무상 재해로 불인정하는 것.md,crawl,2014헌바254,body_head,detc,산재보상,folder,1744361,산재보험 가입 근로자의 통상의 출퇴근 재해를 업무상 재해로 불인정하는 것은 차별,editorial,0
"output_법원 노동판례/산재보상/1763837_회식 중 음주사고, 산재인정 기준.md",crawl,2013두25276,body_head,prec,산재보상,folder,1763837,"회식 중 음주사고, 산재인정 기준",editorial,0
output_법원 노동판례/산재보상/2016다248998_현대기아차 특별채용 단체협약 유효 인정 1심 2심 파기.md,crawl,2016다248998,meta,prec,산재보상,folder,,현대기아차 특별채용 단체협약 유효 인정 1심 2심 파기,editorial,0
output_법원 노동판례/산재보상/2016다271455_근로자재해보장보험과 산업재해보상보험 사이의 구상관계.md,crawl,2016다271455,meta,prec,산재보상,folder,,근로자재해보장보험과 산업재해보상보험 사이의 구상관계,verbatim,1
output_법원 노동판례/산재보상/2016두41071_태아의 선천성 질환에 대한 업무상 재해 인정 사례.md,crawl,2016두41071,meta,prec,산재보상,folder,,태아의 선천성 질환에 대한 업무상 재해 인정 사례,verbatim,1
output_법원 노동판례/산재보상/2016두54114_출퇴근재해 개정법 적용시점에 관한 법리.md,crawl,2016두54114,meta,prec,산재보상,folder,,출퇴근재해 개정법 적용시점에 관한 법리,verbatim,1
output_법원 노동판례/산재보상/2017두45933_업무와 재해의 상당인과관계 증명책임.md,crawl,2017두45933,meta,prec,산재보상,folder,,업무와 재해의 상당인과관계 증명책임,editorial,0
output_법원 노동판례/산재보상/2018두35391_회식 후 귀가 중 교통사고로 사망한 경우 업무상 재해 인정 사례.md,crawl,2018두35391,meta,prec,산재보상,folder,,회식 후 귀가 중 교통사고로 사망한 경우 업무상 재해 인정 사례,verbatim,1
output_법원 노동판례/산재보상/2018두43958_요양중인 시용근로자에 대한 본채용 거부 정당성 부정 사례.md,crawl,2018두43958,meta,prec,산재보상,folder,,요양중인 시용근로자에 대한 본채용 거부 정당성 부정 사례,verbatim,1
output_법원 노동판례/산재보상/2018두53238_평균임금 정정신청 거부처분 취소소송에서의 증명책임.md,crawl,2018두53238,meta,prec,산재보상,folder,,평균임금 정정신청 거부처분 취소소송에서의 증명책임,verbatim,1
output_법원 노동판례/산재보상/2018두60380_직업병 진단시 산재보험법상 평균임금 산정 사례.md,crawl,2018두60380,meta,prec,산재보상,folder,,직업병 진단시 산재보험법상 평균임금 산정 사례,verbatim,1
output_법원 노동판례/산재보상/2019다208472_업무상 재해에 대한 손해배상 산정 사례.md,crawl,2019다208472,meta,prec,산재보상,folder,,업무상 재해에 대한 손해배상 산정 사례,verbatim,1
output_법원 노동판례/산재보상/2019두31426_석탄산업법에 따른 재해위로금 수급권자 인정 사례.md,crawl,2019두31426,meta,prec,산재보상,folder,,석탄산업법에 따른 재해위로금 수급권자 인정 사례,verbatim,1
output_법원 노동판례/산재보상/2019두45616_평균임금 증감 제도에 관한 법리.md,crawl,2019두45616,meta,prec,산재보상,folder,,평균임금 증감 제도에 관한 법리,verbatim,1
output_법원 노동판례/산재보상/2019두54719_특례평균임금 산정에 관한 법리.md,crawl,2019두54719,meta,prec,산재보상,folder,,특례평균임금 산정에 관한 법리,verbatim,1
output_법원 노동판례/산재보상/2019두55859_시용試用 근로관계에 관한 법리.md,crawl,2019두55859,meta,prec,산재보상,folder,,시용試用 근로관계에 관한 법리,verbatim,1
output_법원 노동판례/산재보상/2019두60523_석탄산업법에 따른 재해위로금 수급권자 인정 사례.md,crawl,2019두60523,meta,prec,산재보상,folder,,석탄산업법에 따른 재해위로금 수급권자 인정 사례,verbatim,1
output_법원 노동판례/산재보상/2019두61717_석탄산업법에 따른 재해위로금 수급권자 인정 사례.md,crawl,2019두61717,meta,prec,산재보상,folder,,석탄산업법에 따른 재해위로금 수급권자 인정 사례,verbatim,1
output_법원 노동판례/산재보상/2019두62604_장시간 근로와 주야간 교대제 근무로 인한 과로사 인정 사례.md,crawl,2019두62604,meta,prec,산재보상,folder,,장시간 근로와 주야간 교대제 근무로 인한 과로사 인정 사례,verbatim,1
output_법원 노동판례/산재보상/2020다216240_업무상 재해에 대한 손해배상 산정 사례.md,crawl,2020다216240,meta,prec,산재보상,folder,,업무상 재해에 대한 손해배상 산정 사례,verbatim,1
output_법원 노동판례/산재보상/2020다229260_불법행위 피해자에게 보험급여 지급한 근로복지공단의 구상권의 범위.md,crawl,2020다229260,meta,prec,산재보상,folder,,불법행위 피해자에게 보험급여 지급한 근로복지공단의 구상권의 범위,verbatim,1
output_법원 노동판례/산재보상/2020다271650_도시 일용근로자의 월 가동일수를 20일로 본 사례.md,crawl,2020다271650,meta,prec,산재보상,folder,,도시 일용근로자의 월 가동일수를 20일로 본 사례,verbatim,1
output_법원 노동판례/산재보상/2020두31699_석탄산업법에 따른 재해위로금 수급권자 인정 사례.md,crawl,2020두31699,meta,prec,산재보상,folder,,석탄산업법에 따른 재해위로금 수급권자 인정 사례,verbatim,1
output_법원 노동판례/산재보상/2020두31774_장해급여청구권의 소멸사효 완성에 관한 법리와 부정 사례.md,crawl,2020두31774,meta,prec,산재보상,folder,,장해급여청구권의 소멸사효 완성에 관한 법리와 부정 사례,verbatim,1
output_법원 노동판례/산재보상/2020두34308_진폐 근로자에 대한 재해위로금 지급에 관한 법리.md,crawl,2020두34308,meta,prec,산재보상,folder,,진폐 근로자에 대한 재해위로금 지급에 관한 법리,verbatim,1
output_법원 노동판례/산재보상/2020두36168_업무상 재해 인정 - 과로사.md,crawl,2020두36168,meta,prec,산재보상,folder,,업무상 재해 인정 - 과로사,verbatim,1
output_법원 노동판례/산재보상/2020두39228_휴업급여와 장해급여 중복지급 부정 사례.md,crawl,2020두39228,meta,prec,산재보상,folder,,휴업급여와 장해급여 중복지급 부정 사례,verbatim,1
output_법원 노동판례/산재보상/2020두39297_과로사 인정 사례.md,crawl,2020두39297,meta,prec,산재보상,folder,,과로사 인정 사례,verbatim,1
output_법원 노동판례/산재보상/2020두39808_휴업급여와 장해보상연금 지급에 관한 법리.md,crawl,2020두39808,meta,prec,산재보상,folder,,휴업급여와 장해보상연금 지급에 관한 법리,verbatim,1
output_법원 노동판례/산재보상/2021다203135_산업재해 관련 손해배상책임의 구상관계에 관한 법리.md,crawl,2021다203135,meta,prec,산재보상,folder,,산업재해 관련 손해배상책임의 구상관계에 관한 법리,verbatim,1
output_법원 노동판례/산재보상/2021다241618_제3자 재해에 대한 구상금 청구의 과실상계에 관한 법리.md,crawl,2021다241618,meta,prec,산재보상,folder,,제3자 재해에 대한 구상금 청구의 과실상계에 관한 법리,verbatim,1
output_법원 노동판례/산재보상/2021다263748_업무상 재해를 가한 동료근로자의 제3자 해당 부정 사례.md,crawl,2021다263748,meta,prec,산재보상,folder,,업무상 재해를 가한 동료근로자의 제3자 해당 부정 사례,verbatim,1
output_법원 노동판례/산재보상/2021두34275_업무상 재해 피해자 자살의 업무상 재해 인정 사례.md,crawl,2021두34275,meta,prec,산재보상,folder,,업무상 재해 피해자 자살의 업무상 재해 인정 사례,verbatim,1
output_법원 노동판례/산재보상/2021두35438_재요양 진단일을 평균임금 산정사유 발생일로 본 사례.md,crawl,2021두35438,meta,prec,산재보상,folder,,재요양 진단일을 평균임금 산정사유 발생일로 본 사례,verbatim,1
output_법원 노동판례/산재보상/2021두37687_공공근로사업 종사 일용직의 업무상 재해 인정 사례.md,crawl,2021두37687,meta,prec,산재보상,folder,,공공근로사업 종사 일용직의 업무상 재해 인정 사례,verbatim,1
output_법원 노동판례/산재보상/2021두45633_학교 경비원 과로사 인정 사례.md,crawl,2021두45633,meta,prec,산재보상,folder,,학교 경비원 과로사 인정 사례,verbatim,1
output_법원 노동판례/산재보상/2022다214040_근로복지공단 대위권 행사범위 새로운법리.md,crawl,2022다214040,meta,prec,산재보상,folder,,근로복지공단 대위권 행사범위 새로운법리,editorial,0
output_법원 노동판례/산재보상/2022두30072_중앙선 침범 교통사고 사망의 업무상 재해 인정 사례.md,crawl,2022두30072,meta,prec,산재보상,folder,,중앙선 침범 교통사고 사망의 업무상 재해 인정 사례,verbatim,1
output_법원 노동판례/산재보상/2022두33385_진폐판정절차의 기속성 및 적용에 관한 법리.md,crawl,2022두33385,meta,prec,산재보상,folder,,진폐판정절차의 기속성 및 적용에 관한 법리,verbatim,1
output_법원 노동판례/산재보상/2022두47391_콜센터 근로자 업무상 재해 인정 사례.md,crawl,2022두47391,meta,prec,산재보상,folder,,콜센터 근로자 업무상 재해 인정 사례,verbatim,1
output_법원 노동판례/산재보상/2022두51598_진폐 광부에게 지급하는 재해위로금 산정 사례.md,crawl,2022두51598,meta,prec,산재보상,folder,,진폐 광부에게 지급하는 재해위로금 산정 사례,verbatim,1
output_법원 노동판례/산재보상/2022두64518_평균임금 산정에 관한 법리.md,crawl,2022두64518,meta,prec,산재보상,folder,,평균임금 산정에 관한 법리,verbatim,1
output_법원 노동판례/산재보상/2023다239718_근로복지공단 가해자 보험자 대위청구.md,crawl,2023다239718,meta,prec,산재보상,folder,,근로복지공단 가해자 보험자 대위청구,editorial,0
output_법원 노동판례/산재보상/2023다297141_산재 손해배상 산정의 과실상계 적용에 관한 법리.md,crawl,2023다297141,meta,prec,산재보상,folder,,산재 손해배상 산정의 과실상계 적용에 관한 법리,verbatim,1
output_법원 노동판례/산재보상/2023두56712_진폐장해위로금 지급에 관한 법리.md,crawl,2023두56712,meta,prec,산재보상,folder,,진폐장해위로금 지급에 관한 법리,verbatim,1
output_법원 노동판례/산재보상/2023두63413_2023두63413 진폐근로자의 유족급여에 적용할 평균임ᄀ.md,crawl,2023두63413,meta,prec,산재보상,folder,,2023두63413 진폐근로자의 유족급여에 적용할 평균임금 산정에 관한 법ᄅ,verbatim,1
output_법원 노동판례/산재보상/2024두50063_장해등급 결정 사례.md,crawl,2024두50063,meta,prec,산재보상,folder,,장해등급 결정 사례,verbatim,1
output_법원 노동판례/산재보상/2025다211133_산재보험과 자동차보험책임보험 사이의 구상금 산정 사례.md,crawl,2025다211133,meta,prec,산재보상,folder,,산재보험과 자동차보험책임보험 사이의 구상금 산정 사례,verbatim,1
output_법원 노동판례/산재보상/403666_업무시간중 음주로 싸워도 '직무수행중 사고'.md,crawl,,,post,산재보상,folder,403666,업무시간중 음주로 싸워도 '직무수행중 사고',post,0
output_법원 노동판례/산재보상/403667_업무량 늘어 지병악화는 업무상 재해.md,crawl,2013두24860,body_head,prec,산재보상,folder,403667,업무량 늘어 지병악화는 업무상 재해,editorial,0
output_법원 노동판례/산재보상/403668_업무스트레스탓 간암발생이라면 요양신청 타당하다.md,crawl,,,post,산재보상,folder,403668,업무스트레스탓 간암발생이라면 요양신청 타당하다,post,0
output_법원 노동판례/산재보상/403682_기존 질환 증세가 과로와 스트레스 때문에 급격하게 악화되어 발생한 것은 업무.md,crawl,2013두24860,body_head,prec,산재보상,folder,403682,기존 질환 증세가 과로와 스트레스 때문에 급격하게 악화되어 발생한 것은 업무상재해,editorial,0
output_법원 노동판례/산재보상/403698_출장의 종료시점과 업무상 재해 해당 여부에 관한 판단기준.md,crawl,2004두6709,body_head,prec,산재보상,folder,403698,출장의 종료시점과 업무상 재해 해당 여부에 관한 판단기준,editorial,0
output_법원 노동판례/산재보상/403699_동료근로자의 행위로 업무상 재해가 발생한 경우 그 동료근로자에게 구상권을 .md,crawl,2003다33691,body_head,prec,산재보상,folder,403699,동료근로자의 행위로 업무상 재해가 발생한 경우 그 동료근로자에게 구상권을 행사할 수 없다,editorial,0
"output_법원 노동판례/산재보상/403714_업무와 재해 사이의 인과관계를 증명할 책임 소재, 판단 기준, 증명 정도.md",crawl,2005두8009,body_head,prec,산재보상,folder,403714,"업무와 재해 사이의 인과관계를 증명할 책임 소재, 판단 기준, 증명 정도",editorial,0
output_법원 노동판례/산재보상/403736_출퇴근 과정에서 발생한 교통사고가 업무상 재해에 해당하는지 여부.md,crawl,2006구합1818,body_head,prec,산재보상,folder,403736,출퇴근 과정에서 발생한 교통사고가 업무상 재해에 해당하는지 여부,editorial,0
output_법원 노동판례/산재보상/403741_회사밖의 행사나 모임 중 발생한 재해가 업무상 재해에 해당하기 위한 요건.md,crawl,2007두3695,body_head,prec,산재보상,folder,403741,회사밖의 행사나 모임 중 발생한 재해가 업무상 재해에 해당하기 위한 요건,editorial,0
output_법원 노동판례/산재보상/428930_해외 자회사에 파견근무 중 발생한 업무상재해도 산재.md,crawl,2008구단10891,body_head,prec,산재보상,folder,428930,해외 자회사에 파견근무 중 발생한 업무상재해도 산재,editorial,0
output_법원 노동판례/산재보상/753944_업무상재해와 출퇴근 행위의 의미.md,crawl,2010두10181,body_head,prec,산재보상,folder,753944,업무상재해와 출퇴근 행위의 의미,editorial,0
output_법원 노동판례/산재보상/928955_사업주는 근로자가 안전장비를 제대로 착용·사용토록 할 관리·감독의무까지 ᄋ.md,crawl,2011고단1935,body_head,prec,산재보상,folder,928955,사업주는 근로자가 안전장비를 제대로 착용·사용토록 할 관리·감독의무까지 있다,editorial,0
output_판례_보강/2000다15869_부당이득금.md,letec,2000다15869,meta,prec,민사,meta,,부당이득금,exempt,1
output_판례_보강/2000다18127_임금.md,letec,2000다18127,meta,prec,민사,meta,,임금,exempt,1
output_판례_보강/2000다18608_퇴직금.md,letec,2000다18608,meta,prec,민사,meta,,퇴직금,exempt,1
output_판례_보강/2000다2023_손해배상(자).md,letec,2000다2023,meta,prec,민사,meta,,손해배상(자),exempt,1
output_판례_보강/2000다22591_노임.md,letec,2000다22591,meta,prec,민사,meta,,노임,exempt,1
output_판례_보강/2000다23815_해고무효확인.md,letec,2000다23815,meta,prec,민사,meta,,해고무효확인,exempt,1
output_판례_보강/2000다2443_전부금.md,letec,2000다2443,meta,prec,민사,meta,,전부금,exempt,1
output_판례_보강/2000다29370_임금.md,letec,2000다29370,meta,prec,민사,meta,,임금,exempt,1
output_판례_보강/2000다45419_구상금.md,letec,2000다45419,meta,prec,민사,meta,,구상금,exempt,1
output_판례_보강/2000다51919_해고무효확인.md,letec,2000다51919,meta,prec,민사,meta,,해고무효확인,exempt,1
output_판례_보강/2000다5336_채무부존재확인·양수금.md,letec,2000다5336,meta,prec,민사,meta,,채무부존재확인·양수금,exempt,1
output_판례_보강/2000다60630_임금.md,letec,2000다60630,meta,prec,민사,meta,,임금,exempt,1
output_판례_보강/2000다61312_임금.md,letec,2000다61312,meta,prec,민사,meta,,임금,exempt,1
output_판례_보강/2000다62322_구상금.md,letec,2000다62322,meta,prec,민사,meta,,구상금,exempt,1
output_판례_보강/2000다63752_구상금.md,letec,2000다63752,meta,prec,민사,meta,,구상금,exempt,1
output_판례_보강/2000다65239_퇴직금.md,letec,2000다65239,meta,prec,민사,meta,,퇴직금,exempt,1
output_판례_보강/2000도2871_업무방해.md,letec,2000도2871,meta,prec,형사,meta,,업무방해,exempt,1
output_판례_보강/2000도4299_근로기준법위반.md,letec,2000도4299,meta,prec,형사,meta,,근로기준법위반,exempt,1
output_판례_보강/2000도5716_폭력행위등처벌에관한법률위반·명예훼손(추가로인정된죄명 폭행·협박).md,letec,2000도5716,meta,prec,형사,meta,,폭력행위등처벌에관한법률위반·명예훼손(추가로인정된죄명:폭행·협박),exempt,1
output_판례_보강/2000두2723_임금채권부담금부과처분취소.md,letec,2000두2723,meta,prec,일반행정,meta,,임금채권부담금부과처분취소,exempt,1
output_판례_보강/2000두4538_산재요양불승인처분취소.md,letec,2000두4538,meta,prec,일반행정,meta,,산재요양불승인처분취소,exempt,1
output_판례_보강/2000두6268_장해연금지급중지처분취소.md,letec,2000두6268,meta,prec,일반행정,meta,,장해연금지급중지처분취소,exempt,1
output_판례_보강/2000두7605_징계해고재심신청기각결정취소.md,letec,2000두7605,meta,prec,일반행정,meta,,징계해고재심신청기각결정취소,exempt,1
output_판례_보강/2000두8011_부당대기구제재심판정취소.md,letec,2000두8011,meta,prec,일반행정,meta,,부당대기구제재심판정취소,exempt,1
output_판례_보강/2000두8455_부당해고구제재심판정취소.md,letec,2000두8455,meta,prec,일반행정,meta,,부당해고구제재심판정취소,exempt,1
output_판례_보강/2000두9373_부당해고구제재심판정취소.md,letec,2000두9373,meta,prec,일반행정,meta,,부당해고구제재심판정취소,exempt,1
output_판례_보강/2000두9380_재심결정취소.md,letec,2000두9380,meta,prec,일반행정,meta,,재심결정취소,exempt,1
output_판례_보강/2000두9717_평균임금정정불승인처분취소.md,letec,2000두9717,meta,prec,일반행정,meta,,평균임금정정불승인처분취소,exempt,1
output_판례_보강/2000헌마707_평균임금결정고시부작위 위헌확인.md,letec,2000헌마707,meta,detc,헌마,meta,,평균임금결정고시부작위  위헌확인,exempt,1
output_판례_보강/2001다12669_퇴직금.md,letec,2001다12669,meta,prec,민사,meta,,퇴직금,exempt,1
output_판례_보강/2001다13044_해고무효확인.md,letec,2001다13044,meta,prec,민사,meta,,해고무효확인,exempt,1
output_판례_보강/2001다14351_추심금.md,letec,2001다14351,meta,prec,민사,meta,,추심금,exempt,1
output_판례_보강/2001다15422_임금·손해배상(기).md,letec,2001다15422,meta,prec,민사,meta,,임금·손해배상(기),exempt,1
output_판례_보강/2001다16722_임금.md,letec,2001다16722,meta,prec,민사,meta,,임금,exempt,1
output_판례_보강/2001다24051_임금.md,letec,2001다24051,meta,prec,민사,meta,,임금,exempt,1
output_판례_보강/2001다24655_구상금.md,letec,2001다24655,meta,prec,민사,meta,,구상금,exempt,1
output_판례_보강/2001다25184_퇴직금.md,letec,2001다25184,meta,prec,민사,meta,,퇴직금,exempt,1
output_판례_보강/2001다27975_해고무효확인등.md,letec,2001다27975,meta,prec,민사,meta,,해고무효확인등,exempt,1
output_판례_보강/2001다29452_해고무효확인.md,letec,2001다29452,meta,prec,민사,meta,,해고무효확인,exempt,1
output_판례_보강/2001다41384_임금.md,letec,2001다41384,meta,prec,민사,meta,,임금,exempt,1
output_판례_보강/2001다53875_경비반환.md,letec,2001다53875,meta,prec,민사,meta,,경비반환,exempt,1
output_판례_보강/2001다54977_임금.md,letec,2001다54977,meta,prec,민사,meta,,임금,exempt,1
output_판례_보강/2001다58443_약속어음금.md,letec,2001다58443,meta,prec,민사,meta,,약속어음금,exempt,1
output_판례_보강/2001다60019_부당이득금.md,letec,2001다60019,meta,prec,민사,meta,,부당이득금,exempt,1
output_판례_보강/2001다63599_임금.md,letec,2001다63599,meta,prec,민사,meta,,임금,exempt,1
output_판례_보강/2001다6800_해고무효확인등.md,letec,2001다6800,meta,prec,민사,meta,,해고무효확인등,exempt,1
output_판례_보강/2001다76328_임금.md,letec,2001다76328,meta,prec,민사,meta,,임금,exempt,1
output_판례_보강/2001다77970_임금.md,letec,2001다77970,meta,prec,민사,meta,,임금,exempt,1
output_판례_보강/2001다7834_보상금등.md,letec,2001다7834,meta,prec,민사,meta,,보상금등,exempt,1
output_판례_보강/2001다82507_손해배상(기).md,letec,2001다82507,meta,prec,민사,meta,,손해배상(기),exempt,1
output_판례_보강/2001다83838_배당이의.md,letec,2001다83838,meta,prec,민사,meta,,배당이의,exempt,1
output_판례_보강/2001도204_근로기준법위반.md,letec,2001도204,meta,prec,형사,meta,,근로기준법위반,exempt,1
output_판례_보강/2001도3380_업무방해·폭력행위등처벌에관한법률위반·상해.md,letec,2001도3380,meta,prec,형사,meta,,업무방해·폭력행위등처벌에관한법률위반·상해,exempt,1
output_판례_보강/2001도3889_특정경제범죄가중처벌등에관한법률위반(횡령)·근로기준법위반.md,letec,2001도3889,meta,prec,형사,meta,,특정경제범죄가중처벌등에관한법률위반(횡령)·근로기준법위반,exempt,1
output_판례_보강/2001두10455_부당해고구제재심판정취소.md,letec,2001두10455,meta,prec,일반행정,meta,,부당해고구제재심판정취소,exempt,1
output_판례_보강/2001두10776_부당해고구제재심판정취소.md,letec,2001두10776,meta,prec,일반행정,meta,,부당해고구제재심판정취소,exempt,1
output_판례_보강/2001두11076_부당해고구제재심판정취소.md,letec,2001두11076,meta,prec,일반행정,meta,,부당해고구제재심판정취소,exempt,1
output_판례_보강/2001두1154_부당해고구제재심판정취소.md,letec,2001두1154,meta,prec,일반행정,meta,,부당해고구제재심판정취소,exempt,1
output_판례_보강/2001두3136_부당해고및부당노동행위구제재심판정취소.md,letec,2001두3136,meta,prec,일반행정,meta,,부당해고및부당노동행위구제재심판정취소,exempt,1
output_판례_보강/2001두4818_중재재심결정취소.md,letec,2001두4818,meta,prec,일반행정,meta,,중재재심결정취소,exempt,1
output_판례_보강/2001두5361_노동조합결의처분시정명령취소.md,letec,2001두5361,meta,prec,일반행정,meta,,노동조합결의처분시정명령취소,exempt,1
output_판례_보강/2001두6579_부당해고구제재심판정취소.md,letec,2001두6579,meta,prec,일반행정,meta,,부당해고구제재심판정취소,exempt,1
output_판례_보강/2001두8018_부당해고구제재심판정취소.md,letec,2001두8018,meta,prec,일반행정,meta,,부당해고구제재심판정취소,exempt,1
output_판례_보강/2001두8568_노동조합설립신고반려처분취소.md,letec,2001두8568,meta,prec,일반행정,meta,,노동조합설립신고반려처분취소,exempt,1
output_판례_보강/2001헌바50_한국보건산업진흥원법 부칙 제3조 위헌소원.md,letec,2001헌바50,meta,detc,헌바,meta,,한국보건산업진흥원법 부칙 제3조   위헌소원,exempt,1
output_판례_보강/2001헌바82_소득세법 제61조 위헌소원.md,letec,2001헌바82,meta,detc,헌바,meta,,소득세법 제61조  위헌소원,exempt,1
output_판례_보강/2002다11458_의원면직무효확인등.md,letec,2002다11458,meta,prec,민사,meta,,의원면직무효확인등,exempt,1
output_판례_보강/2002다16958_임금.md,letec,2002다16958,meta,prec,민사,meta,,임금,exempt,1
output_판례_보강/2002다23185_임금등.md,letec,2002다23185,meta,prec,민사,meta,,임금등,exempt,1
output_판례_보강/2002다23826_해고무효확인및직원지위확인등.md,letec,2002다23826,meta,prec,민사,meta,,해고무효확인및직원지위확인등,exempt,1
output_판례_보강/2002다2843_임금.md,letec,2002다2843,meta,prec,민사,meta,,임금,exempt,1
output_판례_보강/2002다32332_임금.md,letec,2002다32332,meta,prec,민사,meta,,임금,exempt,1
output_판례_보강/2002다35867_상여금.md,letec,2002다35867,meta,prec,민사,meta,,상여금,exempt,1
output_판례_보강/2002다4399_퇴직금.md,letec,2002다4399,meta,prec,민사,meta,,퇴직금,exempt,1
output_판례_보강/2002다4429_구상금.md,letec,2002다4429,meta,prec,민사,meta,,구상금,exempt,1
output_판례_보강/2002다48399_배당이의.md,letec,2002다48399,meta,prec,민사,meta,,배당이의,exempt,1
output_판례_보강/2002다50149_구상금.md,letec,2002다50149,meta,prec,민사,meta,,구상금,exempt,1
output_판례_보강/2002다51555_징계해고무효확인청구등.md,letec,2002다51555,meta,prec,민사,meta,,징계해고무효확인청구등,exempt,1
output_판례_보강/2002다52312_부당이득금.md,letec,2002다52312,meta,prec,민사,meta,,부당이득금,exempt,1
output_판례_보강/2002다56130_임금.md,letec,2002다56130,meta,prec,민사,meta,,임금,exempt,1
output_판례_보강/2002다57201_불신임결의무효확인등.md,letec,2002다57201,meta,prec,민사,meta,,불신임결의무효확인등,exempt,1
output_판례_보강/2002다57362_손해배상(기).md,letec,2002다57362,meta,prec,민사,meta,,손해배상(기),exempt,1
output_판례_보강/2002다59702_해고무효확인등.md,letec,2002다59702,meta,prec,민사,meta,,해고무효확인등,exempt,1
output_판례_보강/2002다60528_해고무효.md,letec,2002다60528,meta,prec,민사,meta,,해고무효,exempt,1
output_판례_보강/2002다62432_해고무효확인.md,letec,2002다62432,meta,prec,민사,meta,,해고무효확인,exempt,1
output_판례_보강/2002다64681_퇴직금.md,letec,2002다64681,meta,prec,민사,meta,,퇴직금,exempt,1
output_판례_보강/2002다65905_배당이의.md,letec,2002다65905,meta,prec,민사,meta,,배당이의,exempt,1
output_판례_보강/2002다69631_임금.md,letec,2002다69631,meta,prec,민사,meta,,임금,exempt,1
output_판례_보강/2002다70822_해고무효확인등.md,letec,2002다70822,meta,prec,민사,meta,,해고무효확인등,exempt,1
output_판례_보강/2002다73708_손해배상(기).md,letec,2002다73708,meta,prec,민사,meta,,손해배상(기),exempt,1
output_판례_보강/2002도123_통신비밀보호법위반.md,letec,2002도123,meta,prec,형사,meta,,통신비밀보호법위반,exempt,1
output_판례_보강/2002도2211_근로기준법위반.md,letec,2002도2211,meta,prec,형사,meta,,근로기준법위반,exempt,1
output_판례_보강/2002도2243_폭력행위등처벌에관한법률위반.md,letec,2002도2243,meta,prec,형사,meta,,폭력행위등처벌에관한법률위반,exempt,1
output_판례_보강/2002도3450_집단에너지사업법위반·업무방해·노동조합및노동관계조정법위반.md,letec,2002도3450,meta,prec,형사,meta,,집단에너지사업법위반·업무방해·노동조합및노동관계조정법위반,exempt,1
output_판례_보강/2002도3666_근로기준법위반.md,letec,2002도3666,meta,prec,형사,meta,,근로기준법위반,exempt,1
output_판례_보강/2002도3883_남녀고용평등법위반.md,letec,2002도3883,meta,prec,형사,meta,,남녀고용평등법위반,exempt,1
output_판례_보강/2002도5577_집단에너지사업법위반·업무방해·노동조합및노동관계조정법위반.md,letec,2002도5577,meta,prec,형사,meta,,집단에너지사업법위반·업무방해·노동조합및노동관계조정법위반,exempt,1
output_판례_보강/2002도649_근로기준법위반·노동조합및노동관계조정법위반·근로자참여및협력증진에관한법률위반.md,letec,2002도649,meta,prec,형사,meta,,근로기준법위반·노동조합및노동관계조정법위반·근로자참여및협력증진에관한법률위반,exempt,1
output_판례_보강/2002도7225_업무방해.md,letec,2002도7225,meta,prec,형사,meta,,업무방해,exempt,1
output_판례_보강/2002두12809_부당노동행위구제재심판정취소.md,letec,2002두12809,meta,prec,일반행정,meta,,부당노동행위구제재심판정취소,exempt,1
output_판례_보강/2002두5948_전임계약해지무효확인.md,letec,2002두5948,meta,prec,일반행정,meta,,전임계약해지무효확인,exempt,1
output_판례_보강/2002두9179_해임변경처분취소.md,letec,2002두9179,meta,prec,일반행정,meta,,해임변경처분취소,exempt,1
"output_판례_보강/2002헌바11_근로기준법 제36조 등 위헌소원 (동법 제42조, 회사정리법 제208조의 제10호).md",letec,2002헌바11,meta,detc,헌바,meta,,"근로기준법 제36조 등 위헌소원 (동법 제42조, 회사정리법 제208조의 제10호)",exempt,1
output_판례_보강/2002헌바51_산업재해보상보험법 제5조 단서 등 위헌소원.md,letec,2002헌바51,meta,detc,헌바,meta,,산업재해보상보험법 제5조 단서 등 위헌소원,exempt,1
output_판례_보강/2002헌바95_노동조합및노동관계조정법 제81조 제2호 단서 위헌소원.md,letec,2002헌바95,meta,detc,헌바,meta,,노동조합및노동관계조정법 제81조 제2호 단서 위헌소원,exempt,1
output_판례_보강/2003다10421_임금.md,letec,2003다10421,meta,prec,민사,meta,,임금,exempt,1
output_판례_보강/2003다10650_임금등.md,letec,2003다10650,meta,prec,민사,meta,,임금등,exempt,1
output_판례_보강/2003다13307_구상금.md,letec,2003다13307,meta,prec,민사,meta,,구상금,exempt,1
output_판례_보강/2003다24147_구상금.md,letec,2003다24147,meta,prec,민사,meta,,구상금,exempt,1
output_판례_보강/2003다264_임금등.md,letec,2003다264,meta,prec,민사,meta,,임금등,exempt,1
output_판례_보강/2003다2802_손해배상(자).md,letec,2003다2802,meta,prec,민사,meta,,손해배상(자),exempt,1
output_판례_보강/2003다40538_임금.md,letec,2003다40538,meta,prec,민사,meta,,임금,exempt,1
output_판례_보강/2003다40798_퇴직금등·부당이득금.md,letec,2003다40798,meta,prec,민사,meta,,퇴직금등·부당이득금,exempt,1
output_판례_보강/2003다4815_임금.md,letec,2003다4815,meta,prec,민사,meta,,임금,exempt,1
output_판례_보강/2003다48549_임금·부당이득금반환.md,letec,2003다48549,meta,prec,민사,meta,,임금·부당이득금반환,exempt,1
output_판례_보강/2003다50580_해고무효확인등.md,letec,2003다50580,meta,prec,민사,meta,,해고무효확인등,exempt,1
output_판례_보강/2003다51675_해고무효확인등.md,letec,2003다51675,meta,prec,민사,meta,,해고무효확인등,exempt,1
output_판례_보강/2003다54322_임금·임금등.md,letec,2003다54322,meta,prec,민사,meta,,임금·임금등,exempt,1
output_판례_보강/2003다63029_임금등.md,letec,2003다63029,meta,prec,민사,meta,,임금등,exempt,1
output_판례_보강/2003다69393_해고무효확인.md,letec,2003다69393,meta,prec,민사,meta,,해고무효확인,exempt,1
output_판례_보강/2003다7005_임금등.md,letec,2003다7005,meta,prec,민사,meta,,임금등,exempt,1
output_판례_보강/2003다7623_추심금.md,letec,2003다7623,meta,prec,민사,meta,,추심금,exempt,1
output_판례_보강/2003다9254_임금.md,letec,2003다9254,meta,prec,민사,meta,,임금,exempt,1
output_판례_보강/2003도3000_폭력행위등처벌에관한법률위반.md,letec,2003도3000,meta,prec,형사,meta,,폭력행위등처벌에관한법률위반,exempt,1
output_판례_보강/2003두1097_부당노동행위구제재심판정취소.md,letec,2003두1097,meta,prec,일반행정,meta,,부당노동행위구제재심판정취소,exempt,1
output_판례_보강/2003두11339_부당해고구제재심판정취소.md,letec,2003두11339,meta,prec,일반행정,meta,,부당해고구제재심판정취소,exempt,1
output_판례_보강/2003두12530_요양불승인처분취소.md,letec,2003두12530,meta,prec,일반행정,meta,,요양불승인처분취소,exempt,1
output_판례_보강/2003두12639_부당해고구제재심판정취소.md,letec,2003두12639,meta,prec,일반행정,meta,,부당해고구제재심판정취소,exempt,1
output_판례_보강/2003두12844_유족보상및장의비부지급처분취소.md,letec,2003두12844,meta,prec,일반행정,meta,,유족보상및장의비부지급처분취소,exempt,1
output_판례_보강/2003두12912_유족급여및장의비부지급처분취소.md,letec,2003두12912,meta,prec,일반행정,meta,,유족급여및장의비부지급처분취소,exempt,1
output_판례_보강/2003두13939_유족보상및장의비부지급처분취소.md,letec,2003두13939,meta,prec,일반행정,meta,,유족보상및장의비부지급처분취소,exempt,1
output_판례_보강/2003두15317_부당해고구제재심판정취소.md,letec,2003두15317,meta,prec,일반행정,meta,,부당해고구제재심판정취소,exempt,1
output_판례_보강/2003두3420_부당해고구제재심판정취소.md,letec,2003두3420,meta,prec,일반행정,meta,,부당해고구제재심판정취소,exempt,1
output_판례_보강/2003두4119_부당해고등구제재심판정취소.md,letec,2003두4119,meta,prec,일반행정,meta,,부당해고등구제재심판정취소,exempt,1
output_판례_보강/2003두6665_부당해고구제재심판정취소.md,letec,2003두6665,meta,prec,일반행정,meta,,부당해고구제재심판정취소,exempt,1
output_판례_보강/2003두8210_부당해고구제재심판정취소.md,letec,2003두8210,meta,prec,일반행정,meta,,부당해고구제재심판정취소,exempt,1
output_판례_보강/2003두8906_부당해고등구제재심판정취소.md,letec,2003두8906,meta,prec,일반행정,meta,,부당해고등구제재심판정취소,exempt,1
output_판례_보강/2003두896_단체협약해석재심판정취소.md,letec,2003두896,meta,prec,일반행정,meta,,단체협약해석재심판정취소,exempt,1
output_판례_보강/2003두902_부당해고등구제재심판정취소.md,letec,2003두902,meta,prec,일반행정,meta,,부당해고등구제재심판정취소,exempt,1
output_판례_보강/2003헌바12_근로기준법 제110조 위헌소원.md,letec,2003헌바12,meta,detc,헌바,meta,,근로기준법 제110조 위헌소원,exempt,1
output_판례_보강/2004다11070_손해배상(기)등.md,letec,2004다11070,meta,prec,민사,meta,,손해배상(기)등,exempt,1
output_판례_보강/2004다12240_손해배상(기).md,letec,2004다12240,meta,prec,민사,meta,,손해배상(기),exempt,1
output_판례_보강/2004다12660_구상금등.md,letec,2004다12660,meta,prec,민사,meta,,구상금등,exempt,1
output_판례_보강/2004다13762_임금.md,letec,2004다13762,meta,prec,민사,meta,,임금,exempt,1
output_판례_보강/2004다22742_손해배상(기).md,letec,2004다22742,meta,prec,민사,meta,,손해배상(기),exempt,1
output_판례_보강/2004다25123_퇴직금등.md,letec,2004다25123,meta,prec,민사,meta,,퇴직금등,exempt,1
output_판례_보강/2004다26799_배당이의.md,letec,2004다26799,meta,prec,민사,meta,,배당이의,exempt,1
output_판례_보강/2004다29736_퇴직금.md,letec,2004다29736,meta,prec,민사,meta,,퇴직금,exempt,1
output_판례_보강/2004다34790_퇴직금.md,letec,2004다34790,meta,prec,민사,meta,,퇴직금,exempt,1
output_판례_보강/2004다37676_전부금.md,letec,2004다37676,meta,prec,민사,meta,,전부금,exempt,1
output_판례_보강/2004다37775_소유권말소등기.md,letec,2004다37775,meta,prec,민사,meta,,소유권말소등기,exempt,1
output_판례_보강/2004다41217_임금.md,letec,2004다41217,meta,prec,민사,meta,,임금,exempt,1
output_판례_보강/2004다43824_구상금등.md,letec,2004다43824,meta,prec,민사,meta,,구상금등,exempt,1
output_판례_보강/2004다44506_손해배상(산)등.md,letec,2004다44506,meta,prec,민사,meta,,손해배상(산)등,exempt,1
output_판례_보강/2004다48836_임금.md,letec,2004다48836,meta,prec,민사,meta,,임금,exempt,1
output_판례_보강/2004다49570_약정금.md,letec,2004다49570,meta,prec,민사,meta,,약정금,exempt,1
output_판례_보강/2004다62597_가처분이의.md,letec,2004다62597,meta,prec,민사,meta,,가처분이의,exempt,1
output_판례_보강/2004다66995_퇴직금.md,letec,2004다66995,meta,prec,민사,meta,,퇴직금,exempt,1
output_판례_보강/2004도227_공직선거및선거부정방지법위반.md,letec,2004도227,meta,prec,형사,meta,,공직선거및선거부정방지법위반,exempt,1
output_판례_보강/2004도7218_근로기준법위반·폭력행위등처벌에관한법률위반(야간·공동폭행)·노동조합및노동관계조정법위반.md,letec,2004도7218,meta,prec,형사,meta,,근로기준법위반·폭력행위등처벌에관한법률위반(야간·공동폭행)·노동조합및노동관계조정법위반,exempt,1
output_판례_보강/2004도746_업무방해·노동조합및노동관계조정법위반·집회및시위에관한법률위반·국가공무원법위반(인정된죄명 청원경찰법위반).md,letec,2004도746,meta,prec,형사,meta,,업무방해·노동조합및노동관계조정법위반·집회및시위에관한법률위반·국가공무원법위반(인정된죄명:청원경찰법위반),exempt,1
output_판례_보강/2004두10548_부당해고구제재심판정취소.md,letec,2004두10548,meta,prec,일반행정,meta,,부당해고구제재심판정취소,exempt,1
output_판례_보강/2004두6549_유족급여등부지급처분취소.md,letec,2004두6549,meta,prec,일반행정,meta,,유족급여등부지급처분취소,exempt,1
output_판례_보강/2004두916_요양신청반려처분취소.md,letec,2004두916,meta,prec,일반행정,meta,,요양신청반려처분취소,exempt,1
output_판례_보강/2004헌마554_신행정수도의건설을위한특별조치법 위헌확인.md,letec,2004헌마554,meta,detc,헌마,meta,,신행정수도의건설을위한특별조치법 위헌확인,exempt,1
output_판례_보강/2004헌마670_산업기술연수생 도입기준완화결정 등 위헌확인.md,letec,2004헌마670,meta,detc,헌마,meta,,산업기술연수생 도입기준완화결정 등 위헌확인,exempt,1
output_판례_보강/2004헌마675_국가유공자등예우및지원에관한법률 제31조 제1항 등 위헌확인.md,letec,2004헌마675,meta,detc,헌마,meta,,국가유공자등예우및지원에관한법률 제31조 제1항 등 위헌확인,exempt,1
output_판례_보강/2004헌바9_노동조합및노동관계조정법 제7조 제3항 등 위헌소원.md,letec,2004헌바9,meta,detc,헌바,meta,,노동조합및노동관계조정법 제7조 제3항 등 위헌소원,exempt,1
output_판례_보강/2005가단35270_손해배상(기).md,letec,2005가단35270,meta,prec,민사,meta,,손해배상(기),exempt,1
output_판례_보강/2005구합13605_부당해고구제재심판정취소.md,letec,2005구합13605,meta,prec,일반행정,meta,,부당해고구제재심판정취소,exempt,1
output_판례_보강/2005구합34701_유족급여등부지급처분취소.md,letec,2005구합34701,meta,prec,일반행정,meta,,유족급여등부지급처분취소,exempt,1
output_판례_보강/2005다10531_구상금.md,letec,2005다10531,meta,prec,민사,meta,,구상금,exempt,1
output_판례_보강/2005다14861_원인무효로인한소유권이전등기말소등기.md,letec,2005다14861,meta,prec,민사,meta,,원인무효로인한소유권이전등기말소등기,exempt,1
output_판례_보강/2005다16034_손해배상(기).md,letec,2005다16034,meta,prec,민사,meta,,손해배상(기),exempt,1
output_판례_보강/2005다22701_합병철회·주주총회결의취소.md,letec,2005다22701,meta,prec,민사,meta,,합병철회·주주총회결의취소,exempt,1
output_판례_보강/2005다25113_퇴직금.md,letec,2005다25113,meta,prec,민사,meta,,퇴직금,exempt,1
output_판례_보강/2005다28358_임금.md,letec,2005다28358,meta,prec,민사,meta,,임금,exempt,1
output_판례_보강/2005다30580_해고무효확인.md,letec,2005다30580,meta,prec,민사,meta,,해고무효확인,exempt,1
output_판례_보강/2005다30610_손해배상(기).md,letec,2005다30610,meta,prec,민사,meta,,손해배상(기),exempt,1
output_판례_보강/2005다3229_손해배상(기).md,letec,2005다3229,meta,prec,민사,meta,,손해배상(기),exempt,1
output_판례_보강/2005다34407_해고무효확인.md,letec,2005다34407,meta,prec,민사,meta,,해고무효확인,exempt,1
output_판례_보강/2005다3991_부당전보무효확인등.md,letec,2005다3991,meta,prec,민사,meta,,부당전보무효확인등,exempt,1
output_판례_보강/2005다45827_면직해임무효확인등.md,letec,2005다45827,meta,prec,민사,meta,,면직해임무효확인등,exempt,1
output_판례_보강/2005다64385_근로자지위부존재확인등.md,letec,2005다64385,meta,prec,민사,meta,,근로자지위부존재확인등,exempt,1
output_판례_보강/2005다72386_보험금·보험금반환등.md,letec,2005다72386,meta,prec,민사,meta,,보험금·보험금반환등,exempt,1
output_판례_보강/2005다75088_종업원지위확인.md,letec,2005다75088,meta,prec,민사,meta,,종업원지위확인,exempt,1
output_판례_보강/2005다77558_배당이의.md,letec,2005다77558,meta,prec,민사,meta,,배당이의,exempt,1
output_판례_보강/2005도1089_근로기준법위반.md,letec,2005도1089,meta,prec,형사,meta,,근로기준법위반,exempt,1
output_판례_보강/2005도7309_정보통신망이용촉진및정보보호등에관한법률위반(정보통신망침해등).md,letec,2005도7309,meta,prec,형사,meta,,정보통신망이용촉진및정보보호등에관한법률위반(정보통신망침해등),exempt,1
output_판례_보강/2005도8005_업무방해·노동조합및노동관계조정법위반.md,letec,2005도8005,meta,prec,형사,meta,,업무방해·노동조합및노동관계조정법위반,exempt,1
output_판례_보강/2005도9230_근로기준법위반.md,letec,2005도9230,meta,prec,형사,meta,,근로기준법위반,exempt,1
output_판례_보강/2005두11418_요양불승인처분취소.md,letec,2005두11418,meta,prec,일반행정,meta,,요양불승인처분취소,exempt,1
output_판례_보강/2005두12091_유족급여및장의비조정지급처분취소.md,letec,2005두12091,meta,prec,일반행정,meta,,유족급여및장의비조정지급처분취소,exempt,1
output_판례_보강/2005두12572_유족급여등부지급처분취소.md,letec,2005두12572,meta,prec,일반행정,meta,,유족급여등부지급처분취소,exempt,1
output_판례_보강/2005두12992_중재재심결정취소.md,letec,2005두12992,meta,prec,일반행정,meta,,중재재심결정취소,exempt,1
output_판례_보강/2005두13018_산업재해보상보험료등부과처분취소.md,letec,2005두13018,meta,prec,일반행정,meta,,산업재해보상보험료등부과처분취소,exempt,1
output_판례_보강/2005두13414_남녀차별개선위원회결정내지재결취소.md,letec,2005두13414,meta,prec,일반행정,meta,,남녀차별개선위원회결정내지재결취소,exempt,1
output_판례_보강/2005두13841_요양불승인처분취소.md,letec,2005두13841,meta,prec,일반행정,meta,,요양불승인처분취소,exempt,1
output_판례_보강/2005두2506_보험약가인하처분취소.md,letec,2005두2506,meta,prec,일반행정,meta,,보험약가인하처분취소,exempt,1
output_판례_보강/2005두2810_평균임금결정처분등취소.md,letec,2005두2810,meta,prec,일반행정,meta,,평균임금결정처분등취소,exempt,1
output_판례_보강/2005두4120_부당노동행위및부당해고구제재심판정취소.md,letec,2005두4120,meta,prec,일반행정,meta,,부당노동행위및부당해고구제재심판정취소,exempt,1
output_판례_보강/2005두524_부당해고구제재심판정취소.md,letec,2005두524,meta,prec,일반행정,meta,,부당해고구제재심판정취소,exempt,1
output_판례_보강/2005두5390_재외국민2세지정취소처분취소.md,letec,2005두5390,meta,prec,일반행정,meta,,재외국민2세지정취소처분취소,exempt,1
output_판례_보강/2005두5673_부당해고및부당노동행위구제재심판정취소.md,letec,2005두5673,meta,prec,일반행정,meta,,부당해고및부당노동행위구제재심판정취소,exempt,1
output_판례_보강/2005두6461_성희롱결정처분취소.md,letec,2005두6461,meta,prec,일반행정,meta,,성희롱결정처분취소,exempt,1
output_판례_보강/2005두7501_장해보상연금부지급처분취소.md,letec,2005두7501,meta,prec,일반행정,meta,,장해보상연금부지급처분취소,exempt,1
output_판례_보강/2005두8436_산업재해보상보험료등부과처분취소.md,letec,2005두8436,meta,prec,일반행정,meta,,산업재해보상보험료등부과처분취소,exempt,1
output_판례_보강/2005두8788_부당해고구제재심판정취소.md,letec,2005두8788,meta,prec,일반행정,meta,,부당해고구제재심판정취소,exempt,1
output_판례_보강/2005두9873_부당해고구제재심판정취소.md,letec,2005두9873,meta,prec,일반행정,meta,,부당해고구제재심판정취소,exempt,1
output_판례_보강/2005마30_개발제한구역의지정및관리에관한특별조치법위반(이의).md,letec,2005마30,meta,prec,민사,meta,,개발제한구역의지정및관리에관한특별조치법위반(이의),exempt,1
output_판례_보강/2005헌마1156_군인사법 제48조 제3항 위헌확인.md,letec,2005헌마1156,meta,detc,헌마,meta,,군인사법 제48조 제3항 위헌확인,exempt,1
output_판례_보강/2005헌마586_국가공무원복무규정 제17조 제1항 위헌확인.md,letec,2005헌마586,meta,detc,헌마,meta,,국가공무원복무규정 제17조 제1항 위헌확인,exempt,1
output_판례_보강/2005헌마855_군미필자 응시자격 제한 위헌확인.md,letec,2005헌마855,meta,detc,헌마,meta,,군미필자 응시자격 제한 위헌확인,exempt,1
output_판례_보강/2005헌마971_공무원의노동조합설립및운영등에관한법률 위헌확인.md,letec,2005헌마971,meta,detc,헌마,meta,,공무원의노동조합설립및운영등에관한법률   위헌확인,exempt,1
output_판례_보강/2005헌바20_산업재해보상보험법 제38조 제6항 위헌소원.md,letec,2005헌바20,meta,detc,헌바,meta,,산업재해보상보험법 제38조 제6항 위헌소원,exempt,1
output_판례_보강/2006가합17954_해고무효확인등.md,letec,2006가합17954,meta,prec,민사,meta,,해고무효확인등,exempt,1
output_판례_보강/2006구합20655_부당해고구제재심판정취소.md,letec,2006구합20655,meta,prec,일반행정,meta,,부당해고구제재심판정취소,exempt,1
output_판례_보강/2006구합42945_부당해고구제재심판정취소.md,letec,2006구합42945,meta,prec,일반행정,meta,,부당해고구제재심판정취소,exempt,1
output_판례_보강/2006다16215_손해배상(기).md,letec,2006다16215,meta,prec,민사,meta,,손해배상(기),exempt,1
output_판례_보강/2006다17287_임금.md,letec,2006다17287,meta,prec,민사,meta,,임금,exempt,1
output_판례_보강/2006다17355_인사부대기역발령무효확인등.md,letec,2006다17355,meta,prec,민사,meta,,인사부대기역발령무효확인등,exempt,1
output_판례_보강/2006다1930_배당이의.md,letec,2006다1930,meta,prec,민사,meta,,배당이의,exempt,1
output_판례_보강/2006다25240_직권면직무효확인등.md,letec,2006다25240,meta,prec,민사,meta,,직권면직무효확인등,exempt,1
output_판례_보강/2006다27093_구상금.md,letec,2006다27093,meta,prec,민사,meta,,구상금,exempt,1
output_판례_보강/2006다30730_위자료등.md,letec,2006다30730,meta,prec,민사,meta,,위자료등,exempt,1
output_판례_보강/2006다32910_구상금.md,letec,2006다32910,meta,prec,민사,meta,,구상금,exempt,1
output_판례_보강/2006다33531_손해배상(기).md,letec,2006다33531,meta,prec,민사,meta,,손해배상(기),exempt,1
output_판례_보강/2006다33999_직위해제및정직무효확인등.md,letec,2006다33999,meta,prec,민사,meta,,직위해제및정직무효확인등,exempt,1
output_판례_보강/2006다37274_약정금.md,letec,2006다37274,meta,prec,민사,meta,,약정금,exempt,1
output_판례_보강/2006다42313_퇴직금.md,letec,2006다42313,meta,prec,민사,meta,,퇴직금,exempt,1
output_판례_보강/2006다48069_해고무효확인및임금.md,letec,2006다48069,meta,prec,민사,meta,,해고무효확인및임금,exempt,1
output_판례_보강/2006다49901_해고무효확인및임금.md,letec,2006다49901,meta,prec,민사,meta,,해고무효확인및임금,exempt,1
output_판례_보강/2006다53627_임금.md,letec,2006다53627,meta,prec,민사,meta,,임금,exempt,1
output_판례_보강/2006다59748_해고무효확인.md,letec,2006다59748,meta,prec,민사,meta,,해고무효확인,exempt,1
output_판례_보강/2006다64245_임금등.md,letec,2006다64245,meta,prec,민사,meta,,임금등,exempt,1
output_판례_보강/2006다81035_건물명도등.md,letec,2006다81035,meta,prec,민사,meta,,건물명도등,exempt,1
output_판례_보강/2006다83246_임금.md,letec,2006다83246,meta,prec,민사,meta,,임금,exempt,1
output_판례_보강/2006도388_노동조합및노동관계조정법위반·산업안전보건법위반.md,letec,2006도388,meta,prec,형사,meta,,노동조합및노동관계조정법위반·산업안전보건법위반,exempt,1
output_판례_보강/2006도4981_통신비밀보호법위반.md,letec,2006도4981,meta,prec,형사,meta,,통신비밀보호법위반,exempt,1
output_판례_보강/2006도6389_사기·정보통신망이용촉진및정보보호등에관한법률위반(정보통신망침해등).md,letec,2006도6389,meta,prec,형사,meta,,사기·정보통신망이용촉진및정보보호등에관한법률위반(정보통신망침해등),exempt,1
output_판례_보강/2006도6479_근로기준법위반.md,letec,2006도6479,meta,prec,형사,meta,,근로기준법위반,exempt,1
output_판례_보강/2006도7329_근로기준법위반·강제집행면탈·명예훼손·라디오에의한명예훼손.md,letec,2006도7329,meta,prec,형사,meta,,근로기준법위반·강제집행면탈·명예훼손·라디오에의한명예훼손,exempt,1
output_판례_보강/2006도7660_근로기준법위반.md,letec,2006도7660,meta,prec,형사,meta,,근로기준법위반,exempt,1
output_판례_보강/2006도777_근로기준법위반.md,letec,2006도777,meta,prec,형사,meta,,근로기준법위반,exempt,1
output_판례_보강/2006도8644_정보통신망이용촉진및정보보호등에관한법률위반(정보통신망침해등).md,letec,2006도8644,meta,prec,형사,meta,,정보통신망이용촉진및정보보호등에관한법률위반(정보통신망침해등),exempt,1
output_판례_보강/2006도9089_업무상배임.md,letec,2006도9089,meta,prec,형사,meta,,업무상배임,exempt,1
output_판례_보강/2006두13626_파면처분등취소.md,letec,2006두13626,meta,prec,일반행정,meta,,파면처분등취소,exempt,1
output_판례_보강/2006두15622_보험급여금대체지급부지급취소.md,letec,2006두15622,meta,prec,일반행정,meta,,보험급여금대체지급부지급취소,exempt,1
output_판례_보강/2006두18423_부당노동행위및부당해고구제재심판정취소.md,letec,2006두18423,meta,prec,일반행정,meta,,부당노동행위및부당해고구제재심판정취소,exempt,1
output_판례_보강/2006두3476_부당해고구제재심판정취소.md,letec,2006두3476,meta,prec,일반행정,meta,,부당해고구제재심판정취소,exempt,1
output_판례_보강/2006두3568_평균임금증감불승인처분취소.md,letec,2006두3568,meta,prec,일반행정,meta,,평균임금증감불승인처분취소,exempt,1
output_판례_보강/2006두4127_유족급여등부지급처분취소.md,letec,2006두4127,meta,prec,일반행정,meta,,유족급여등부지급처분취소,exempt,1
output_판례_보강/2006두4912_요양불승인처분취소.md,letec,2006두4912,meta,prec,일반행정,meta,,요양불승인처분취소,exempt,1
output_판례_보강/2006두8341_유족급여및장의비부지급처분취소.md,letec,2006두8341,meta,prec,일반행정,meta,,유족급여및장의비부지급처분취소,exempt,1
output_판례_보강/2006두9771_산업재해요양불승인처분취소.md,letec,2006두9771,meta,prec,일반행정,meta,,산업재해요양불승인처분취소,exempt,1
output_판례_보강/2006마1303_경업금지가처분.md,letec,2006마1303,meta,prec,민사,meta,,경업금지가처분,exempt,1
output_판례_보강/2006마851_양수금.md,letec,2006마851,meta,prec,민사,meta,,양수금,exempt,1
output_판례_보강/2007다1418_해고무효확인.md,letec,2007다1418,meta,prec,민사,meta,,해고무효확인,exempt,1
output_판례_보강/2007다18584_임금.md,letec,2007다18584,meta,prec,민사,meta,,임금,exempt,1
output_판례_보강/2007다29379_손해배상(기).md,letec,2007다29379,meta,prec,민사,meta,,손해배상(기),exempt,1
output_판례_보강/2007다37165_퇴직금.md,letec,2007다37165,meta,prec,민사,meta,,퇴직금,exempt,1
output_판례_보강/2007다51017_근로자지위확인등.md,letec,2007다51017,meta,prec,민사,meta,,근로자지위확인등,exempt,1
output_판례_보강/2007다51758_해고무효확인등.md,letec,2007다51758,meta,prec,민사,meta,,해고무효확인등,exempt,1
output_판례_보강/2007다54498_업무추진역발령무효확인등.md,letec,2007다54498,meta,prec,민사,meta,,업무추진역발령무효확인등,exempt,1
output_판례_보강/2007다590_임금.md,letec,2007다590,meta,prec,민사,meta,,임금,exempt,1
output_판례_보강/2007다62840_해고무효확인등.md,letec,2007다62840,meta,prec,민사,meta,,해고무효확인등,exempt,1
output_판례_보강/2007다72519_퇴직금.md,letec,2007다72519,meta,prec,민사,meta,,퇴직금,exempt,1
output_판례_보강/2007다73277_임금.md,letec,2007다73277,meta,prec,민사,meta,,임금,exempt,1
output_판례_보강/2007다7973_임금.md,letec,2007다7973,meta,prec,민사,meta,,임금,exempt,1
output_판례_보강/2007다82059_구상금.md,letec,2007다82059,meta,prec,민사,meta,,구상금,exempt,1
output_판례_보강/2007다85997_해고무효확인등.md,letec,2007다85997,meta,prec,민사,meta,,해고무효확인등,exempt,1
output_판례_보강/2007다90760_퇴직금.md,letec,2007다90760,meta,prec,민사,meta,,퇴직금,exempt,1
output_판례_보강/2007도1199_근로기준법위반·노동조합및노동관계조정법위반.md,letec,2007도1199,meta,prec,형사,meta,,근로기준법위반·노동조합및노동관계조정법위반,exempt,1
output_판례_보강/2007도1539_근로기준법위반.md,letec,2007도1539,meta,prec,형사,meta,,근로기준법위반,exempt,1
output_판례_보강/2007도1557_업무방해·절도·상해·폭력행위등처벌에관한법률위반(야간·공동협박)·폭행·모욕·특수협박(일부인정된죄명 협박)·공무.md,letec,2007도1557,meta,prec,형사,meta,,업무방해·절도·상해·폭력행위등처벌에관한법률위반(야간·공동협박)·폭행·모욕·특수협박(일부인정된죄명:협박)·공무집행방해·집회및시위에관한법률위반,exempt,1
output_판례_보강/2007도3192_근로기준법위반.md,letec,2007도3192,meta,prec,형사,meta,,근로기준법위반,exempt,1
output_판례_보강/2007도482_업무방해.md,letec,2007도482,meta,prec,형사,meta,,업무방해,exempt,1
output_판례_보강/2007도4904_근로기준법위반.md,letec,2007도4904,meta,prec,형사,meta,,근로기준법위반,exempt,1
output_판례_보강/2007도5204_업무방해·폭력행위등처벌에관한법률위반(공동주거침입).md,letec,2007도5204,meta,prec,형사,meta,,업무방해·폭력행위등처벌에관한법률위반(공동주거침입),exempt,1
output_판례_보강/2007도6243_전자기록등내용탐지.md,letec,2007도6243,meta,prec,형사,meta,,전자기록등내용탐지,exempt,1
output_판례_보강/2007두10174_부당해고구제재심판정취소.md,letec,2007두10174,meta,prec,일반행정,meta,,부당해고구제재심판정취소,exempt,1
output_판례_보강/2007두10440_재심판정취소.md,letec,2007두10440,meta,prec,일반행정,meta,,재심판정취소,exempt,1
output_판례_보강/2007두11566_부당해고구제재심판정취소.md,letec,2007두11566,meta,prec,일반행정,meta,,부당해고구제재심판정취소,exempt,1
output_판례_보강/2007두1460_부당해고·부당대기발령등구제재심판정취소.md,letec,2007두1460,meta,prec,일반행정,meta,,부당해고·부당대기발령등구제재심판정취소,exempt,1
output_판례_보강/2007두15797_부당해고구제재심판정취소.md,letec,2007두15797,meta,prec,일반행정,meta,,부당해고구제재심판정취소,exempt,1
output_판례_보강/2007두1729_부당해고및부당노동행위구제재심판정취소.md,letec,2007두1729,meta,prec,일반행정,meta,,부당해고및부당노동행위구제재심판정취소,exempt,1
output_판례_보강/2007두18406_부당해고구제재심판정중직위해제부분취소.md,letec,2007두18406,meta,prec,일반행정,meta,,부당해고구제재심판정중직위해제부분취소,exempt,1
output_판례_보강/2007두20157_부당인사발령구제재심판정취소.md,letec,2007두20157,meta,prec,일반행정,meta,,부당인사발령구제재심판정취소,exempt,1
output_판례_보강/2007두2029_유족급여및장의비부지급처분취소.md,letec,2007두2029,meta,prec,일반행정,meta,,유족급여및장의비부지급처분취소,exempt,1
output_판례_보강/2007두2173_휴업급여부지급처분취소.md,letec,2007두2173,meta,prec,일반행정,meta,,휴업급여부지급처분취소,exempt,1
output_판례_보강/2007두22306_부당해고구제재심판정취소.md,letec,2007두22306,meta,prec,일반행정,meta,,부당해고구제재심판정취소,exempt,1
output_판례_보강/2007두22320_부당해고구제재심판정취소.md,letec,2007두22320,meta,prec,일반행정,meta,,부당해고구제재심판정취소,exempt,1
output_판례_보강/2007두22498_부당해고구제재심판정취소.md,letec,2007두22498,meta,prec,일반행정,meta,,부당해고구제재심판정취소,exempt,1
output_판례_보강/2007두2784_요양불승인처분취소.md,letec,2007두2784,meta,prec,일반행정,meta,,요양불승인처분취소,exempt,1
output_판례_보강/2007두4810_요양연기불승인처분취소.md,letec,2007두4810,meta,prec,일반행정,meta,,요양연기불승인처분취소,exempt,1
output_판례_보강/2007두4995_노동조합설립신고서반려처분취소.md,letec,2007두4995,meta,prec,일반행정,meta,,노동조합설립신고서반려처분취소,exempt,1
output_판례_보강/2007두7093_부당노동행위및부당해고구제재심판정취소.md,letec,2007두7093,meta,prec,일반행정,meta,,부당노동행위및부당해고구제재심판정취소,exempt,1
output_판례_보강/2007두9471_유족보상등청구서반려처분취소.md,letec,2007두9471,meta,prec,일반행정,meta,,유족보상등청구서반려처분취소,exempt,1
output_판례_보강/2007헌마1359_경비업법 제15조 제3항 등 위헌확인.md,letec,2007헌마1359,meta,detc,헌마,meta,,경비업법 제15조 제3항 등 위헌확인,exempt,1
output_판례_보강/2007헌바27_지방세법 제245조의2 제1항 위헌소원.md,letec,2007헌바27,meta,detc,,meta,,지방세법 제245조의2 제1항 위헌소원,exempt,1
output_판례_보강/2007헌바36_근로기준법 제37조 제2항 등 위헌소원.md,letec,2007헌바36,meta,detc,헌바,meta,,근로기준법 제37조 제2항 등 위헌소원,exempt,1
output_판례_보강/2008다12408_구상금.md,letec,2008다12408,meta,prec,민사,meta,,구상금,exempt,1
output_판례_보강/2008다13104_양수금.md,letec,2008다13104,meta,prec,민사,meta,,양수금,exempt,1
output_판례_보강/2008다13623_배당이의.md,letec,2008다13623,meta,prec,민사,meta,,배당이의,exempt,1
output_판례_보강/2008다2241_해고무효확인등.md,letec,2008다2241,meta,prec,민사,meta,,해고무효확인등,exempt,1
output_판례_보강/2008다38288_손해배상(기).md,letec,2008다38288,meta,prec,민사,meta,,손해배상(기),exempt,1
output_판례_보강/2008다40847_손해배상(산).md,letec,2008다40847,meta,prec,민사,meta,,손해배상(산),exempt,1
output_판례_보강/2008다41666_임금.md,letec,2008다41666,meta,prec,민사,meta,,임금,exempt,1
output_판례_보강/2008다46531_대여금.md,letec,2008다46531,meta,prec,민사,meta,,대여금,exempt,1
output_판례_보강/2008다6052_임금.md,letec,2008다6052,meta,prec,민사,meta,,임금,exempt,1
output_판례_보강/2008다65242_배당이의.md,letec,2008다65242,meta,prec,민사,meta,,배당이의,exempt,1
output_판례_보강/2008다70336_해고무효확인등.md,letec,2008다70336,meta,prec,민사,meta,,해고무효확인등,exempt,1
output_판례_보강/2008다89712_손해배상(기).md,letec,2008다89712,meta,prec,민사,meta,,손해배상(기),exempt,1
output_판례_보강/2008도1433_모욕.md,letec,2008도1433,meta,prec,형사,meta,,모욕,exempt,1
output_판례_보강/2008도364_근로기준법위반.md,letec,2008도364,meta,prec,형사,meta,,근로기준법위반,exempt,1
output_판례_보강/2008도4831_노동조합및노동관계조정법위반.md,letec,2008도4831,meta,prec,형사,meta,,노동조합및노동관계조정법위반,exempt,1
output_판례_보강/2008도5526_공공기관의개인정보보호에관한법률위반.md,letec,2008도5526,meta,prec,형사,meta,,공공기관의개인정보보호에관한법률위반,exempt,1
output_판례_보강/2008도7018_특정경제범죄가중처벌등에관한법률위반(횡령)·특정경제범죄가중처벌등에관한법률위반(사기)·뇌물공여·배임증재·배임수재.md,letec,2008도7018,meta,prec,형사,meta,,특정경제범죄가중처벌등에관한법률위반(횡령)·특정경제범죄가중처벌등에관한법률위반(사기)·뇌물공여·배임증재·배임수재·상법위반·공전자기록등불실기재·불실기재공전자기록등행사·강요·공갈·신용정보의이용및보호에관한법률위반·통신비밀보호법위반·조세범처벌법위반·뇌물공여의사표시·부동산실권리자명의등기에관한법률위반·횡령·증거변조교사·증거변조·재물손괴·사문서위조·위조사문서행사·무고,exempt,1
output_판례_보강/2008도7030_업무상과실치사·산업안전보건법위반.md,letec,2008도7030,meta,prec,형사,meta,,업무상과실치사·산업안전보건법위반,exempt,1
output_판례_보강/2008두1191_요양불승인처분취소.md,letec,2008두1191,meta,prec,일반행정,meta,,요양불승인처분취소,exempt,1
output_판례_보강/2008두13972_부당해고 구제 재심 판정취소.md,letec,2008두13972,meta,prec,일반행정,meta,,부당해고 구제 재심 판정취소,exempt,1
output_판례_보강/2008두1566_유족급여및장의비부지급처분취소.md,letec,2008두1566,meta,prec,일반행정,meta,,유족급여및장의비부지급처분취소,exempt,1
output_판례_보강/2008두2088_부당해고및부당노동행위구제재심판정취소.md,letec,2008두2088,meta,prec,일반행정,meta,,부당해고및부당노동행위구제재심판정취소,exempt,1
output_판례_보강/2008두22136_부당승무정지구제재심판정취소.md,letec,2008두22136,meta,prec,일반행정,meta,,부당승무정지구제재심판정취소,exempt,1
output_판례_보강/2008두22211_부당해고및부당노동행위구제재심판정취소.md,letec,2008두22211,meta,prec,일반행정,meta,,부당해고및부당노동행위구제재심판정취소,exempt,1
output_판례_보강/2008두4367_부당해고및부당노동행위구제재심판정취소.md,letec,2008두4367,meta,prec,일반행정,meta,,부당해고및부당노동행위구제재심판정취소,exempt,1
output_판례_보강/2008두8024_중재재정해석결정취소.md,letec,2008두8024,meta,prec,일반행정,meta,,중재재정해석결정취소,exempt,1
output_판례_보강/2008헌마477_최저임금법 제6조 제5항 위헌확인.md,letec,2008헌마477,meta,detc,헌마,meta,,최저임금법 제6조 제5항 위헌확인,exempt,1
output_판례_보강/2009가합1761_부당이득금반환.md,letec,2009가합1761,meta,prec,민사,meta,,부당이득금반환,exempt,1
output_판례_보강/2009다102452_임금등.md,letec,2009다102452,meta,prec,민사,meta,,임금등,exempt,1
output_판례_보강/2009다2545_손해배상(기).md,letec,2009다2545,meta,prec,민사,meta,,손해배상(기),exempt,1
output_판례_보강/2009다32362_임금등.md,letec,2009다32362,meta,prec,민사,meta,,임금등,exempt,1
output_판례_보강/2009다32522_종업원지위확인·종업원지위.md,letec,2009다32522,meta,prec,민사,meta,,종업원지위확인·종업원지위,exempt,1
output_판례_보강/2009다35040_퇴직금.md,letec,2009다35040,meta,prec,민사,meta,,퇴직금,exempt,1
output_판례_보강/2009다49377_정년확인.md,letec,2009다49377,meta,prec,민사,meta,,정년확인,exempt,1
output_판례_보강/2009다50308_부당이득금반환.md,letec,2009다50308,meta,prec,민사,meta,,부당이득금반환,exempt,1
output_판례_보강/2009다51158_임금.md,letec,2009다51158,meta,prec,민사,meta,,임금,exempt,1
output_판례_보강/2009다63205_해고무효확인.md,letec,2009다63205,meta,prec,민사,meta,,해고무효확인,exempt,1
output_판례_보강/2009다68941_보증채무금.md,letec,2009다68941,meta,prec,민사,meta,,보증채무금,exempt,1
output_판례_보강/2009다82244_손해배상(기).md,letec,2009다82244,meta,prec,민사,meta,,손해배상(기),exempt,1
output_판례_보강/2009다86246_임금.md,letec,2009다86246,meta,prec,민사,meta,,임금,exempt,1
output_판례_보강/2009다88303_손해배상(기).md,letec,2009다88303,meta,prec,민사,meta,,손해배상(기),exempt,1
output_판례_보강/2009다97314_부당이득금.md,letec,2009다97314,meta,prec,민사,meta,,부당이득금,exempt,1
output_판례_보강/2009다97611_해고무효확인등.md,letec,2009다97611,meta,prec,민사,meta,,해고무효확인등,exempt,1
output_판례_보강/2009다98652_손해배상(기).md,letec,2009다98652,meta,prec,민사,meta,,손해배상(기),exempt,1
output_판례_보강/2009다98928_구상금.md,letec,2009다98928,meta,prec,민사,meta,,구상금,exempt,1
output_판례_보강/2009다99396_퇴직금.md,letec,2009다99396,meta,prec,민사,meta,,퇴직금,exempt,1
output_판례_보강/2009도12180_노동조합및노동관계조정법위반.md,letec,2009도12180,meta,prec,형사,meta,,노동조합및노동관계조정법위반,exempt,1
output_판례_보강/2009도13833_근로기준법위반.md,letec,2009도13833,meta,prec,형사,meta,,근로기준법위반,exempt,1
output_판례_보강/2009도14442_통신비밀보호법위반·명예훼손.md,letec,2009도14442,meta,prec,형사,meta,,통신비밀보호법위반·명예훼손,exempt,1
output_판례_보강/2009도4558_노동조합및노동관계조정법위반.md,letec,2009도4558,meta,prec,형사,meta,,노동조합및노동관계조정법위반,exempt,1
output_판례_보강/2009도5008_폭력행위등처벌에관한법률위반(공동주거침입).md,letec,2009도5008,meta,prec,형사,meta,,폭력행위등처벌에관한법률위반(공동주거침입),exempt,1
output_판례_보강/2009도7722_사기·근로기준법위반.md,letec,2009도7722,meta,prec,형사,meta,,사기·근로기준법위반,exempt,1
output_판례_보강/2009도8917_업무방해·노동조합및노동관계조정법위반·집회및시위에관한법률위반.md,letec,2009도8917,meta,prec,형사,meta,,업무방해·노동조합및노동관계조정법위반·집회및시위에관한법률위반,exempt,1
output_판례_보강/2009두13627_재심판정처분취소.md,letec,2009두13627,meta,prec,일반행정,meta,,재심판정처분취소,exempt,1
output_판례_보강/2009두1440_요양불승인처분취소.md,letec,2009두1440,meta,prec,일반행정,meta,,요양불승인처분취소,exempt,1
output_판례_보강/2009두157_유족급여및장의비부지급처분취소.md,letec,2009두157,meta,prec,일반행정,meta,,유족급여및장의비부지급처분취소,exempt,1
output_판례_보강/2009두16763_부당해고및부당노동행위구제재심판정취소.md,letec,2009두16763,meta,prec,일반행정,meta,,부당해고및부당노동행위구제재심판정취소,exempt,1
output_판례_보강/2009두2238_부당해고구제재심판정취소.md,letec,2009두2238,meta,prec,일반행정,meta,,부당해고구제재심판정취소,exempt,1
output_판례_보강/2009두2665_재심판정취소.md,letec,2009두2665,meta,prec,일반행정,meta,,재심판정취소,exempt,1
output_판례_보강/2009두5374_부당 해고 및 부당 노동 행위 구제 재심판정 취소.md,letec,2009두5374,meta,prec,일반행정,meta,,부당 해고 및 부당 노동 행위 구제 재심판정 취소,exempt,1
output_판례_보강/2009두5794_유족급여및장의비부지급처분취소.md,letec,2009두5794,meta,prec,일반행정,meta,,유족급여및장의비부지급처분취소,exempt,1
output_판례_보강/2009두6186_요양불승인처분취소.md,letec,2009두6186,meta,prec,일반행정,meta,,요양불승인처분취소,exempt,1
output_판례_보강/2009두6605_부당해고및부당노동행위구제재심판정취소.md,letec,2009두6605,meta,prec,일반행정,meta,,부당해고및부당노동행위구제재심판정취소,exempt,1
output_판례_보강/2009두7332_재요양연기단축승인(일부불승인)처분취소.md,letec,2009두7332,meta,prec,일반행정,meta,,재요양연기단축승인(일부불승인)처분취소,exempt,1
output_판례_보강/2009두7790_부당해고구제재심판정취소.md,letec,2009두7790,meta,prec,일반행정,meta,,부당해고구제재심판정취소,exempt,1
output_판례_보강/2009두9574_부당 노동 행위 구제 재심 판정 취소.md,letec,2009두9574,meta,prec,일반행정,meta,,부당 노동 행위 구제 재심 판정 취소,exempt,1
output_판례_보강/2009헌마408_근로기준법 제34조 등 위헌확인.md,letec,2009헌마408,meta,detc,헌마,meta,,근로기준법 제34조 등 위헌확인,exempt,1
output_판례_보강/2009헌바168_형법 제314조 제1항 위헌소원.md,letec,2009헌바168,meta,detc,헌바,meta,,형법 제314조 제1항 위헌소원,exempt,1
output_판례_보강/2010가합10588_경업금지등.md,letec,2010가합10588,meta,prec,민사,meta,,경업금지등,exempt,1
output_판례_보강/2010가합161_위약금.md,letec,2010가합161,meta,prec,민사,meta,,위약금,exempt,1
output_판례_보강/2010누21794_차별시정판정등취소.md,letec,2010누21794,meta,prec,일반행정,meta,,차별시정판정등취소,exempt,1
output_판례_보강/2010다100919_해고무효확인등.md,letec,2010다100919,meta,prec,민사,meta,,해고무효확인등,exempt,1
output_판례_보강/2010다101011_임금.md,letec,2010다101011,meta,prec,민사,meta,,임금,exempt,1
output_판례_보강/2010다106054_임금.md,letec,2010다106054,meta,prec,민사,meta,,임금,exempt,1
output_판례_보강/2010다106436_근로자지위확인.md,letec,2010다106436,meta,prec,민사,meta,,근로자지위확인,exempt,1
output_판례_보강/2010다13282_손해배상(기).md,letec,2010다13282,meta,prec,민사,meta,,손해배상(기),exempt,1
output_판례_보강/2010다17468_임금.md,letec,2010다17468,meta,prec,민사,meta,,임금,exempt,1
output_판례_보강/2010다21962_해고등무효확인.md,letec,2010다21962,meta,prec,민사,meta,,해고등무효확인,exempt,1
output_판례_보강/2010다2428_채무부존재확인·손해배상(자).md,letec,2010다2428,meta,prec,민사,meta,,채무부존재확인·손해배상(자),exempt,1
output_판례_보강/2010다24534_손해배상(기).md,letec,2010다24534,meta,prec,민사,meta,,손해배상(기),exempt,1
output_판례_보강/2010다25698_청구이의.md,letec,2010다25698,meta,prec,민사,meta,,청구이의,exempt,1
output_판례_보강/2010다36407_징계처분무효확인.md,letec,2010다36407,meta,prec,민사,meta,,징계처분무효확인,exempt,1
output_판례_보강/2010다3735_임금.md,letec,2010다3735,meta,prec,민사,meta,,임금,exempt,1
output_판례_보강/2010다38007_근로자지위확인등.md,letec,2010다38007,meta,prec,민사,meta,,근로자지위확인등,exempt,1
output_판례_보강/2010다41089_해고무효확인등.md,letec,2010다41089,meta,prec,민사,meta,,해고무효확인등,exempt,1
output_판례_보강/2010다42495_분양대금등.md,letec,2010다42495,meta,prec,민사,meta,,분양대금등,exempt,1
output_판례_보강/2010다52041_전직무효확인등.md,letec,2010다52041,meta,prec,민사,meta,,전직무효확인등,exempt,1
output_판례_보강/2010다57459_퇴직금.md,letec,2010다57459,meta,prec,민사,meta,,퇴직금,exempt,1
output_판례_보강/2010다63836_회생담보권조사확정재판이의.md,letec,2010다63836,meta,prec,민사,meta,,회생담보권조사확정재판이의,exempt,1
output_판례_보강/2010다77514_퇴직금.md,letec,2010다77514,meta,prec,민사,meta,,퇴직금,exempt,1
output_판례_보강/2010다91046_임금.md,letec,2010다91046,meta,prec,민사,meta,,임금,exempt,1
output_판례_보강/2010다92148_해고무효확인.md,letec,2010다92148,meta,prec,민사,meta,,해고무효확인,exempt,1
output_판례_보강/2010다93707_근로자지위확인.md,letec,2010다93707,meta,prec,민사,meta,,근로자지위확인,exempt,1
output_판례_보강/2010다95147_퇴직금등.md,letec,2010다95147,meta,prec,민사,meta,,퇴직금등,exempt,1
output_판례_보강/2010다99279_징계무효확인등.md,letec,2010다99279,meta,prec,민사,meta,,징계무효확인등,exempt,1
output_판례_보강/2010도10721_노동조합및노동관계조정법위반.md,letec,2010도10721,meta,prec,형사,meta,,노동조합및노동관계조정법위반,exempt,1
output_판례_보강/2010도11030_특수공무집행방해치상(피고인10·16·17·19를제외한나머지피고인들에대하여일부인정된죄명 특수공무집행방해)·폭력.md,letec,2010도11030,meta,prec,형사,meta,,특수공무집행방해치상(피고인10·16·17·19를제외한나머지피고인들에대하여일부인정된죄명:특수공무집행방해)·폭력행위등처벌에관한법률위반(집단·흉기등퇴거불응)·폭력행위등처벌에관한법률위반(집단·흉기등상해)[피고인16·19를제외한나머지피고인들에대하여일부인정된죄명:폭력행위등처벌에관한법률위반(집단·흉기등폭행)]·폭력행위등처벌에관한법률위반(집단·흉기등체포)·특수체포치상·화염병사용등의처벌에관한법률위반·업무방해·폭력행위등처벌에관한법률위반(집단·흉기등재물손괴등)[피고인6·10에대하여일부인정된죄명:폭력행위등처벌에관한법률위반(공동재물손괴등)]·폭력행위등처벌에관한법률위반(공동재물손괴등)·폭력행위등처벌에관한법률위반(공동상해)·폭력행위등처벌에관한법률위반(공동폭행)·총포·도검·화약류등단속법위반,exempt,1
output_판례_보강/2010도12244_공직선거법위반.md,letec,2010도12244,meta,prec,형사,meta,,공직선거법위반,exempt,1
output_판례_보강/2010도14693_근로기준법위반(인정된죄명 근로자퇴직급여보장법위반).md,letec,2010도14693,meta,prec,형사,meta,,근로기준법위반(인정된죄명:근로자퇴직급여보장법위반),exempt,1
output_판례_보강/2010도3249_노동조합및노동관계조정법위반.md,letec,2010도3249,meta,prec,형사,meta,,노동조합및노동관계조정법위반,exempt,1
output_판례_보강/2010두10655_평균임금정정불승인및보험급여차액부지급처분취소.md,letec,2010두10655,meta,prec,일반행정,meta,,평균임금정정불승인및보험급여차액부지급처분취소,exempt,1
output_판례_보강/2010두12682_이행강제금부과처분취소.md,letec,2010두12682,meta,prec,일반행정,meta,,이행강제금부과처분취소,exempt,1
output_판례_보강/2010두17205_부당노동행위구제재심판정취소.md,letec,2010두17205,meta,prec,일반행정,meta,,부당노동행위구제재심판정취소,exempt,1
output_판례_보강/2010두1743_부당해고구제재심판정취소.md,letec,2010두1743,meta,prec,일반행정,meta,,부당해고구제재심판정취소,exempt,1
output_판례_보강/2010두184_요양불승인처분취소.md,letec,2010두184,meta,prec,일반행정,meta,,요양불승인처분취소,exempt,1
output_판례_보강/2010두18505_간병급여지급 제한 처분 취소.md,letec,2010두18505,meta,prec,일반행정,meta,,간병급여지급 제한 처분 취소,exempt,1
output_판례_보강/2010두20362_부당해고및부당정직구제재심판정취소.md,letec,2010두20362,meta,prec,일반행정,meta,,부당해고및부당정직구제재심판정취소,exempt,1
output_판례_보강/2010두23705_요양 불승인 처분 취소.md,letec,2010두23705,meta,prec,일반행정,meta,,요양 불승인 처분 취소,exempt,1
output_판례_보강/2010두24128_부당해고구제재심판정취소.md,letec,2010두24128,meta,prec,일반행정,meta,,부당해고구제재심판정취소,exempt,1
output_판례_보강/2010두27363_국가유공자요건비해당결정처분.md,letec,2010두27363,meta,prec,일반행정,meta,,국가유공자요건비해당결정처분,exempt,1
output_판례_보강/2010두3237_차별시정재심판정취소.md,letec,2010두3237,meta,prec,일반행정,meta,,차별시정재심판정취소,exempt,1
output_판례_보강/2010두5097_부당노동행위구제재심판정취소.md,letec,2010두5097,meta,prec,일반행정,meta,,부당노동행위구제재심판정취소,exempt,1
output_판례_보강/2010두5141_추가상병불승인처분취소.md,letec,2010두5141,meta,prec,일반행정,meta,,추가상병불승인처분취소,exempt,1
output_판례_보강/2010두8393_유족급여등부지급처분취소.md,letec,2010두8393,meta,prec,일반행정,meta,,유족급여등부지급처분취소,exempt,1
output_판례_보강/2010헌마606_노동조합 및 노동관계조정법 제24조 제2항 등 위헌확인.md,letec,2010헌마606,meta,detc,헌마,meta,,노동조합 및 노동관계조정법 제24조 제2항 등 위헌확인,exempt,1
output_판례_보강/2010헌바385_노동조합 및 노동관계조정법 제42조의2 등 위헌소원.md,letec,2010헌바385,meta,detc,헌바,meta,,노동조합 및 노동관계조정법 제42조의2 등 위헌소원,exempt,1
output_판례_보강/2011나10420_임금.md,letec,2011나10420,meta,prec,민사,meta,,임금,exempt,1
output_판례_보강/2011다101308_임금등.md,letec,2011다101308,meta,prec,민사,meta,,임금등,exempt,1
output_판례_보강/2011다112391_임금등.md,letec,2011다112391,meta,prec,민사,meta,,임금등,exempt,1
output_판례_보강/2011다20034_임금.md,letec,2011다20034,meta,prec,민사,meta,,임금,exempt,1
output_판례_보강/2011다23149_임금등.md,letec,2011다23149,meta,prec,민사,meta,,임금등,exempt,1
output_판례_보강/2011다39946_임금.md,letec,2011다39946,meta,prec,민사,meta,,임금,exempt,1
output_판례_보강/2011다41420_징계무효확인.md,letec,2011다41420,meta,prec,민사,meta,,징계무효확인,exempt,1
output_판례_보강/2011다42324_퇴직금등.md,letec,2011다42324,meta,prec,민사,meta,,퇴직금등,exempt,1
output_판례_보강/2011다42348_손해배상(기).md,letec,2011다42348,meta,prec,민사,meta,,손해배상(기),exempt,1
output_판례_보강/2011다45217_퇴직금.md,letec,2011다45217,meta,prec,민사,meta,,퇴직금,exempt,1
output_판례_보강/2011다4629_임금.md,letec,2011다4629,meta,prec,민사,meta,,임금,exempt,1
output_판례_보강/2011다53638_퇴직금.md,letec,2011다53638,meta,prec,민사,meta,,퇴직금,exempt,1
output_판례_보강/2011다60193_해고무효확인.md,letec,2011다60193,meta,prec,민사,meta,,해고무효확인,exempt,1
output_판례_보강/2011다60247_손해배상(산).md,letec,2011다60247,meta,prec,민사,meta,,손해배상(산),exempt,1
output_판례_보강/2011다68777_배당이의.md,letec,2011다68777,meta,prec,민사,meta,,배당이의,exempt,1
output_판례_보강/2011다78804_부당징계무효확인.md,letec,2011다78804,meta,prec,민사,meta,,부당징계무효확인,exempt,1
output_판례_보강/2011다80449_낙찰자지위확인등.md,letec,2011다80449,meta,prec,민사,meta,,낙찰자지위확인등,exempt,1
output_판례_보강/2011다81022_야간근무수당등 임금.md,letec,2011다81022,meta,prec,민사,meta,,야간근무수당등 임금,exempt,1
output_판례_보강/2011다86287_임금.md,letec,2011다86287,meta,prec,민사,meta,,임금,exempt,1
output_판례_보강/2011다95519_임금.md,letec,2011다95519,meta,prec,민사,meta,,임금,exempt,1
output_판례_보강/2011도10539_근로기준법 위반·사기·사기미수·사문서위조·위조사문서행사.md,letec,2011도10539,meta,prec,형사,meta,,근로기준법 위반·사기·사기미수·사문서위조·위조사문서행사,exempt,1
output_판례_보강/2011도12114_근로기준법위반.md,letec,2011도12114,meta,prec,형사,meta,,근로기준법위반,exempt,1
output_판례_보강/2011도393_업무방해.md,letec,2011도393,meta,prec,형사,meta,,업무방해,exempt,1
output_판례_보강/2011도468_업무방해.md,letec,2011도468,meta,prec,형사,meta,,업무방해,exempt,1
output_판례_보강/2011도9077_근로기준법 위반.md,letec,2011도9077,meta,prec,형사,meta,,근로기준법 위반,exempt,1
output_판례_보강/2011두11310_부당해고구제재심판정취소.md,letec,2011두11310,meta,prec,일반행정,meta,,부당해고구제재심판정취소,exempt,1
output_판례_보강/2011두12528_부당해고구제재심판정취소.md,letec,2011두12528,meta,prec,일반행정,meta,,부당해고구제재심판정취소,exempt,1
output_판례_보강/2011두13392_단체협약시정명령취소.md,letec,2011두13392,meta,prec,일반행정,meta,,단체협약시정명령취소,exempt,1
output_판례_보강/2011두15404_노동조합규약시정명령취소.md,letec,2011두15404,meta,prec,일반행정,meta,,노동조합규약시정명령취소,exempt,1
output_판례_보강/2011두15640_장해급여부지급처분취소.md,letec,2011두15640,meta,prec,일반행정,meta,,장해급여부지급처분취소,exempt,1
output_판례_보강/2011두2170_이행강제금부과처분취소.md,letec,2011두2170,meta,prec,일반행정,meta,,이행강제금부과처분취소,exempt,1
output_판례_보강/2011두24361_부당해고구제재심판정취소.md,letec,2011두24361,meta,prec,일반행정,meta,,부당해고구제재심판정취소,exempt,1
output_판례_보강/2011두24644_유족급여및장의비부지급처분취소.md,letec,2011두24644,meta,prec,일반행정,meta,,유족급여및장의비부지급처분취소,exempt,1
output_판례_보강/2011두25661_요양불승인처분취소.md,letec,2011두25661,meta,prec,일반행정,meta,,요양불승인처분취소,exempt,1
output_판례_보강/2011두30069_부당해고등구제재심판정취소.md,letec,2011두30069,meta,prec,일반행정,meta,,부당해고등구제재심판정취소,exempt,1
output_판례_보강/2011두32898_유족보상금부지급처분취소.md,letec,2011두32898,meta,prec,일반행정,meta,,유족보상금부지급처분취소,exempt,1
output_판례_보강/2011두3944_유족 급여등 부지급 처분 취소.md,letec,2011두3944,meta,prec,일반행정,meta,,유족 급여등 부지급 처분 취소,exempt,1
output_판례_보강/2011두4282_부당전적구제재심판정취소.md,letec,2011두4282,meta,prec,일반행정,meta,,부당전적구제재심판정취소,exempt,1
output_판례_보강/2011두5391_차별시정판정등취소.md,letec,2011두5391,meta,prec,일반행정,meta,,차별시정판정등취소,exempt,1
output_판례_보강/2011두6998_노동조합설립신고반려처분취소.md,letec,2011두6998,meta,prec,일반행정,meta,,노동조합설립신고반려처분취소,exempt,1
output_판례_보강/2011두7045_차별시정재심판정취소.md,letec,2011두7045,meta,prec,일반행정,meta,,차별시정재심판정취소,exempt,1
output_판례_보강/2011두921_통보처분취소.md,letec,2011두921,meta,prec,일반행정,meta,,통보처분취소,exempt,1
output_판례_보강/2011헌바395_구 파견근로자보호 등에 관한 법률 제43조 제1호 등 위헌소원.md,letec,2011헌바395,meta,detc,헌바,meta,,구 파견근로자보호 등에 관한 법률 제43조 제1호 등 위헌소원,exempt,1
output_판례_보강/2011헌바53_노동조합 및 노동관계조정법 제12조 제3항 제1호 위헌소원.md,letec,2011헌바53,meta,detc,헌바,meta,,노동조합 및 노동관계조정법 제12조 제3항 제1호 위헌소원,exempt,1
output_판례_보강/2012누19375_부당해고구제재심판정취소.md,letec,2012누19375,meta,prec,일반행정,meta,,부당해고구제재심판정취소,exempt,1
output_판례_보강/2012다105505_임금.md,letec,2012다105505,meta,prec,민사,meta,,임금,exempt,1
output_판례_보강/2012다10959_해고무효확인등.md,letec,2012다10959,meta,prec,민사,meta,,해고무효확인등,exempt,1
output_판례_보강/2012다116864_해고무효확인.md,letec,2012다116864,meta,prec,민사,meta,,해고무효확인,exempt,1
output_판례_보강/2012다119092_구상금.md,letec,2012다119092,meta,prec,민사,meta,,구상금,exempt,1
output_판례_보강/2012다12870_손해배상.md,letec,2012다12870,meta,prec,민사,meta,,손해배상,exempt,1
output_판례_보강/2012다14517_해고무효확인.md,letec,2012다14517,meta,prec,민사,meta,,해고무효확인,exempt,1
output_판례_보강/2012다17806_해고무효확인등.md,letec,2012다17806,meta,prec,민사,meta,,해고무효확인등,exempt,1
output_판례_보강/2012다32690_임금.md,letec,2012다32690,meta,prec,민사,meta,,임금,exempt,1
output_판례_보강/2012다43522_보직변경발령무효확인등.md,letec,2012다43522,meta,prec,민사,meta,,보직변경발령무효확인등,exempt,1
output_판례_보강/2012다48077_퇴직금지급.md,letec,2012다48077,meta,prec,민사,meta,,퇴직금지급,exempt,1
output_판례_보강/2012다55518_전속계약금등반환[사이닝 보너스 사건].md,letec,2012다55518,meta,prec,민사,meta,,전속계약금등반환[사이닝 보너스 사건],exempt,1
output_판례_보강/2012다64833_진료정지처분 무효확인등.md,letec,2012다64833,meta,prec,민사,meta,,진료정지처분 무효확인등,exempt,1
output_판례_보강/2012다70388_퇴직금.md,letec,2012다70388,meta,prec,민사,meta,,퇴직금,exempt,1
output_판례_보강/2012다71138_임금.md,letec,2012다71138,meta,prec,민사,meta,,임금,exempt,1
output_판례_보강/2012다8239_임금등.md,letec,2012다8239,meta,prec,민사,meta,,임금등,exempt,1
output_판례_보강/2012다85335_임금.md,letec,2012다85335,meta,prec,민사,meta,,임금,exempt,1
output_판례_보강/2012다85472_임금·손해배상(기)·임금·임금.md,letec,2012다85472,meta,prec,민사,meta,,임금·손해배상(기)·임금·임금,exempt,1
output_판례_보강/2012다89399_퇴직금.md,letec,2012다89399,meta,prec,민사,meta,,퇴직금,exempt,1
output_판례_보강/2012다94643_임금.md,letec,2012다94643,meta,prec,민사,meta,,임금,exempt,1
output_판례_보강/2012다96120_총회결의무효등.md,letec,2012다96120,meta,prec,민사,meta,,총회결의무효등,exempt,1
output_판례_보강/2012다96885_임금.md,letec,2012다96885,meta,prec,민사,meta,,임금,exempt,1
output_판례_보강/2012다96922_근로자지위확인등.md,letec,2012다96922,meta,prec,민사,meta,,근로자지위확인등,exempt,1
output_판례_보강/2012다98225_소유권지분 이전 등기.md,letec,2012다98225,meta,prec,민사,meta,,소유권지분 이전 등기,exempt,1
output_판례_보강/2012다98720_해고무효확인등.md,letec,2012다98720,meta,prec,민사,meta,,해고무효확인등,exempt,1
output_판례_보강/2012도5875_근로기준법위반.md,letec,2012도5875,meta,prec,형사,meta,,근로기준법위반,exempt,1
output_판례_보강/2012도6537_근로기준법위반.md,letec,2012도6537,meta,prec,형사,meta,,근로기준법위반,exempt,1
output_판례_보강/2012도8694_근로기준법위반.md,letec,2012도8694,meta,prec,형사,meta,,근로기준법위반,exempt,1
output_판례_보강/2012두12457_단체협약시정명령취소.md,letec,2012두12457,meta,prec,일반행정,meta,,단체협약시정명령취소,exempt,1
output_판례_보강/2012두1402_부당해고구제재심판정취소.md,letec,2012두1402,meta,prec,일반행정,meta,,부당해고구제재심판정취소,exempt,1
output_판례_보강/2012두18585_부당해고구제재심판정취소.md,letec,2012두18585,meta,prec,일반행정,meta,,부당해고구제재심판정취소,exempt,1
output_판례_보강/2012두20991_요양불승인처분취소.md,letec,2012두20991,meta,prec,일반행정,meta,,요양불승인처분취소,exempt,1
output_판례_보강/2012두22003_노동쟁의중재재정재심결정취소.md,letec,2012두22003,meta,prec,일반행정,meta,,노동쟁의중재재정재심결정취소,exempt,1
output_판례_보강/2012두2207_차별시정재심판정취소.md,letec,2012두2207,meta,prec,일반행정,meta,,차별시정재심판정취소,exempt,1
output_판례_보강/2012두24214_요양불승인처분취소.md,letec,2012두24214,meta,prec,일반행정,meta,,요양불승인처분취소,exempt,1
output_판례_보강/2012두25552_정직처분취소등.md,letec,2012두25552,meta,prec,일반행정,meta,,정직처분취소등,exempt,1
output_판례_보강/2012두25873_부당해고구제재심판정취소.md,letec,2012두25873,meta,prec,일반행정,meta,,부당해고구제재심판정취소,exempt,1
output_판례_보강/2012두26142_장해보상연금개시일자결정처분취소.md,letec,2012두26142,meta,prec,일반행정,meta,,장해보상연금개시일자결정처분취소,exempt,1
output_판례_보강/2012두3859_장해급여부지급결정처분취소.md,letec,2012두3859,meta,prec,일반행정,meta,,장해급여부지급결정처분취소,exempt,1
output_판례_보강/2012두4036_부당해고 구제명령 재심판정 취소.md,letec,2012두4036,meta,prec,일반행정,meta,,부당해고 구제명령 재심판정 취소,exempt,1
output_판례_보강/2012두4852_복직반려처분취소.md,letec,2012두4852,meta,prec,일반행정,meta,,복직반려처분취소,exempt,1
output_판례_보강/2012두5176_산재보험료부과처분취소소송등.md,letec,2012두5176,meta,prec,일반행정,meta,,산재보험료부과처분취소소송등,exempt,1
output_판례_보강/2012두6063_시정명령취소.md,letec,2012두6063,meta,prec,일반행정,meta,,시정명령취소,exempt,1
output_판례_보강/2012두9758_부당전직구제재심판정취소.md,letec,2012두9758,meta,prec,일반행정,meta,,부당전직구제재심판정취소,exempt,1
output_판례_보강/2012헌마494_교육공무원법 제29조의3 제4항 등 위헌확인.md,letec,2012헌마494,meta,detc,헌마,meta,,교육공무원법 제29조의3 제4항 등 위헌확인,exempt,1
output_판례_보강/2012헌바382_산업재해보상보험법 제36조 제7항 등 위헌소원.md,letec,2012헌바382,meta,detc,헌바,meta,,산업재해보상보험법 제36조 제7항 등 위헌소원,exempt,1
output_판례_보강/2012헌바66_형법 제314조 제1항 위헌소원.md,letec,2012헌바66,meta,detc,헌바,meta,,형법 제314조 제1항 위헌소원,exempt,1
output_판례_보강/2013누53679_부당해고구제재심판정취소.md,letec,2013누53679,meta,prec,일반행정,meta,,부당해고구제재심판정취소,exempt,1
output_판례_보강/2013다101425_임금.md,letec,2013다101425,meta,prec,민사,meta,,임금,exempt,1
output_판례_보강/2013다1051_임금지급등.md,letec,2013다1051,meta,prec,민사,meta,,임금지급등,exempt,1
output_판례_보강/2013다14965_근로자지위확인.md,letec,2013다14965,meta,prec,민사,meta,,근로자지위확인,exempt,1
output_판례_보강/2013다204119_퇴직금.md,letec,2013다204119,meta,prec,민사,meta,,퇴직금,exempt,1
output_판례_보강/2013다205778_손해배상(기).md,letec,2013다205778,meta,prec,민사,meta,,손해배상(기),exempt,1
output_판례_보강/2013다210299_부당이득금.md,letec,2013다210299,meta,prec,민사,meta,,부당이득금,exempt,1
output_판례_보강/2013다25118_채무부존재확인.md,letec,2013다25118,meta,prec,민사,meta,,채무부존재확인,exempt,1
output_판례_보강/2013다25194_임금·손해배상(기).md,letec,2013다25194,meta,prec,민사,meta,,임금·손해배상(기),exempt,1
output_판례_보강/2013다2672_해고무효확인.md,letec,2013다2672,meta,prec,민사,meta,,해고무효확인,exempt,1
output_판례_보강/2013다28926_임금(버스운전기사가 버스운행을 마친 후 다음 운행 전까지 대기하는 시간이 근로시간에 해당하는지 문제된 사건).md,letec,2013다28926,meta,prec,민사,meta,,임금(버스운전기사가 버스운행을 마친 후 다음 운행 전까지 대기하는 시간이 근로시간에 해당하는지 문제된 사건),exempt,1
output_판례_보강/2013다36347_체불임금.md,letec,2013다36347,meta,prec,민사,meta,,체불임금,exempt,1
output_판례_보강/2013다60807_임금등.md,letec,2013다60807,meta,prec,민사,meta,,임금등,exempt,1
output_판례_보강/2013다69385_손해배상(기).md,letec,2013다69385,meta,prec,민사,meta,,손해배상(기),exempt,1
output_판례_보강/2013다71180_추심금.md,letec,2013다71180,meta,prec,민사,meta,,추심금,exempt,1
output_판례_보강/2013다74363_임금등.md,letec,2013다74363,meta,prec,민사,meta,,임금등,exempt,1
output_판례_보강/2013다74592_임금(직접 고용한 것으로 간주되는 파견근로자의 근로조건 사건).md,letec,2013다74592,meta,prec,민사,meta,,임금(직접 고용한 것으로 간주되는 파견근로자의 근로조건 사건),exempt,1
output_판례_보강/2013다77805_퇴직금.md,letec,2013다77805,meta,prec,민사,meta,,퇴직금,exempt,1
output_판례_보강/2013다84643_단체교섭응낙청구·단체교섭응낙청구.md,letec,2013다84643,meta,prec,민사,meta,,단체교섭응낙청구·단체교섭응낙청구,exempt,1
output_판례_보강/2013다85523_해고무효확인.md,letec,2013다85523,meta,prec,민사,meta,,해고무효확인,exempt,1
output_판례_보강/2013도13070_산업재해보상보험법위반·공공기관의개인정보보호에관한법률위반.md,letec,2013도13070,meta,prec,형사,meta,,산업재해보상보험법위반·공공기관의개인정보보호에관한법률위반,exempt,1
output_판례_보강/2013도16404_통신비밀보호법위반.md,letec,2013도16404,meta,prec,형사,meta,,통신비밀보호법위반,exempt,1
output_판례_보강/2013도1959_근로기준법위반.md,letec,2013도1959,meta,prec,형사,meta,,근로기준법위반,exempt,1
output_판례_보강/2013도7896_근로기준법위반·노동조합및노동관계조정법위반.md,letec,2013도7896,meta,prec,형사,meta,,근로기준법위반·노동조합및노동관계조정법위반,exempt,1
output_판례_보강/2013도8417_근로기준법위반.md,letec,2013도8417,meta,prec,형사,meta,,근로기준법위반,exempt,1
output_판례_보강/2013두1232_평균임금정정불승인처분취소.md,letec,2013두1232,meta,prec,일반행정,meta,,평균임금정정불승인처분취소,exempt,1
output_판례_보강/2013두13198_부당해고구제재심판정취소.md,letec,2013두13198,meta,prec,일반행정,meta,,부당해고구제재심판정취소,exempt,1
output_판례_보강/2013두14610_보육수당지급.md,letec,2013두14610,meta,prec,일반행정,meta,,보육수당지급,exempt,1
output_판례_보강/2013두20011_공무원지위확인.md,letec,2013두20011,meta,prec,일반행정,meta,,공무원지위확인,exempt,1
output_판례_보강/2013두24396_부당해고구제재심판정취소.md,letec,2013두24396,meta,prec,일반행정,meta,,부당해고구제재심판정취소,exempt,1
output_판례_보강/2013두24860_요양불승인처분취소.md,letec,2013두24860,meta,prec,일반행정,meta,,요양불승인처분취소,exempt,1
output_판례_보강/2013두25276_요양불승인처분취소[회식 음주가 원인인 부상 등의 업무상 재해 사건].md,letec,2013두25276,meta,prec,일반행정,meta,,요양불승인처분취소[회식 음주가 원인인 부상 등의 업무상 재해 사건],exempt,1
output_판례_보강/2013두26750_부당해고구제재심판정취소.md,letec,2013두26750,meta,prec,일반행정,meta,,부당해고구제재심판정취소,exempt,1
output_판례_보강/2013두3160_단체협약시정명령취소[단체협약 시정명령 사건].md,letec,2013두3160,meta,prec,일반행정,meta,,단체협약시정명령취소[단체협약 시정명령 사건],exempt,1
output_판례_보강/2013두3351_부당해고구제재심판정취소.md,letec,2013두3351,meta,prec,일반행정,meta,,부당해고구제재심판정취소,exempt,1
output_판례_보강/2013두5845_수당금.md,letec,2013두5845,meta,prec,일반행정,meta,,수당금,exempt,1
output_판례_보강/2013두8332_재요양휴업급여청구부지급취소.md,letec,2013두8332,meta,prec,일반행정,meta,,재요양휴업급여청구부지급취소,exempt,1
output_판례_보강/2013므2250_이혼등.md,letec,2013므2250,meta,prec,가사,meta,,이혼등,exempt,1
output_판례_보강/2013헌가12_근로기준법 제109조 제1항 위헌제청.md,letec,2013헌가12,meta,detc,헌가,meta,,근로기준법 제109조 제1항 위헌제청,exempt,1
output_판례_보강/2013헌마343_관공서의 공휴일에 관한 규정 제2조 위헌확인.md,letec,2013헌마343,meta,detc,헌마,meta,,관공서의 공휴일에 관한 규정 제2조 위헌확인,exempt,1
output_판례_보강/2013헌마619_입법부작위 위헌확인.md,letec,2013헌마619,meta,detc,헌마,meta,,입법부작위 위헌확인,exempt,1
output_판례_보강/2013헌마671_교원의 노동조합 설립 및 운영 등에 관한 법률 제2조 위헌확인 등.md,letec,2013헌마671,meta,detc,헌마,meta,,교원의 노동조합 설립 및 운영 등에 관한 법률 제2조 위헌확인 등,exempt,1
output_판례_보강/2013헌바171_근로기준법 제33조 위헌소원.md,letec,2013헌바171,meta,detc,헌바,meta,,근로기준법 제33조 위헌소원,exempt,1
output_판례_보강/2013헌바172_근로기준법 제56조 위헌소원.md,letec,2013헌바172,meta,detc,헌바,meta,,근로기준법 제56조 위헌소원,exempt,1
output_판례_보강/2014가단5356072_손해배상(산).md,letec,2014가단5356072,meta,prec,민사,meta,,손해배상(산),exempt,1
output_판례_보강/2014다11550_교섭대표노동조합지위확인.md,letec,2014다11550,meta,prec,민사,meta,,교섭대표노동조합지위확인,exempt,1
output_판례_보강/2014다11888_퇴직금등.md,letec,2014다11888,meta,prec,민사,meta,,퇴직금등,exempt,1
output_판례_보강/2014다13457_해고무효확인등.md,letec,2014다13457,meta,prec,민사,meta,,해고무효확인등,exempt,1
output_판례_보강/2014다203045_부당이득금반환.md,letec,2014다203045,meta,prec,민사,meta,,부당이득금반환,exempt,1
output_판례_보강/2014다204666_구상금.md,letec,2014다204666,meta,prec,민사,meta,,구상금,exempt,1
output_판례_보강/2014다20875_해고무효확인등·해고무효확인.md,letec,2014다20875,meta,prec,민사,meta,,해고무효확인등·해고무효확인,exempt,1
output_판례_보강/2014다210074_직권면직무효확인등.md,letec,2014다210074,meta,prec,민사,meta,,직권면직무효확인등,exempt,1
output_판례_보강/2014다211053_해고무효확인.md,letec,2014다211053,meta,prec,민사,meta,,해고무효확인,exempt,1
output_판례_보강/2014다232296_임금.md,letec,2014다232296,meta,prec,민사,meta,,임금,exempt,1
output_판례_보강/2014다27807_퇴직금.md,letec,2014다27807,meta,prec,민사,meta,,퇴직금,exempt,1
output_판례_보강/2014다28305_해고무효확인및임금.md,letec,2014다28305,meta,prec,민사,meta,,해고무효확인및임금,exempt,1
output_판례_보강/2014다41681_임금.md,letec,2014다41681,meta,prec,민사,meta,,임금,exempt,1
output_판례_보강/2014다44376_부당이득금.md,letec,2014다44376,meta,prec,민사,meta,,부당이득금,exempt,1
output_판례_보강/2014다44673_임금등.md,letec,2014다44673,meta,prec,민사,meta,,임금등,exempt,1
output_판례_보강/2014다46969_근로자지위확인등.md,letec,2014다46969,meta,prec,민사,meta,,근로자지위확인등,exempt,1
output_판례_보강/2014다63087_택시부가세환급금.md,letec,2014다63087,meta,prec,민사,meta,,택시부가세환급금,exempt,1
output_판례_보강/2014다74254_임금.md,letec,2014다74254,meta,prec,민사,meta,,임금,exempt,1
output_판례_보강/2014다9632_대기처분무효확인.md,letec,2014다9632,meta,prec,민사,meta,,대기처분무효확인,exempt,1
output_판례_보강/2014도12753_근로기준법위반·근로자퇴직급여보장법위반.md,letec,2014도12753,meta,prec,형사,meta,,근로기준법위반·근로자퇴직급여보장법위반,exempt,1
output_판례_보강/2014도15915_근로기준법위반.md,letec,2014도15915,meta,prec,형사,meta,,근로기준법위반,exempt,1
output_판례_보강/2014두11137_부당노동행위구제재심판정취소.md,letec,2014두11137,meta,prec,일반행정,meta,,부당노동행위구제재심판정취소,exempt,1
output_판례_보강/2014두12598_부당해고및부당노동행위구제재심판정취소·부당해고및부당노동행위구제재심판정취소.md,letec,2014두12598,meta,prec,일반행정,meta,,부당해고및부당노동행위구제재심판정취소·부당해고및부당노동행위구제재심판정취소,exempt,1
output_판례_보강/2014두3020_임금·임금.md,letec,2014두3020,meta,prec,일반행정,meta,,임금·임금,exempt,1
output_판례_보강/2014두35232_요양불승인처분취소.md,letec,2014두35232,meta,prec,일반행정,meta,,요양불승인처분취소,exempt,1
output_판례_보강/2014두35799_부당징계구제재심판정취소.md,letec,2014두35799,meta,prec,일반행정,meta,,부당징계구제재심판정취소,exempt,1
output_판례_보강/2014두40616_제명의결처분무효확인.md,letec,2014두40616,meta,prec,일반행정,meta,,제명의결처분무효확인,exempt,1
output_판례_보강/2014두43288_차별시정재심판정취소[기간제 근로자의 차별시정 사건].md,letec,2014두43288,meta,prec,일반행정,meta,,차별시정재심판정취소[기간제 근로자의 차별시정 사건],exempt,1
output_판례_보강/2014두45765_부당해고구제재심판정취소.md,letec,2014두45765,meta,prec,일반행정,meta,,부당해고구제재심판정취소,exempt,1
output_판례_보강/2014두4931_부당해고구제재심판정취소.md,letec,2014두4931,meta,prec,일반행정,meta,,부당해고구제재심판정취소,exempt,1
output_판례_보강/2014두724_요양급여불승인처분취소.md,letec,2014두724,meta,prec,일반행정,meta,,요양급여불승인처분취소,exempt,1
output_판례_보강/2014헌바269_산업재해보상보험법 제37조 제1항 제1호 등 위헌소원.md,letec,2014헌바269,meta,detc,헌바,meta,,산업재해보상보험법 제37조 제1항 제1호 등 위헌소원,exempt,1
output_판례_보강/2015가단5324874_손해배상(기).md,letec,2015가단5324874,meta,prec,민사,meta,,손해배상(기),exempt,1
output_판례_보강/2015나5422_임금.md,letec,2015나5422,meta,prec,민사,meta,,임금,exempt,1
output_판례_보강/2015다204762_배당이의.md,letec,2015다204762,meta,prec,민사,meta,,배당이의,exempt,1
output_판례_보강/2015다209699_취업규칙무효확인.md,letec,2015다209699,meta,prec,민사,meta,,취업규칙무효확인,exempt,1
output_판례_보강/2015다213568_임금.md,letec,2015다213568,meta,prec,민사,meta,,임금,exempt,1
output_판례_보강/2015다217287_임금.md,letec,2015다217287,meta,prec,민사,meta,,임금,exempt,1
output_판례_보강/2015다230228_구상금.md,letec,2015다230228,meta,prec,민사,meta,,구상금,exempt,1
output_판례_보강/2015다24843_무급휴직무효확인.md,letec,2015다24843,meta,prec,민사,meta,,무급휴직무효확인,exempt,1
output_판례_보강/2015다254231_재임용거부무효확인청구[대학교원에 대한 재임용거부처분이 불법행위를 구성함을 이유로 학교법인을 상대로 재산적 손.md,letec,2015다254231,meta,prec,민사,meta,,재임용거부무효확인청구[대학교원에 대한 재임용거부처분이 불법행위를 구성함을 이유로 학교법인을 상대로 재산적 손해배상책임 등을 구하는 사건],exempt,1
output_판례_보강/2015다254873_임금.md,letec,2015다254873,meta,prec,민사,meta,,임금,exempt,1
output_판례_보강/2015다5170_해고무효확인등.md,letec,2015다5170,meta,prec,민사,meta,,해고무효확인등,exempt,1
output_판례_보강/2015다59146_퇴직금등.md,letec,2015다59146,meta,prec,민사,meta,,퇴직금등,exempt,1
output_판례_보강/2015다65561_임금.md,letec,2015다65561,meta,prec,민사,meta,,임금,exempt,1
output_판례_보강/2015다66052_임금.md,letec,2015다66052,meta,prec,민사,meta,,임금,exempt,1
output_판례_보강/2015다69846_임금.md,letec,2015다69846,meta,prec,민사,meta,,임금,exempt,1
output_판례_보강/2015다73043_임금.md,letec,2015다73043,meta,prec,민사,meta,,임금,exempt,1
output_판례_보강/2015다73067_임금.md,letec,2015다73067,meta,prec,민사,meta,,임금,exempt,1
output_판례_보강/2015도11659_파견근로자보호등에관한법률위반·근로기준법위반.md,letec,2015도11659,meta,prec,형사,meta,,파견근로자보호등에관한법률위반·근로기준법위반,exempt,1
output_판례_보강/2015도13909_최저임금법위반·근로기준법위반.md,letec,2015도13909,meta,prec,형사,meta,,최저임금법위반·근로기준법위반,exempt,1
output_판례_보강/2015도15317_근로기준법위반·근로자퇴직급여보장법위반.md,letec,2015도15317,meta,prec,형사,meta,,근로기준법위반·근로자퇴직급여보장법위반,exempt,1
output_판례_보강/2015도464_산업기술의유출방지및보호에관한법률위반·업무상배임.md,letec,2015도464,meta,prec,형사,meta,,산업기술의유출방지및보호에관한법률위반·업무상배임,exempt,1
"output_판례_보강/2015도676_최저임금법위반(변경된 취업규칙상 소정근로시간 단축 조항이 탈법행위로 무효인 경우, 사용자의 최저임금법위반죄의.md",letec,2015도676,meta,prec,형사,meta,,"최저임금법위반(변경된 취업규칙상 소정근로시간 단축 조항이 탈법행위로 무효인 경우, 사용자의 최저임금법위반죄의 고의 인정 여부에 관한 사건)",exempt,1
output_판례_보강/2015두36126_부당해고구제재심판정취소.md,letec,2015두36126,meta,prec,일반행정,meta,,부당해고구제재심판정취소,exempt,1
output_판례_보강/2015두36157_평균임금정정불승인및보험급여차액부지급처분취소.md,letec,2015두36157,meta,prec,일반행정,meta,,평균임금정정불승인및보험급여차액부지급처분취소,exempt,1
output_판례_보강/2015두38092_교섭단위분리재심결정취소[방송연기자의 노동조합법상 근로자성 인정 여부가 문제된 사건].md,letec,2015두38092,meta,prec,일반행정,meta,,교섭단위분리재심결정취소[방송연기자의 노동조합법상 근로자성 인정 여부가 문제된 사건],exempt,1
output_판례_보강/2015두3867_요양불승인처분취소.md,letec,2015두3867,meta,prec,일반행정,meta,,요양불승인처분취소,exempt,1
output_판례_보강/2015두39361_교섭단위분리결정재심결정취소.md,letec,2015두39361,meta,prec,일반행정,meta,,교섭단위분리결정재심결정취소,exempt,1
output_판례_보강/2015두39897_장해급여부지급처분취소.md,letec,2015두39897,meta,prec,일반행정,meta,,장해급여부지급처분취소,exempt,1
output_판례_보강/2015두41401_부당해고구제재심판정취소.md,letec,2015두41401,meta,prec,일반행정,meta,,부당해고구제재심판정취소,exempt,1
output_판례_보강/2015두44493_해고무효확인.md,letec,2015두44493,meta,prec,일반행정,meta,,해고무효확인,exempt,1
output_판례_보강/2015두45113_직권면직처분취소.md,letec,2015두45113,meta,prec,일반행정,meta,,직권면직처분취소,exempt,1
output_판례_보강/2015두46321_시간강사료반환처분등무효확인[비전업 시간강사 강사료 차등지급 사건].md,letec,2015두46321,meta,prec,일반행정,meta,,시간강사료반환처분등무효확인[비전업 시간강사 강사료 차등지급 사건],exempt,1
output_판례_보강/2015두48136_부당해고구제재심판정취소.md,letec,2015두48136,meta,prec,일반행정,meta,,부당해고구제재심판정취소,exempt,1
output_판례_보강/2015두51651_육아휴직급여제한및반환ㆍ추가징수처분취소(육아휴직 중 해외 체류 등을 원인으로 한 육아휴직 급여 제한 및 반환처.md,letec,2015두51651,meta,prec,일반행정,meta,,육아휴직급여제한및반환ㆍ추가징수처분취소(육아휴직 중 해외 체류 등을 원인으로 한 육아휴직 급여 제한 및 반환처분 등이 적법한지 여부가 다투어진 사건),exempt,1
output_판례_보강/2015두52531_해고무효확인.md,letec,2015두52531,meta,prec,일반행정,meta,,해고무효확인,exempt,1
output_판례_보강/2015두54759_부당해고구제재심판정취소.md,letec,2015두54759,meta,prec,일반행정,meta,,부당해고구제재심판정취소,exempt,1
output_판례_보강/2015두57611_근로자지위확인의소.md,letec,2015두57611,meta,prec,일반행정,meta,,근로자지위확인의소,exempt,1
output_판례_보강/2015두59907_부당해고구제재심판정취소.md,letec,2015두59907,meta,prec,일반행정,meta,,부당해고구제재심판정취소,exempt,1
output_판례_보강/2015두776_부당정직구제재심판정취소.md,letec,2015두776,meta,prec,일반행정,meta,,부당정직구제재심판정취소,exempt,1
output_판례_보강/2015헌바413_근로기준법 제2조 제1항 제1호 위헌소원.md,letec,2015헌바413,meta,detc,헌바,meta,,근로기준법 제2조 제1항 제1호 위헌소원,exempt,1
output_판례_보강/2016나54360_해고무효확인.md,letec,2016나54360,meta,prec,민사,meta,,해고무효확인,exempt,1
output_판례_보강/2016누50206_부당비행정지구제재심판정취소.md,letec,2016누50206,meta,prec,일반행정,meta,,부당비행정지구제재심판정취소,exempt,1
output_판례_보강/2016다11226_손해배상(기)등.md,letec,2016다11226,meta,prec,민사,meta,,손해배상(기)등,exempt,1
output_판례_보강/2016다12748_손해배상(기)등.md,letec,2016다12748,meta,prec,민사,meta,,손해배상(기)등,exempt,1
output_판례_보강/2016다13437_우선재고용의무위반등.md,letec,2016다13437,meta,prec,민사,meta,,우선재고용의무위반등,exempt,1
output_판례_보강/2016다15549_부당이득금.md,letec,2016다15549,meta,prec,민사,meta,,부당이득금,exempt,1
output_판례_보강/2016다200200_약정금.md,letec,2016다200200,meta,prec,민사,meta,,약정금,exempt,1
output_판례_보강/2016다202947_손해배상(기).md,letec,2016다202947,meta,prec,민사,meta,,손해배상(기),exempt,1
output_판례_보강/2016다205908_손해배상등.md,letec,2016다205908,meta,prec,민사,meta,,손해배상등,exempt,1
output_판례_보강/2016다212869_연장근로수당등청구의소·연장근로수당등청구의소·연장근로수당등청구의소·연장근로수당등청구의소.md,letec,2016다212869,meta,prec,민사,meta,,연장근로수당등청구의소·연장근로수당등청구의소·연장근로수당등청구의소·연장근로수당등청구의소,exempt,1
output_판례_보강/2016다220808_구상금.md,letec,2016다220808,meta,prec,민사,meta,,구상금,exempt,1
output_판례_보강/2016다228802_퇴직금청구의소.md,letec,2016다228802,meta,prec,민사,meta,,퇴직금청구의소,exempt,1
output_판례_보강/2016다236407_임금.md,letec,2016다236407,meta,prec,민사,meta,,임금,exempt,1
output_판례_보강/2016다239024_근로자지위확인등·근로자지위확인등·근로자지위확인등·근로자지위확인등·근로자지위확인등[원고용주에게 고용되어 피고를.md,letec,2016다239024,meta,prec,민사,meta,,근로자지위확인등·근로자지위확인등·근로자지위확인등·근로자지위확인등·근로자지위확인등[원고용주에게 고용되어 피고를 위한 업무를 수행한 근로자들이 피고에 대해 파견근로관계임을 주장하면서 직접고용의무의 이행 및 손해배상 등을 청구하는 사건],exempt,1
output_판례_보강/2016다240093_손해배상(기).md,letec,2016다240093,meta,prec,민사,meta,,손해배상(기),exempt,1
output_판례_보강/2016다243078_임금.md,letec,2016다243078,meta,prec,민사,meta,,임금,exempt,1
output_판례_보강/2016다243085_임금.md,letec,2016다243085,meta,prec,민사,meta,,임금,exempt,1
output_판례_보강/2016다2451_임금.md,letec,2016다2451,meta,prec,민사,meta,,임금,exempt,1
output_판례_보강/2016다249236_정년확인청구(가족관계등록부상 생년월일 정정 허가결정 후 인사기록상 정년퇴직 예정일 변경 요청이 거부된 사건).md,letec,2016다249236,meta,prec,민사,meta,,정년확인청구(가족관계등록부상 생년월일 정정 허가결정 후 인사기록상 정년퇴직 예정일 변경 요청이 거부된 사건),exempt,1
output_판례_보강/2016다255910_해고무효확인.md,letec,2016다255910,meta,prec,민사,meta,,해고무효확인,exempt,1
output_판례_보강/2016다255941_임금.md,letec,2016다255941,meta,prec,민사,meta,,임금,exempt,1
output_판례_보강/2016다271226_구상금.md,letec,2016다271226,meta,prec,민사,meta,,구상금,exempt,1
output_판례_보강/2016다277538_근로자지위확인등.md,letec,2016다277538,meta,prec,민사,meta,,근로자지위확인등,exempt,1
output_판례_보강/2016다32193_임금등.md,letec,2016다32193,meta,prec,민사,meta,,임금등,exempt,1
output_판례_보강/2016다48297_임금.md,letec,2016다48297,meta,prec,민사,meta,,임금,exempt,1
output_판례_보강/2016다48785_임금등.md,letec,2016다48785,meta,prec,민사,meta,,임금등,exempt,1
output_판례_보강/2016다7647_임금.md,letec,2016다7647,meta,prec,민사,meta,,임금,exempt,1
output_판례_보강/2016다7975_임금.md,letec,2016다7975,meta,prec,민사,meta,,임금,exempt,1
output_판례_보강/2016다9261_임금등ㆍ부당이득금반환(이른바 도급제 방식의 근로계약을 체결한 택시운전근로자들이 최저임금법 특례 조항에 따른 .md,letec,2016다9261,meta,prec,민사,meta,,임금등ㆍ부당이득금반환(이른바 도급제 방식의 근로계약을 체결한 택시운전근로자들이 최저임금법 특례 조항에 따른 최저임금의 지급을 구한 사건),exempt,1
output_판례_보강/2016다9704_임금·임금.md,letec,2016다9704,meta,prec,민사,meta,,임금·임금,exempt,1
output_판례_보강/2016도1060_근로기준법위반·근로자퇴직급여보장법위반[포괄임금약정에 관한 사건].md,letec,2016도1060,meta,prec,형사,meta,,근로기준법위반·근로자퇴직급여보장법위반[포괄임금약정에 관한 사건],exempt,1
output_판례_보강/2016도3185_노동조합및노동관계조정법위반.md,letec,2016도3185,meta,prec,형사,meta,,노동조합및노동관계조정법위반,exempt,1
output_판례_보강/2016두1066_요양불승인처분취소.md,letec,2016두1066,meta,prec,일반행정,meta,,요양불승인처분취소,exempt,1
output_판례_보강/2016두31272_요양급여부지급처분취소.md,letec,2016두31272,meta,prec,일반행정,meta,,요양급여부지급처분취소,exempt,1
output_판례_보강/2016두33278_근로자지위확인의소.md,letec,2016두33278,meta,prec,일반행정,meta,,근로자지위확인의소,exempt,1
output_판례_보강/2016두36956_부당노동행위구제재심판정취소.md,letec,2016두36956,meta,prec,일반행정,meta,,부당노동행위구제재심판정취소,exempt,1
output_판례_보강/2016두41071_요양급여신청반려처분취소[근로자의 업무상 재해 해당 여부 사건].md,letec,2016두41071,meta,prec,일반행정,meta,,요양급여신청반려처분취소[근로자의 업무상 재해 해당 여부 사건],exempt,1
output_판례_보강/2016두41224_공정대표의무위반시정재심판정취소.md,letec,2016두41224,meta,prec,일반행정,meta,,공정대표의무위반시정재심판정취소,exempt,1
output_판례_보강/2016두41248_공정대표의무위반시정재심판정취소.md,letec,2016두41248,meta,prec,일반행정,meta,,공정대표의무위반시정재심판정취소,exempt,1
output_판례_보강/2016두41361_교섭요구사실의공고에대한재심결정취소.md,letec,2016두41361,meta,prec,일반행정,meta,,교섭요구사실의공고에대한재심결정취소,exempt,1
output_판례_보강/2016두42654_공정대표의무위반심판취소.md,letec,2016두42654,meta,prec,일반행정,meta,,공정대표의무위반심판취소,exempt,1
output_판례_보강/2016두47857_차별시정재심판정취소.md,letec,2016두47857,meta,prec,일반행정,meta,,차별시정재심판정취소,exempt,1
output_판례_보강/2016두50563_부당해고구제재심판정취소.md,letec,2016두50563,meta,prec,일반행정,meta,,부당해고구제재심판정취소,exempt,1
output_판례_보강/2016두52194_부당해고구제재심판정취소.md,letec,2016두52194,meta,prec,일반행정,meta,,부당해고구제재심판정취소,exempt,1
output_판례_보강/2016두54589_요양급여불승인처분취소.md,letec,2016두54589,meta,prec,일반행정,meta,,요양급여불승인처분취소,exempt,1
output_판례_보강/2016두55919_유족급여및장의비부지급처분취소(업무상 재해 여부가 문제된 사건).md,letec,2016두55919,meta,prec,일반행정,meta,,유족급여및장의비부지급처분취소(업무상 재해 여부가 문제된 사건),exempt,1
output_판례_보강/2016두56134_요양·보험급여결정승인처분취소.md,letec,2016두56134,meta,prec,일반행정,meta,,요양·보험급여결정승인처분취소,exempt,1
output_판례_보강/2016두57045_부당해고구제재심판정취소.md,letec,2016두57045,meta,prec,일반행정,meta,,부당해고구제재심판정취소,exempt,1
output_판례_보강/2016두57502_유족급여및장의비부지급처분취소.md,letec,2016두57502,meta,prec,일반행정,meta,,유족급여및장의비부지급처분취소,exempt,1
output_판례_보강/2016두58840_유족급여및장의비부지급처분취소.md,letec,2016두58840,meta,prec,일반행정,meta,,유족급여및장의비부지급처분취소,exempt,1
output_판례_보강/2016두62795_부당해고구제재심판정취소.md,letec,2016두62795,meta,prec,일반행정,meta,,부당해고구제재심판정취소,exempt,1
output_판례_보강/2016두63705_부당해고구제재심판정취소.md,letec,2016두63705,meta,prec,일반행정,meta,,부당해고구제재심판정취소,exempt,1
output_판례_보강/2016두64876_부당해고구제재심판정취소.md,letec,2016두64876,meta,prec,일반행정,meta,,부당해고구제재심판정취소,exempt,1
output_판례_보강/2016마1630_경업금지및영업비밀침해금지가처분.md,letec,2016마1630,meta,prec,민사,meta,,경업금지및영업비밀침해금지가처분,exempt,1
output_판례_보강/2016헌마404_공무원수당 등에 관한 규정 제15조 제2항 등 위헌확인.md,letec,2016헌마404,meta,detc,헌마,meta,,공무원수당 등에 관한 규정 제15조 제2항 등 위헌확인,exempt,1
output_판례_보강/2016헌바466_산업재해보상보험법 제6조 단서 위헌소원.md,letec,2016헌바466,meta,detc,헌바,meta,,산업재해보상보험법 제6조 단서 위헌소원,exempt,1
output_판례_보강/2017가합507736_임금.md,letec,2017가합507736,meta,prec,민사,meta,,임금,exempt,1
output_판례_보강/2017나2025282_임금.md,letec,2017나2025282,meta,prec,민사,meta,,임금,exempt,1
output_판례_보강/2017다14581_근로자지위확인등·근로자지위확인등·근로자지위확인등·근로자지위확인등·근로자지위확인등·근로자지위확인등·근로자지위확.md,letec,2017다14581,meta,prec,민사,meta,,근로자지위확인등·근로자지위확인등·근로자지위확인등·근로자지위확인등·근로자지위확인등·근로자지위확인등·근로자지위확인등·근로자지위확인등,exempt,1
output_판례_보강/2017다16778_부당이득금.md,letec,2017다16778,meta,prec,민사,meta,,부당이득금,exempt,1
output_판례_보강/2017다17436_손해배상(기)등.md,letec,2017다17436,meta,prec,민사,meta,,손해배상(기)등,exempt,1
output_판례_보강/2017다17955_근로자지위확인등의소.md,letec,2017다17955,meta,prec,민사,meta,,근로자지위확인등의소,exempt,1
output_판례_보강/2017다202272_위로금반환.md,letec,2017다202272,meta,prec,민사,meta,,위로금반환,exempt,1
output_판례_보강/2017다217724_근로에관한소송·근로자지위확인등.md,letec,2017다217724,meta,prec,민사,meta,,근로에관한소송·근로자지위확인등,exempt,1
output_판례_보강/2017다218642_노동조합사무실제공등.md,letec,2017다218642,meta,prec,민사,meta,,노동조합사무실제공등,exempt,1
output_판례_보강/2017다219072_근로자지위확인등·근로자지위확인등·근로자지위확인등·근로자지위확인등·근로자지위확인등·근로자지위확인등·근로자지위확.md,letec,2017다219072,meta,prec,민사,meta,,근로자지위확인등·근로자지위확인등·근로자지위확인등·근로자지위확인등·근로자지위확인등·근로자지위확인등·근로자지위확인등,exempt,1
output_판례_보강/2017다226605_해고무효확인[근로자에 대한 계약종료통지서에 해고사유가 전혀 기재되어 있지 않았던 사건].md,letec,2017다226605,meta,prec,민사,meta,,해고무효확인[근로자에 대한 계약종료통지서에 해고사유가 전혀 기재되어 있지 않았던 사건],exempt,1
output_판례_보강/2017다227325_징계처분무효확인.md,letec,2017다227325,meta,prec,민사,meta,,징계처분무효확인,exempt,1
output_판례_보강/2017다228083_손해배상(기).md,letec,2017다228083,meta,prec,민사,meta,,손해배상(기),exempt,1
output_판례_보강/2017다231119_구상금[근로복지공단이 산업재해보상보험법에 따라 지급한 보험급여에 기하여 자동차손해배상 보장법상 피해자의 보험.md,letec,2017다231119,meta,prec,민사,meta,,구상금[근로복지공단이 산업재해보상보험법에 따라 지급한 보험급여에 기하여 자동차손해배상 보장법상 피해자의 보험자에 대한 위자료청구권을 대위할 수 있는지 문제된 사건],exempt,1
output_판례_보강/2017다2359_임금.md,letec,2017다2359,meta,prec,민사,meta,,임금,exempt,1
output_판례_보강/2017다239984_임금.md,letec,2017다239984,meta,prec,민사,meta,,임금,exempt,1
output_판례_보강/2017다242867_손해배상(기).md,letec,2017다242867,meta,prec,민사,meta,,손해배상(기),exempt,1
output_판례_보강/2017다242928_미지급임금청구[택시회사가 운송수입금 전액관리제와 정액급여제를 시행하되 단체협약에 따라 소속 택시기사들의 실제.md,letec,2017다242928,meta,prec,민사,meta,,미지급임금청구[택시회사가 운송수입금 전액관리제와 정액급여제를 시행하되 단체협약에 따라 소속 택시기사들의 실제 운송수입금 납부액이 기준 운송수입금액에 미치지 못하면 월 정액급여에서 그 미달액을 공제한 것의 효력 등이 문제된 사건],exempt,1
output_판례_보강/2017다257869_해고무효확인.md,letec,2017다257869,meta,prec,민사,meta,,해고무효확인,exempt,1
output_판례_보강/2017다292343_임금등.md,letec,2017다292343,meta,prec,민사,meta,,임금등,exempt,1
output_판례_보강/2017다292718_부당이득금.md,letec,2017다292718,meta,prec,민사,meta,,부당이득금,exempt,1
output_판례_보강/2017다35588_부당이득금반환·부당이득금.md,letec,2017다35588,meta,prec,민사,meta,,부당이득금반환·부당이득금,exempt,1
"output_판례_보강/2017다52712_임금[업적연봉 등이 통상임금에 해당되는지, 업적연봉을 통상임금에 포함하여 계산한 추가 법정수당의 지급청구가 .md",letec,2017다52712,meta,prec,민사,meta,,"임금[업적연봉 등이 통상임금에 해당되는지, 업적연봉을 통상임금에 포함하여 계산한 추가 법정수당의 지급청구가 신의칙에 반하는지 쟁점이 된 사건]",exempt,1
output_판례_보강/2017다53210_임금·임금·임금.md,letec,2017다53210,meta,prec,민사,meta,,임금·임금·임금,exempt,1
output_판례_보강/2017다56226_임금.md,letec,2017다56226,meta,prec,민사,meta,,임금,exempt,1
output_판례_보강/2017다9732_근로자지위확인등·근로자지위확인등·근로자지위확인등.md,letec,2017다9732,meta,prec,민사,meta,,근로자지위확인등·근로자지위확인등·근로자지위확인등,exempt,1
output_판례_보강/2017도15226_정보통신망이용촉진및정보보호등에관한법률위반(정보통신망침해등)[컴퓨터에 저장되어 있던 직장 동료의 사내 메신저 .md,letec,2017도15226,meta,prec,형사,meta,,정보통신망이용촉진및정보보호등에관한법률위반(정보통신망침해등)[컴퓨터에 저장되어 있던 직장 동료의 사내 메신저 대화내용을 몰래 열람·복사한 행위가 정보통신망에 의해 처리·보관·전송되는 타인 비밀의 침해·누설 행위에 해당하는지 여부에 관한 사건],exempt,1
output_판례_보강/2017도3808_부정경쟁방지및영업비밀보호에관한법률위반(영업비밀누설등)·업무상배임.md,letec,2017도3808,meta,prec,형사,meta,,부정경쟁방지및영업비밀보호에관한법률위반(영업비밀누설등)·업무상배임,exempt,1
output_판례_보강/2017두33510_부당노동행위구제재심판정취소.md,letec,2017두33510,meta,prec,일반행정,meta,,부당노동행위구제재심판정취소,exempt,1
output_판례_보강/2017두36618_휴업급여부지급처분취소.md,letec,2017두36618,meta,prec,일반행정,meta,,휴업급여부지급처분취소,exempt,1
output_판례_보강/2017두37772_공정대표의무위반시정재심판정취소.md,letec,2017두37772,meta,prec,일반행정,meta,,공정대표의무위반시정재심판정취소,exempt,1
output_판례_보강/2017두38560_부당비행정지구제재심판정취소.md,letec,2017두38560,meta,prec,일반행정,meta,,부당비행정지구제재심판정취소,exempt,1
output_판례_보강/2017두45933_유족급여및장의비부지급처분취소.md,letec,2017두45933,meta,prec,일반행정,meta,,유족급여및장의비부지급처분취소,exempt,1
output_판례_보강/2017두46899_요양불승인처분취소.md,letec,2017두46899,meta,prec,일반행정,meta,,요양불승인처분취소,exempt,1
output_판례_보강/2017두47878_공무상요양불승인처분취소.md,letec,2017두47878,meta,prec,일반행정,meta,,공무상요양불승인처분취소,exempt,1
output_판례_보강/2017두49119_장해급여청구.md,letec,2017두49119,meta,prec,일반행정,meta,,장해급여청구,exempt,1
output_판례_보강/2017두52153_부당해고구제재심판정취소.md,letec,2017두52153,meta,prec,일반행정,meta,,부당해고구제재심판정취소,exempt,1
output_판례_보강/2017두52924_부당해고및부당노동행위구제재심판정취소.md,letec,2017두52924,meta,prec,일반행정,meta,,부당해고및부당노동행위구제재심판정취소,exempt,1
output_판례_보강/2017두54975_근로자지위확인.md,letec,2017두54975,meta,prec,일반행정,meta,,근로자지위확인,exempt,1
output_판례_보강/2017두56179_부당해고구제재심판정취소.md,letec,2017두56179,meta,prec,일반행정,meta,,부당해고구제재심판정취소,exempt,1
output_판례_보강/2017두56575_종합소득세경정청구거부처분취소청구의소.md,letec,2017두56575,meta,prec,세무,meta,,종합소득세경정청구거부처분취소청구의소,exempt,1
output_판례_보강/2017두57318_부당해고구제재심판정취소.md,letec,2017두57318,meta,prec,일반행정,meta,,부당해고구제재심판정취소,exempt,1
output_판례_보강/2017두61874_부당해고구제재심판정취소등.md,letec,2017두61874,meta,prec,일반행정,meta,,부당해고구제재심판정취소등,exempt,1
output_판례_보강/2017두62235_부당해고구제재심판정취소.md,letec,2017두62235,meta,prec,일반행정,meta,,부당해고구제재심판정취소,exempt,1
output_판례_보강/2017두64606_퇴직금환수처분취소소송.md,letec,2017두64606,meta,prec,일반행정,meta,,퇴직금환수처분취소소송,exempt,1
output_판례_보강/2017두70793_부당해고구제재심판정취소.md,letec,2017두70793,meta,prec,일반행정,meta,,부당해고구제재심판정취소,exempt,1
output_판례_보강/2017두71604_부당해고구제재심판정취소.md,letec,2017두71604,meta,prec,일반행정,meta,,부당해고구제재심판정취소,exempt,1
output_판례_보강/2017두74702_교원소청심사위원회결정취소.md,letec,2017두74702,meta,prec,일반행정,meta,,교원소청심사위원회결정취소,exempt,1
output_판례_보강/2017두74719_산재보험료부과처분취소.md,letec,2017두74719,meta,prec,일반행정,meta,,산재보험료부과처분취소,exempt,1
output_판례_보강/2017두76005_부당전직구제재심판정취소청구의소.md,letec,2017두76005,meta,prec,일반행정,meta,,부당전직구제재심판정취소청구의소,exempt,1
output_판례_보강/2017마499_채권압류및전부명령.md,letec,2017마499,meta,prec,민사,meta,,채권압류및전부명령,exempt,1
output_판례_보강/2017헌바127_형법 제269조 제1항 등 위헌소원.md,letec,2017헌바127,meta,detc,헌바,meta,,형법 제269조 제1항 등 위헌소원,exempt,1
output_판례_보강/2018다200709_임금및퇴직금청구.md,letec,2018다200709,meta,prec,민사,meta,,임금및퇴직금청구,exempt,1
output_판례_보강/2018다206899_임금·임금·임금.md,letec,2018다206899,meta,prec,민사,meta,,임금·임금·임금,exempt,1
output_판례_보강/2018다207588_해고무효확인등.md,letec,2018다207588,meta,prec,민사,meta,,해고무효확인등,exempt,1
output_판례_보강/2018다207847_해고무효확인.md,letec,2018다207847,meta,prec,민사,meta,,해고무효확인,exempt,1
output_판례_보강/2018다21821_퇴직금·부당이득금반환.md,letec,2018다21821,meta,prec,민사,meta,,퇴직금·부당이득금반환,exempt,1
output_판례_보강/2018다229120_퇴직금청구의소.md,letec,2018다229120,meta,prec,민사,meta,,퇴직금청구의소,exempt,1
output_판례_보강/2018다231536_임금[퇴직금의 차액을 청구하는 사건].md,letec,2018다231536,meta,prec,민사,meta,,임금[퇴직금의 차액을 청구하는 사건],exempt,1
output_판례_보강/2018다239110_퇴직금등청구의소.md,letec,2018다239110,meta,prec,민사,meta,,퇴직금등청구의소,exempt,1
output_판례_보강/2018다244631_임금.md,letec,2018다244631,meta,prec,민사,meta,,임금,exempt,1
output_판례_보강/2018다244877_퇴직금.md,letec,2018다244877,meta,prec,민사,meta,,퇴직금,exempt,1
output_판례_보강/2018다249308_임금.md,letec,2018다249308,meta,prec,민사,meta,,임금,exempt,1
output_판례_보강/2018다251486_해고무효확인등.md,letec,2018다251486,meta,prec,민사,meta,,해고무효확인등,exempt,1
output_판례_보강/2018다253680_해고무효확인.md,letec,2018다253680,meta,prec,민사,meta,,해고무효확인,exempt,1
output_판례_보강/2018다255488_근무형태변경시행무효확인.md,letec,2018다255488,meta,prec,민사,meta,,근무형태변경시행무효확인,exempt,1
output_판례_보강/2018다260602_퇴직금등.md,letec,2018다260602,meta,prec,민사,meta,,퇴직금등,exempt,1
output_판례_보강/2018다262653_임금[사립대학 교원에 대한 성과급적 연봉제 지급기준의 효력이 문제된 사건].md,letec,2018다262653,meta,prec,민사,meta,,임금[사립대학 교원에 대한 성과급적 연봉제 지급기준의 효력이 문제된 사건],exempt,1
output_판례_보강/2018다263519_임금등.md,letec,2018다263519,meta,prec,민사,meta,,임금등,exempt,1
output_판례_보강/2018다270876_손해배상(산).md,letec,2018다270876,meta,prec,민사,meta,,손해배상(산),exempt,1
output_판례_보강/2018다275925_해고무효확인[부당해고기간 중에 정년에 도달한 근로자에게 정년 후 기간제 근로자로 재고용되리라는 기대권이 인정.md,letec,2018다275925,meta,prec,민사,meta,,해고무효확인[부당해고기간 중에 정년에 도달한 근로자에게 정년 후 기간제 근로자로 재고용되리라는 기대권이 인정되는지 여부가 문제된 사건],exempt,1
output_판례_보강/2018다283049_부당이득금반환등.md,letec,2018다283049,meta,prec,민사,meta,,부당이득금반환등,exempt,1
output_판례_보강/2018다288662_정직처분무효확인등.md,letec,2018다288662,meta,prec,민사,meta,,정직처분무효확인등,exempt,1
output_판례_보강/2018다298904_임금등.md,letec,2018다298904,meta,prec,민사,meta,,임금등,exempt,1
output_판례_보강/2018다300586_배당이의.md,letec,2018다300586,meta,prec,민사,meta,,배당이의,exempt,1
output_판례_보강/2018다301527_고용의무이행등.md,letec,2018다301527,meta,prec,민사,meta,,고용의무이행등,exempt,1
output_판례_보강/2018다303417_임금.md,letec,2018다303417,meta,prec,민사,meta,,임금,exempt,1
output_판례_보강/2018도1966_개인정보보호법위반.md,letec,2018도1966,meta,prec,형사,meta,,개인정보보호법위반,exempt,1
output_판례_보강/2018도2720_근로기준법위반.md,letec,2018도2720,meta,prec,형사,meta,,근로기준법위반,exempt,1
output_판례_보강/2018도9012_근로기준법위반.md,letec,2018도9012,meta,prec,형사,meta,,근로기준법위반,exempt,1
output_판례_보강/2018도965_근로기준법위반·근로자퇴직급여보장법위반.md,letec,2018도965,meta,prec,형사,meta,,근로기준법위반·근로자퇴직급여보장법위반,exempt,1
output_판례_보강/2018두32125_유족급여및장의비부지급처분취소.md,letec,2018두32125,meta,prec,일반행정,meta,,유족급여및장의비부지급처분취소,exempt,1
output_판례_보강/2018두34480_부당해고구제재심판정취소.md,letec,2018두34480,meta,prec,일반행정,meta,,부당해고구제재심판정취소,exempt,1
output_판례_보강/2018두41082_부당해고구제재심판정취소[정년퇴직 인사발령이 부당해고인지를 다투는 사건].md,letec,2018두41082,meta,prec,일반행정,meta,,부당해고구제재심판정취소[정년퇴직 인사발령이 부당해고인지를 다투는 사건],exempt,1
output_판례_보강/2018두41532_단체협약의해석에대한견해제시재심판정취소청구의소.md,letec,2018두41532,meta,prec,일반행정,meta,,단체협약의해석에대한견해제시재심판정취소청구의소,exempt,1
output_판례_보강/2018두43958_부당해고구제재심판정취소.md,letec,2018두43958,meta,prec,일반행정,meta,,부당해고구제재심판정취소,exempt,1
output_판례_보강/2018두44647_부당해고구제재심판정취소[정리해고의 정당성이 다투어진 사건].md,letec,2018두44647,meta,prec,일반행정,meta,,부당해고구제재심판정취소[정리해고의 정당성이 다투어진 사건],exempt,1
output_판례_보강/2018두51201_부당해고구제재심판정취소.md,letec,2018두51201,meta,prec,일반행정,meta,,부당해고구제재심판정취소,exempt,1
output_판례_보강/2018두54705_부당해고및부당노동행위구제재심판정취소.md,letec,2018두54705,meta,prec,일반행정,meta,,부당해고및부당노동행위구제재심판정취소,exempt,1
output_판례_보강/2018두60380_평균임금정정불승인및보험급여차액부지급처분취소[여러 사업장에서 근무하다 퇴직한 후 진폐 진단을 받은 경우 산업재.md,letec,2018두60380,meta,prec,일반행정,meta,,평균임금정정불승인및보험급여차액부지급처분취소[여러 사업장에서 근무하다 퇴직한 후 진폐 진단을 받은 경우 산업재해보상보험법상 보험급여의 산정기준이 되는 평균임금을 계산하는 방법이 문제된 사건],exempt,1
output_판례_보강/2018두62492_부당해고구제재심판정취소.md,letec,2018두62492,meta,prec,일반행정,meta,,부당해고구제재심판정취소,exempt,1
output_판례_보강/2018헌마629_최저임금법 제6조 제4항 등 위헌확인.md,letec,2018헌마629,meta,detc,헌마,meta,,최저임금법 제6조 제4항 등 위헌확인,exempt,1
output_판례_보강/2018헌바218_산업재해보상보험법 제37조 제1항 제3호 등 위헌소원.md,letec,2018헌바218,meta,detc,헌바,meta,,산업재해보상보험법  제37조 제1항 제3호 등  위헌소원,exempt,1
output_판례_보강/2019누12509_육아휴직급여부지급처분취소.md,letec,2019누12509,meta,prec,일반행정,meta,,육아휴직급여부지급처분취소,exempt,1
output_판례_보강/2019다14110_임금·임금·임금·임금.md,letec,2019다14110,meta,prec,민사,meta,,임금·임금·임금·임금,exempt,1
output_판례_보강/2019다218837_임금.md,letec,2019다218837,meta,prec,민사,meta,,임금,exempt,1
output_판례_보강/2019다221352_퇴직금청구의소.md,letec,2019다221352,meta,prec,민사,meta,,퇴직금청구의소,exempt,1
output_판례_보강/2019다222096_근로자지위확인등·근로자지위확인등·근로자지위확인등·근로자지위확인등.md,letec,2019다222096,meta,prec,민사,meta,,근로자지위확인등·근로자지위확인등·근로자지위확인등·근로자지위확인등,exempt,1
output_판례_보강/2019다223303_임금·임금.md,letec,2019다223303,meta,prec,민사,meta,,임금·임금,exempt,1
output_판례_보강/2019다223389_임금.md,letec,2019다223389,meta,prec,민사,meta,,임금,exempt,1
output_판례_보강/2019다230899_임금.md,letec,2019다230899,meta,prec,민사,meta,,임금,exempt,1
output_판례_보강/2019다238053_임금.md,letec,2019다238053,meta,prec,민사,meta,,임금,exempt,1
output_판례_보강/2019다246696_확약서무효확인의소·손해배상(기).md,letec,2019다246696,meta,prec,민사,meta,,확약서무효확인의소·손해배상(기),exempt,1
output_판례_보강/2019다252004_임금.md,letec,2019다252004,meta,prec,민사,meta,,임금,exempt,1
output_판례_보강/2019다253175_노무비청구의소.md,letec,2019다253175,meta,prec,민사,meta,,노무비청구의소,exempt,1
output_판례_보강/2019다261084_임금.md,letec,2019다261084,meta,prec,민사,meta,,임금,exempt,1
output_판례_보강/2019다279283_퇴직금등청구의소.md,letec,2019다279283,meta,prec,민사,meta,,퇴직금등청구의소,exempt,1
output_판례_보강/2019다279344_근로자지위확인등.md,letec,2019다279344,meta,prec,민사,meta,,근로자지위확인등,exempt,1
"output_판례_보강/2019다282333_근로자지위확인등[지방공기업과 근로자 사이에 위탁용역업체로의 전적 당시의 합의에 재고용의무가 포함되었는지, 「.md",letec,2019다282333,meta,prec,민사,meta,,"근로자지위확인등[지방공기업과 근로자 사이에 위탁용역업체로의 전적 당시의 합의에 재고용의무가 포함되었는지, 「고용상 연령차별금지 및 고령자고용촉진에 관한 법률」(이하 ‘고령자고용법’이라고 함)의 적용범위 등이 문제된 사건]",exempt,1
output_판례_보강/2019다288898_임금.md,letec,2019다288898,meta,prec,민사,meta,,임금,exempt,1
output_판례_보강/2019다28966_근로자지위확인등·근로자지위확인등·근로자지위확인등·근로자지위확인등·근로자지위확인등.md,letec,2019다28966,meta,prec,민사,meta,,근로자지위확인등·근로자지위확인등·근로자지위확인등·근로자지위확인등·근로자지위확인등,exempt,1
output_판례_보강/2019다293098_해고무효확인[보조금 수령을 부관으로 하는 임금지급약정에 관한 사건].md,letec,2019다293098,meta,prec,민사,meta,,해고무효확인[보조금 수령을 부관으로 하는 임금지급약정에 관한 사건],exempt,1
output_판례_보강/2019다29778_임금.md,letec,2019다29778,meta,prec,민사,meta,,임금,exempt,1
output_판례_보강/2019다299065_고용의무이행등.md,letec,2019다299065,meta,prec,민사,meta,,고용의무이행등,exempt,1
output_판례_보강/2019다299393_근로자지위확인등청구의소 [계열회사 간 근로자전출과 관련하여 원 소속 기업이 ‘근로자파견을 업으로 하는 자’인.md,letec,2019다299393,meta,prec,민사,meta,,근로자지위확인등청구의소 [계열회사 간 근로자전출과 관련하여 원 소속 기업이 ‘근로자파견을 업으로 하는 자’인지 여부 및 파견법상 직접고용의무가 문제된 사건],exempt,1
output_판례_보강/2019도10297_근로기준법위반·근로자퇴직급여보장법위반.md,letec,2019도10297,meta,prec,형사,meta,,근로기준법위반·근로자퇴직급여보장법위반,exempt,1
output_판례_보강/2019두30270_부당해고및부당노동행위구제재심판정취소의소.md,letec,2019두30270,meta,prec,일반행정,meta,,부당해고및부당노동행위구제재심판정취소의소,exempt,1
output_판례_보강/2019두33712_부당노동행위구제처분취소등(자동차회사 판매대리점주가 카마스터와의 판매용역계약을 해지한 행위가 부당노동행위인지 .md,letec,2019두33712,meta,prec,일반행정,meta,,부당노동행위구제처분취소등(자동차회사 판매대리점주가 카마스터와의 판매용역계약을 해지한 행위가 부당노동행위인지 여부가 다투어진 사건),exempt,1
output_판례_보강/2019두39314_요양급여및휴업급여불승인처분취소.md,letec,2019두39314,meta,prec,일반행정,meta,,요양급여및휴업급여불승인처분취소,exempt,1
output_판례_보강/2019두40260_부당해고구제재심판정취소.md,letec,2019두40260,meta,prec,일반행정,meta,,부당해고구제재심판정취소,exempt,1
output_판례_보강/2019두40338_부당해고구제재심판정취소.md,letec,2019두40338,meta,prec,일반행정,meta,,부당해고구제재심판정취소,exempt,1
output_판례_보강/2019두45616_평균임금정정및보험급여차액청구거부처분취소[산업재해보상보험법상 평균임금 증감의 종기가 문제된 사건].md,letec,2019두45616,meta,prec,일반행정,meta,,평균임금정정및보험급여차액청구거부처분취소[산업재해보상보험법상 평균임금 증감의 종기가 문제된 사건],exempt,1
output_판례_보강/2019두45647_부당해고구제재심판정취소.md,letec,2019두45647,meta,prec,일반행정,meta,,부당해고구제재심판정취소,exempt,1
output_판례_보강/2019두47377_부당해고구제재심판정취소.md,letec,2019두47377,meta,prec,일반행정,meta,,부당해고구제재심판정취소,exempt,1
output_판례_보강/2019두48684_해임처분취소[구 교육공무원 징계양정 등에 관한 규칙(2019. 3. 18. 교육부령 제178호로 개정되기 전.md,letec,2019두48684,meta,prec,일반행정,meta,,"해임처분취소[구 교육공무원 징계양정 등에 관한 규칙(2019. 3. 18. 교육부령 제178호로 개정되기 전의 것, 이하 '구 징계양정 규칙' 제2조 제1항 별표에 따라 이루어진 해임처분이 재량권을 일탈·남용하여 위법한지 여부가 문제된 사건]",exempt,1
output_판례_보강/2019두52386_부당해고구제재심판정취소.md,letec,2019두52386,meta,prec,일반행정,meta,,부당해고구제재심판정취소,exempt,1
output_판례_보강/2019두53952_차별시정재심판정취소[시립 의료원 소속 기간제근로자가 정규직 근로자에 비해 차별적 처우를 받았다는 이유로 차별.md,letec,2019두53952,meta,prec,일반행정,meta,,차별시정재심판정취소[시립 의료원 소속 기간제근로자가 정규직 근로자에 비해 차별적 처우를 받았다는 이유로 차별시정을 구한 사건],exempt,1
output_판례_보강/2019두55262_차별시정재심판정취소청구의소.md,letec,2019두55262,meta,prec,일반행정,meta,,차별시정재심판정취소청구의소,exempt,1
output_판례_보강/2019두55859_요양·보험급여결정승인처분취소청구.md,letec,2019두55859,meta,prec,일반행정,meta,,요양·보험급여결정승인처분취소청구,exempt,1
output_판례_보강/2019두59349_부당해고구제재심판정취소.md,letec,2019두59349,meta,prec,일반행정,meta,,부당해고구제재심판정취소,exempt,1
output_판례_보강/2019헌마15_최저임금법 제5조의2 등 위헌확인.md,letec,2019헌마15,meta,detc,헌마,meta,,최저임금법 제5조의2 등 위헌확인,exempt,1
output_판례_보강/2020다219928_임금.md,letec,2020다219928,meta,prec,민사,meta,,임금,exempt,1
output_판례_보강/2020다232136_임금[취업규칙 중 급여체계에 관한 규정이 근로자에게 불리하게 변경된 사안].md,letec,2020다232136,meta,prec,민사,meta,,임금[취업규칙 중 급여체계에 관한 규정이 근로자에게 불리하게 변경된 사안],exempt,1
output_판례_보강/2020다237117_퇴직금.md,letec,2020다237117,meta,prec,민사,meta,,퇴직금,exempt,1
output_판례_보강/2020다237513_정규직근로자지위확인의소.md,letec,2020다237513,meta,prec,민사,meta,,정규직근로자지위확인의소,exempt,1
output_판례_보강/2020다245958_부당이득금반환등.md,letec,2020다245958,meta,prec,민사,meta,,부당이득금반환등,exempt,1
output_판례_보강/2020다253744_전보무효확인의소.md,letec,2020다253744,meta,prec,민사,meta,,전보무효확인의소,exempt,1
output_판례_보강/2020다254372_퇴직금등.md,letec,2020다254372,meta,prec,민사,meta,,퇴직금등,exempt,1
output_판례_보강/2020다255917_임금.md,letec,2020다255917,meta,prec,민사,meta,,임금,exempt,1
output_판례_보강/2020다256385_퇴직금청구의소.md,letec,2020다256385,meta,prec,민사,meta,,퇴직금청구의소,exempt,1
output_판례_보강/2020다273939_퇴직금청구의소.md,letec,2020다273939,meta,prec,민사,meta,,퇴직금청구의소,exempt,1
output_판례_보강/2020다282674_교수지위확인등청구의소.md,letec,2020다282674,meta,prec,민사,meta,,교수지위확인등청구의소,exempt,1
output_판례_보강/2020다287921_근로자지위확인[파견근로자에 대한 퇴직금 공제의 범위가 문제된 사건].md,letec,2020다287921,meta,prec,민사,meta,,근로자지위확인[파견근로자에 대한 퇴직금 공제의 범위가 문제된 사건],exempt,1
output_판례_보강/2020다294486_임금.md,letec,2020다294486,meta,prec,민사,meta,,임금,exempt,1
output_판례_보강/2020다296321_임금.md,letec,2020다296321,meta,prec,민사,meta,,임금,exempt,1
output_판례_보강/2020다296819_퇴직금청구[채권추심원의 근로기준법상 근로자성 인정 여부가 쟁점이 된 사건].md,letec,2020다296819,meta,prec,민사,meta,,퇴직금청구[채권추심원의 근로기준법상 근로자성 인정 여부가 쟁점이 된 사건],exempt,1
output_판례_보강/2020다301155_징계무효확인등.md,letec,2020다301155,meta,prec,민사,meta,,징계무효확인등,exempt,1
output_판례_보강/2020도15393_근로기준법위반·근로자퇴직급여보장법위반[1주간 12시간의 연장근로한도 위반 여부가 문제된 사건].md,letec,2020도15393,meta,prec,형사,meta,,근로기준법위반·근로자퇴직급여보장법위반[1주간 12시간의 연장근로한도 위반 여부가 문제된 사건],exempt,1
output_판례_보강/2020도16228_근로기준법위반·최저임금법위반[근로기준법상 가산임금 규정이 적용되는 근로기준법 제11조 제1항의 ‘상시 5명 .md,letec,2020도16228,meta,prec,형사,meta,,근로기준법위반·최저임금법위반[근로기준법상 가산임금 규정이 적용되는 근로기준법 제11조 제1항의 ‘상시 5명 이상의 근로자를 사용하는 사업 또는 사업장’에 해당하는지 여부가 문제된 사건],exempt,1
output_판례_보강/2020도16431_노동조합및노동관계조정법위반·근로기준법위반·남녀고용평등과일·가정양립지원에관한법률위반.md,letec,2020도16431,meta,prec,형사,meta,,노동조합및노동관계조정법위반·근로기준법위반·남녀고용평등과일·가정양립지원에관한법률위반,exempt,1
output_판례_보강/2020도16541_근로기준법위반[기간제 근로계약의 근로조건 명시의무가 문제된 사건].md,letec,2020도16541,meta,prec,형사,meta,,근로기준법위반[기간제 근로계약의 근로조건 명시의무가 문제된 사건],exempt,1
output_판례_보강/2020도17654_근로기준법위반ㆍ근로자퇴직급여보장법위반ㆍ최저임금법위반.md,letec,2020도17654,meta,prec,형사,meta,,근로기준법위반ㆍ근로자퇴직급여보장법위반ㆍ최저임금법위반,exempt,1
output_판례_보강/2020도68_근로기준법위반.md,letec,2020도68,meta,prec,형사,meta,,근로기준법위반,exempt,1
output_판례_보강/2020도9257_근로기준법위반[사용자인 피고인이 인사규정상 정년을 변경한 것이 취업규칙을 근로자에게 불리하게 변경한 것인지가.md,letec,2020도9257,meta,prec,형사,meta,,근로기준법위반[사용자인 피고인이 인사규정상 정년을 변경한 것이 취업규칙을 근로자에게 불리하게 변경한 것인지가 문제된 사안],exempt,1
output_판례_보강/2020두30450_업무정지처분취소청구.md,letec,2020두30450,meta,prec,일반행정,meta,,업무정지처분취소청구,exempt,1
output_판례_보강/2020두40945_부당해고구제재심판정취소.md,letec,2020두40945,meta,prec,일반행정,meta,,부당해고구제재심판정취소,exempt,1
output_판례_보강/2020두49355_차별시정재심판정취소청구의소.md,letec,2020두49355,meta,prec,일반행정,meta,,차별시정재심판정취소청구의소,exempt,1
output_판례_보강/2020두54852_부당해고구제재심판정취소.md,letec,2020두54852,meta,prec,일반행정,meta,,부당해고구제재심판정취소,exempt,1
output_판례_보강/2020두54869_요양급여불승인처분취소청구.md,letec,2020두54869,meta,prec,일반행정,meta,,요양급여불승인처분취소청구,exempt,1
output_판례_보강/2020헌바257_구 산업재해보상보험법 제37조 제1항 등 위헌소원.md,letec,2020헌바257,meta,detc,헌바,meta,,구 산업재해보상보험법  제37조 제1항 등  위헌소원,exempt,1
output_판례_보강/2021다210102_근로자지위확인청구등의소.md,letec,2021다210102,meta,prec,민사,meta,,근로자지위확인청구등의소,exempt,1
output_판례_보강/2021다210621_근로자지위확인등.md,letec,2021다210621,meta,prec,민사,meta,,근로자지위확인등,exempt,1
output_판례_보강/2021다210829_퇴직금.md,letec,2021다210829,meta,prec,민사,meta,,퇴직금,exempt,1
output_판례_보강/2021다213477_근로에관한소송.md,letec,2021다213477,meta,prec,민사,meta,,근로에관한소송,exempt,1
output_판례_보강/2021다218083_임금[퇴직금 산정과 관련하여 계속근로기간의 기산점이 언제인지가 문제된 사건].md,letec,2021다218083,meta,prec,민사,meta,,임금[퇴직금 산정과 관련하여 계속근로기간의 기산점이 언제인지가 문제된 사건],exempt,1
output_판례_보강/2021다222914_퇴직금청구의소.md,letec,2021다222914,meta,prec,민사,meta,,퇴직금청구의소,exempt,1
output_판례_보강/2021다225845_임금.md,letec,2021다225845,meta,prec,민사,meta,,임금,exempt,1
output_판례_보강/2021다227100_손해배상(국).md,letec,2021다227100,meta,prec,민사,meta,,손해배상(국),exempt,1
output_판례_보강/2021다229076_임금·부당이득금.md,letec,2021다229076,meta,prec,민사,meta,,임금·부당이득금,exempt,1
output_판례_보강/2021다229588_근로에관한소송.md,letec,2021다229588,meta,prec,민사,meta,,근로에관한소송,exempt,1
output_판례_보강/2021다229601_근로에관한소송.md,letec,2021다229601,meta,prec,민사,meta,,근로에관한소송,exempt,1
output_판례_보강/2021다234924_약정금.md,letec,2021다234924,meta,prec,민사,meta,,약정금,exempt,1
output_판례_보강/2021다246545_임금[주휴수당이 최저임금 지급대상인지 여부가 문제된 사건].md,letec,2021다246545,meta,prec,민사,meta,,임금[주휴수당이 최저임금 지급대상인지 여부가 문제된 사건],exempt,1
output_판례_보강/2021다251295_호봉정정등.md,letec,2021다251295,meta,prec,민사,meta,,호봉정정등,exempt,1
output_판례_보강/2021다255051_용역비.md,letec,2021다255051,meta,prec,민사,meta,,용역비,exempt,1
output_판례_보강/2021다258463_직무발명보상금.md,letec,2021다258463,meta,prec,민사,meta,,직무발명보상금,exempt,1
output_판례_보강/2021다274069_근로자지위확인등.md,letec,2021다274069,meta,prec,민사,meta,,근로자지위확인등,exempt,1
output_판례_보강/2021다279903_임금.md,letec,2021다279903,meta,prec,민사,meta,,임금,exempt,1
output_판례_보강/2021다280781_임금.md,letec,2021다280781,meta,prec,민사,meta,,임금,exempt,1
output_판례_보강/2021다290160_근로자지위확인등.md,letec,2021다290160,meta,prec,민사,meta,,근로자지위확인등,exempt,1
output_판례_보강/2021다310484_고용의사표시등.md,letec,2021다310484,meta,prec,민사,meta,,고용의사표시등,exempt,1
output_판례_보강/2021도11675_근로자퇴직급여보장법위반[의료소비자생활협동조합의 봉직의가 근로기준법상 ‘근로자’에 해당하는지 여부가 문제되는 .md,letec,2021도11675,meta,prec,형사,meta,,근로자퇴직급여보장법위반[의료소비자생활협동조합의 봉직의가 근로기준법상 ‘근로자’에 해당하는지 여부가 문제되는 사건],exempt,1
output_판례_보강/2021도6416_명예훼손.md,letec,2021도6416,meta,prec,형사,meta,,명예훼손,exempt,1
output_판례_보강/2021두33470_부당해고구제재심판정취소.md,letec,2021두33470,meta,prec,일반행정,meta,,부당해고구제재심판정취소,exempt,1
output_판례_보강/2021두33715_부당해고구제재심판정취소[보험회사 위탁계약형 지점장의 근로기준법상 근로자성 인정 여부가 쟁점이 된 사건].md,letec,2021두33715,meta,prec,일반행정,meta,,부당해고구제재심판정취소[보험회사 위탁계약형 지점장의 근로기준법상 근로자성 인정 여부가 쟁점이 된 사건],exempt,1
output_판례_보강/2021두34275_유족급여및장의비부지급처분취소.md,letec,2021두34275,meta,prec,일반행정,meta,,유족급여및장의비부지급처분취소,exempt,1
output_판례_보강/2021두35438_평균임금정정불승인및보험급여차액부지급처분취소청구의소[최초 진폐 진단을 받은 후 진폐 및 활동성 폐결핵 진단을 .md,letec,2021두35438,meta,prec,일반행정,meta,,평균임금정정불승인및보험급여차액부지급처분취소청구의소[최초 진폐 진단을 받은 후 진폐 및 활동성 폐결핵 진단을 받고 재요양을 받던 중 사망한 근로자에 대한 유족급여 산정이 문제된 사건],exempt,1
output_판례_보강/2021두36103_부당해고구제재심판정취소.md,letec,2021두36103,meta,prec,일반행정,meta,,부당해고구제재심판정취소,exempt,1
output_판례_보강/2021두39034_부당해고구제재심판정취소.md,letec,2021두39034,meta,prec,일반행정,meta,,부당해고구제재심판정취소,exempt,1
output_판례_보강/2021두45114_부당해고구제재심판정취소.md,letec,2021두45114,meta,prec,일반행정,meta,,부당해고구제재심판정취소,exempt,1
output_판례_보강/2021두45633_유족급여및장의비부지급처분취소.md,letec,2021두45633,meta,prec,일반행정,meta,,유족급여및장의비부지급처분취소,exempt,1
output_판례_보강/2021두46285_부당해고구제재심판정취소.md,letec,2021두46285,meta,prec,일반행정,meta,,부당해고구제재심판정취소,exempt,1
output_판례_보강/2021두50642_부당해고구제재심판정취소[서면해고통지에 구체적인 비위행위가 기재되지 않고 축약기재되어 그 적법성이 문제된 사안.md,letec,2021두50642,meta,prec,일반행정,meta,,부당해고구제재심판정취소[서면해고통지에 구체적인 비위행위가 기재되지 않고 축약기재되어 그 적법성이 문제된 사안],exempt,1
output_판례_보강/2022다200249_임금.md,letec,2022다200249,meta,prec,민사,meta,,임금,exempt,1
output_판례_보강/2022다203798_임금[여객자동차 운수사업법상 보수교육이 근로시간에 포함됨을 전제로 임금을 청구한 사건].md,letec,2022다203798,meta,prec,민사,meta,,임금[여객자동차 운수사업법상 보수교육이 근로시간에 포함됨을 전제로 임금을 청구한 사건],exempt,1
output_판례_보강/2022다215784_임금.md,letec,2022다215784,meta,prec,민사,meta,,임금,exempt,1
output_판례_보강/2022다219540_임금·약정금.md,letec,2022다219540,meta,prec,민사,meta,,임금·약정금,exempt,1
output_판례_보강/2022다224290_근로자지위확인등청구의소·근로자지위확인등[자동차 제조·판매회사와 협력업체 및 2차 부품물류회사 소속 근로자 사.md,letec,2022다224290,meta,prec,민사,meta,,근로자지위확인등청구의소·근로자지위확인등[자동차 제조·판매회사와 협력업체 및 2차 부품물류회사 소속 근로자 사이에 근로자파견관계를 인정할 수 있는지 여부가 문제된 사건],exempt,1
output_판례_보강/2022다226234_임금.md,letec,2022다226234,meta,prec,민사,meta,,임금,exempt,1
output_판례_보강/2022다231403_임금·부당이득금.md,letec,2022다231403,meta,prec,민사,meta,,임금·부당이득금,exempt,1
output_판례_보강/2022다233874_구상금.md,letec,2022다233874,meta,prec,민사,meta,,구상금,exempt,1
output_판례_보강/2022다245419_연차수당지급.md,letec,2022다245419,meta,prec,민사,meta,,연차수당지급,exempt,1
output_판례_보강/2022다245518_임금.md,letec,2022다245518,meta,prec,민사,meta,,임금,exempt,1
output_판례_보강/2022다307003_임금.md,letec,2022다307003,meta,prec,민사,meta,,임금,exempt,1
output_판례_보강/2022도2188_근로기준법위반.md,letec,2022도2188,meta,prec,형사,meta,,근로기준법위반,exempt,1
output_판례_보강/2022두19_수당금.md,letec,2022두19,meta,prec,일반행정,meta,,수당금,exempt,1
output_판례_보강/2022두30072_유족급여및장의비부지급처분취소[유족급여및장의비부지급처분취소 사건].md,letec,2022두30072,meta,prec,일반행정,meta,,유족급여및장의비부지급처분취소[유족급여및장의비부지급처분취소 사건],exempt,1
output_판례_보강/2022두47391_요양불승인처분취소.md,letec,2022두47391,meta,prec,일반행정,meta,,요양불승인처분취소,exempt,1
output_판례_보강/2022두57695_부당해고구제재심판정취소[묵시적 의사표시에 의한 해고를 인정하기 위한 기준이 문제된 사건].md,letec,2022두57695,meta,prec,일반행정,meta,,부당해고구제재심판정취소[묵시적 의사표시에 의한 해고를 인정하기 위한 기준이 문제된 사건],exempt,1
output_판례_보강/2022두64518_평균임금정정(유족급여및장의비)및보험금차액부지급처분취소.md,letec,2022두64518,meta,prec,일반행정,meta,,평균임금정정(유족급여및장의비)및보험금차액부지급처분취소,exempt,1
output_판례_보강/2022두64693_공정대표의무위반시정재심판정취소[사용자의 노동조합에 대한 차량 임차비용 지원 행위가 공정대표의무 위반에 해당하.md,letec,2022두64693,meta,prec,일반행정,meta,,공정대표의무위반시정재심판정취소[사용자의 노동조합에 대한 차량 임차비용 지원 행위가 공정대표의무 위반에 해당하는지가 문제된 사건],exempt,1
output_판례_보강/2022추5156_조례안재의결무효확인.md,letec,2022추5156,meta,prec,일반행정,meta,,조례안재의결무효확인,exempt,1
output_판례_보강/2023다213556_금품청산금지급청구의소.md,letec,2023다213556,meta,prec,민사,meta,,금품청산금지급청구의소,exempt,1
output_판례_보강/2023다217312_임금등[비전업 시간강사가 초단시간근로자에 해당하는지 여부가 문제된 사건].md,letec,2023다217312,meta,prec,민사,meta,,임금등[비전업 시간강사가 초단시간근로자에 해당하는지 여부가 문제된 사건],exempt,1
output_판례_보강/2023다223744_임금·약정금[택시운전근로자들이 택시회사에 대하여 최저임금 미달액 지급을 청구한 사건].md,letec,2023다223744,meta,prec,민사,meta,,임금·약정금[택시운전근로자들이 택시회사에 대하여 최저임금 미달액 지급을 청구한 사건],exempt,1
output_판례_보강/2023다275998_임금.md,letec,2023다275998,meta,prec,민사,meta,,임금,exempt,1
output_판례_보강/2023다300559_임금등청구의소[부당하게 해고된 후 원직이 아닌 업무에 복직된 근로자가 사용자를 상대로 미지급 임금의 지급을 .md,letec,2023다300559,meta,prec,민사,meta,,임금등청구의소[부당하게 해고된 후 원직이 아닌 업무에 복직된 근로자가 사용자를 상대로 미지급 임금의 지급을 구하는 사건],exempt,1
output_판례_보강/2023다315391_부당이득금.md,letec,2023다315391,meta,prec,민사,meta,,부당이득금,exempt,1
output_판례_보강/2023도12316_산업안전보건법위반·업무상과실치사·중대재해처벌등에관한법률위반(산업재해치사).md,letec,2023도12316,meta,prec,형사,meta,,산업안전보건법위반·업무상과실치사·중대재해처벌등에관한법률위반(산업재해치사),exempt,1
output_판례_보강/2023도188_근로자퇴직급여보장법위반.md,letec,2023도188,meta,prec,형사,meta,,근로자퇴직급여보장법위반,exempt,1
output_판례_보강/2023도2318_근로자퇴직급여보장법위반.md,letec,2023도2318,meta,prec,형사,meta,,근로자퇴직급여보장법위반,exempt,1
output_판례_보강/2023두41727_부당해고구제재심판정취소[기간제로 근무하다가 정년에 도달한 근로자에 대한 기간제(촉탁직) 재고용 거절의 효력이.md,letec,2023두41727,meta,prec,일반행정,meta,,부당해고구제재심판정취소[기간제로 근무하다가 정년에 도달한 근로자에 대한 기간제(촉탁직) 재고용 거절의 효력이 문제된 사건],exempt,1
output_판례_보강/2024다210783_구상금.md,letec,2024다210783,meta,prec,민사,meta,,구상금,exempt,1
output_판례_보강/2024다211908_근로에관한소송·근로에관한소송·근로에관한소송[파견근로자가 근로자파견관계의 성립을 주장하면서 고용의무이행과 함께.md,letec,2024다211908,meta,prec,민사,meta,,근로에관한소송·근로에관한소송·근로에관한소송[파견근로자가 근로자파견관계의 성립을 주장하면서 고용의무이행과 함께 임금 차액 상당의 손해배상금 지급을 청구한 사건],exempt,1
output_판례_보강/2024도1309_근로기준법위반[근로기준법 제111조의 ‘확정된 구제명령 또는 구제명령을 내용으로 하는 재심판정을 이행하지 아.md,letec,2024도1309,meta,prec,형사,meta,,근로기준법위반[근로기준법 제111조의 ‘확정된 구제명령 또는 구제명령을 내용으로 하는 재심판정을 이행하지 아니한 자’의 범위가 문제된 사건],exempt,1
output_판례_보강/2024도4055_근로기준법위반[구 근로기준법(2019. 4. 30. 법률 제16415호로 개정되기 전의 것) 제44조의2 위.md,letec,2024도4055,meta,prec,형사,meta,,근로기준법위반[구 근로기준법(2019. 4. 30. 법률 제16415호로 개정되기 전의 것) 제44조의2 위반의 고의가 문제된 사건],exempt,1
output_판례_보강/2024두32973_부당해고구제재심판정취소.md,letec,2024두32973,meta,prec,일반행정,meta,,부당해고구제재심판정취소,exempt,1
"output_판례_보강/62다912_임금,임금.md",letec,62다912,meta,prec,민사,meta,,"임금,임금",exempt,1
output_판례_보강/64누162_중재재심결정취소.md,letec,64누162,meta,prec,일반행정,meta,,중재재심결정취소,exempt,1
output_판례_보강/66다1727_손해배상.md,letec,66다1727,meta,prec,민사,meta,,손해배상,exempt,1
output_판례_보강/68누151_행정처분취소결정취소.md,letec,68누151,meta,prec,일반행정,meta,,행정처분취소결정취소,exempt,1
output_판례_보강/68다1972_임금등.md,letec,68다1972,meta,prec,민사,meta,,임금등,exempt,1
output_판례_보강/68다2178_손해배상등.md,letec,68다2178,meta,prec,민사,meta,,손해배상등,exempt,1
output_판례_보강/70다523_임금등.md,letec,70다523,meta,prec,민사,meta,,임금등,exempt,1
output_판례_보강/71누14_파면처분취소.md,letec,71누14,meta,prec,일반행정,meta,,파면처분취소,exempt,1
output_판례_보강/71다1033_퇴직금.md,letec,71다1033,meta,prec,민사,meta,,퇴직금,exempt,1
output_판례_보강/71다1400_해고무효확인.md,letec,71다1400,meta,prec,민사,meta,,해고무효확인,exempt,1
output_판례_보강/71다1713_임금등.md,letec,71다1713,meta,prec,민사,meta,,임금등,exempt,1
output_판례_보강/72다1758_임금등.md,letec,72다1758,meta,prec,민사,meta,,임금등,exempt,1
output_판례_보강/72다895_근로관계존재확인·퇴직금청구.md,letec,72다895,meta,prec,민사,meta,,근로관계존재확인·퇴직금청구,exempt,1
output_판례_보강/74다1403_해고무효확인등.md,letec,74다1403,meta,prec,민사,meta,,해고무효확인등,exempt,1
output_판례_보강/74다1625_퇴직금.md,letec,74다1625,meta,prec,민사,meta,,퇴직금,exempt,1
output_판례_보강/74다1840_전부금.md,letec,74다1840,meta,prec,민사,meta,,전부금,exempt,1
output_판례_보강/75누19_면직처분취소.md,letec,75누19,meta,prec,일반행정,meta,,면직처분취소,exempt,1
output_판례_보강/75다1098_손해배상등.md,letec,75다1098,meta,prec,민사,meta,,손해배상등,exempt,1
output_판례_보강/75다1768_손해배상.md,letec,75다1768,meta,prec,민사,meta,,손해배상,exempt,1
output_판례_보강/75다872_퇴직금.md,letec,75다872,meta,prec,민사,meta,,퇴직금,exempt,1
output_판례_보강/75도2599_근로기준법위반.md,letec,75도2599,meta,prec,형사,meta,,근로기준법위반,exempt,1
output_판례_보강/76다1090_퇴직금.md,letec,76다1090,meta,prec,민사,meta,,퇴직금,exempt,1
output_판례_보강/76다1812_퇴직금.md,letec,76다1812,meta,prec,민사,meta,,퇴직금,exempt,1
output_판례_보강/76다2119_손해배상.md,letec,76다2119,meta,prec,민사,meta,,손해배상,exempt,1
output_판례_보강/77다1321_퇴직금.md,letec,77다1321,meta,prec,민사,meta,,퇴직금,exempt,1
output_판례_보강/77다1648_지위보존가처분.md,letec,77다1648,meta,prec,민사,meta,,지위보존가처분,exempt,1
output_판례_보강/77다1742_퇴직금.md,letec,77다1742,meta,prec,민사,meta,,퇴직금,exempt,1
output_판례_보강/77다2479_장학금반환등.md,letec,77다2479,meta,prec,민사,meta,,장학금반환등,exempt,1
output_판례_보강/77다300_손해배상.md,letec,77다300,meta,prec,민사,meta,,손해배상,exempt,1
output_판례_보강/77다355_퇴직금.md,letec,77다355,meta,prec,민사,meta,,퇴직금,exempt,1
output_판례_보강/77도3528_근로기준법위반.md,letec,77도3528,meta,prec,형사,meta,,근로기준법위반,exempt,1
output_판례_보강/78다1046_급여금등.md,letec,78다1046,meta,prec,민사,meta,,급여금등,exempt,1
output_판례_보강/78다1530_손해배상등.md,letec,78다1530,meta,prec,민사,meta,,손해배상등,exempt,1
output_판례_보강/78다2007_손해배상등.md,letec,78다2007,meta,prec,민사,meta,,손해배상등,exempt,1
output_판례_보강/78다2312_퇴직금.md,letec,78다2312,meta,prec,민사,meta,,퇴직금,exempt,1
output_판례_보강/78다591_퇴직금.md,letec,78다591,meta,prec,민사,meta,,퇴직금,exempt,1
output_판례_보강/79나1179_면직처분취소청구사건.md,letec,79나1179,meta,prec,민사,meta,,면직처분취소청구사건,exempt,1
output_판례_보강/79누116_전국연합노조단체교섭조정결정처분취소.md,letec,79누116,meta,prec,일반행정,meta,,전국연합노조단체교섭조정결정처분취소,exempt,1
output_판례_보강/79다1281_건물철거등.md,letec,79다1281,meta,prec,민사,meta,,건물철거등,exempt,1
output_판례_보강/79다1489_퇴직금.md,letec,79다1489,meta,prec,민사,meta,,퇴직금,exempt,1
output_판례_보강/79다1566_퇴직금.md,letec,79다1566,meta,prec,민사,meta,,퇴직금,exempt,1
output_판례_보강/79다2322_노임.md,letec,79다2322,meta,prec,민사,meta,,노임,exempt,1
output_판례_보강/79다919_퇴직금.md,letec,79다919,meta,prec,민사,meta,,퇴직금,exempt,1
output_판례_보강/80나3567_수당금청구사건.md,letec,80나3567,meta,prec,민사,meta,,수당금청구사건,exempt,1
output_판례_보강/80다1040_손해배상.md,letec,80다1040,meta,prec,민사,meta,,손해배상,exempt,1
output_판례_보강/80다1340_퇴직금.md,letec,80다1340,meta,prec,민사,meta,,퇴직금,exempt,1
output_판례_보강/80다1708_손해배상.md,letec,80다1708,meta,prec,민사,meta,,손해배상,exempt,1
output_판례_보강/80다2384_해고무효확인등.md,letec,80다2384,meta,prec,민사,meta,,해고무효확인등,exempt,1
output_판례_보강/80다2928_손해배상등.md,letec,80다2928,meta,prec,민사,meta,,손해배상등,exempt,1
output_판례_보강/80다2945_급여금등.md,letec,80다2945,meta,prec,민사,meta,,급여금등,exempt,1
output_판례_보강/80다3120_근로수당금.md,letec,80다3120,meta,prec,민사,meta,,근로수당금,exempt,1
output_판례_보강/80다3149_노임금.md,letec,80다3149,meta,prec,민사,meta,,노임금,exempt,1
output_판례_보강/80도1070_근로기준법위반.md,letec,80도1070,meta,prec,형사,meta,,근로기준법위반,exempt,1
output_판례_보강/81다558_손해배상.md,letec,81다558,meta,prec,민사,meta,,손해배상,exempt,1
output_판례_보강/81다697_손해배상.md,letec,81다697,meta,prec,민사,meta,,손해배상,exempt,1
output_판례_보강/81다카137_퇴직금.md,letec,81다카137,meta,prec,민사,meta,,퇴직금,exempt,1
output_판례_보강/81다카351_손해배상.md,letec,81다카351,meta,prec,민사,meta,,손해배상,exempt,1
output_판례_보강/82나3003_임금등청구사건.md,letec,82나3003,meta,prec,민사,meta,,임금등청구사건,exempt,1
output_판례_보강/82누516_파면처분취소.md,letec,82누516,meta,prec,일반행정,meta,,파면처분취소,exempt,1
output_판례_보강/82다174_해직처분무효확인.md,letec,82다174,meta,prec,민사,meta,,해직처분무효확인,exempt,1
output_판례_보강/82다카1702_손해배상.md,letec,82다카1702,meta,prec,민사,meta,,손해배상,exempt,1
output_판례_보강/82다카298_해임결의무효확인.md,letec,82다카298,meta,prec,민사,meta,,해임결의무효확인,exempt,1
output_판례_보강/82다카342_퇴직금.md,letec,82다카342,meta,prec,민사,meta,,퇴직금,exempt,1
output_판례_보강/82다카49_근로수당금.md,letec,82다카49,meta,prec,민사,meta,,근로수당금,exempt,1
output_판례_보강/82다카90_약정금.md,letec,82다카90,meta,prec,민사,meta,,약정금,exempt,1
output_판례_보강/83누130_해임처분취소.md,letec,83누130,meta,prec,일반행정,meta,,해임처분취소,exempt,1
output_판례_보강/83누184_감봉처분취소.md,letec,83누184,meta,prec,일반행정,meta,,감봉처분취소,exempt,1
output_판례_보강/83다카1243_해고무효.md,letec,83다카1243,meta,prec,민사,meta,,해고무효,exempt,1
output_판례_보강/83다카1670_위자료등.md,letec,83다카1670,meta,prec,민사,meta,,위자료등,exempt,1
output_판례_보강/83다카2069_징계처분무효확인.md,letec,83다카2069,meta,prec,민사,meta,,징계처분무효확인,exempt,1
output_판례_보강/83다카2202_해고무효확인.md,letec,83다카2202,meta,prec,민사,meta,,해고무효확인,exempt,1
output_판례_보강/83다카657_손해배상.md,letec,83다카657,meta,prec,민사,meta,,손해배상,exempt,1
output_판례_보강/83도1050_근로기준법위반.md,letec,83도1050,meta,prec,형사,meta,,근로기준법위반,exempt,1
output_판례_보강/83도1090_근로기준법위반.md,letec,83도1090,meta,prec,형사,meta,,근로기준법위반,exempt,1
output_판례_보강/83도1850_근로기준법위반.md,letec,83도1850,meta,prec,형사,meta,,근로기준법위반,exempt,1
output_판례_보강/83도2068_근로기준법위반.md,letec,83도2068,meta,prec,형사,meta,,근로기준법위반,exempt,1
output_판례_보강/83도2272_근로기준법위반.md,letec,83도2272,meta,prec,형사,meta,,근로기준법위반,exempt,1
output_판례_보강/83도2505_근로기준법위반.md,letec,83도2505,meta,prec,형사,meta,,근로기준법위반,exempt,1
output_판례_보강/84누135_부당노동행위구제재심판정취소.md,letec,84누135,meta,prec,일반행정,meta,,부당노동행위구제재심판정취소,exempt,1
output_판례_보강/84누191_직권면직처분취소.md,letec,84누191,meta,prec,일반행정,meta,,직권면직처분취소,exempt,1
output_판례_보강/84누299_파면처분취소.md,letec,84누299,meta,prec,일반행정,meta,,파면처분취소,exempt,1
output_판례_보강/84누697_유족급여및장의비부지급결정취소.md,letec,84누697,meta,prec,일반행정,meta,,유족급여및장의비부지급결정취소,exempt,1
output_판례_보강/84누711_해임처분취소.md,letec,84누711,meta,prec,일반행정,meta,,해임처분취소,exempt,1
output_판례_보강/84다카1221_손해배상.md,letec,84다카1221,meta,prec,민사,meta,,손해배상,exempt,1
output_판례_보강/84다카1409_퇴직금.md,letec,84다카1409,meta,prec,민사,meta,,퇴직금,exempt,1
output_판례_보강/84다카374_퇴직금.md,letec,84다카374,meta,prec,민사,meta,,퇴직금,exempt,1
output_판례_보강/84다카414_퇴직금.md,letec,84다카414,meta,prec,민사,meta,,퇴직금,exempt,1
output_판례_보강/84도2534_근로기준법위반.md,letec,84도2534,meta,prec,형사,meta,,근로기준법위반,exempt,1
output_판례_보강/84도367_근로기준법위반.md,letec,84도367,meta,prec,형사,meta,,근로기준법위반,exempt,1
output_판례_보강/85다375_해고무효등.md,letec,85다375,meta,prec,민사,meta,,해고무효등,exempt,1
output_판례_보강/85다카187_퇴직금.md,letec,85다카187,meta,prec,민사,meta,,퇴직금,exempt,1
output_판례_보강/85다카2096_손해배상.md,letec,85다카2096,meta,prec,민사,meta,,손해배상,exempt,1
output_판례_보강/85다카2195_손해배상.md,letec,85다카2195,meta,prec,민사,meta,,손해배상,exempt,1
output_판례_보강/85다카2285_구상금.md,letec,85다카2285,meta,prec,민사,meta,,구상금,exempt,1
output_판례_보강/85다카229_손해배상등.md,letec,85다카229,meta,prec,민사,meta,,손해배상등,exempt,1
output_판례_보강/85다카2473_퇴직금등.md,letec,85다카2473,meta,prec,민사,meta,,퇴직금등,exempt,1
output_판례_보강/85다카657_정년퇴직무효확인.md,letec,85다카657,meta,prec,민사,meta,,정년퇴직무효확인,exempt,1
"output_판례_보강/85도1262_유가증권위조,유가증권위조행사,사기,근로기준법위반,부정수표단속법위반.md",letec,85도1262,meta,prec,형사,meta,,"유가증권위조,유가증권위조행사,사기,근로기준법위반,부정수표단속법위반",exempt,1
output_판례_보강/85도1566_근로기준법위반.md,letec,85도1566,meta,prec,형사,meta,,근로기준법위반,exempt,1
output_판례_보강/86누690_양도소득세등부과처분취소.md,letec,86누690,meta,prec,세무,meta,,양도소득세등부과처분취소,exempt,1
output_판례_보강/86다204_해고무효확인등.md,letec,86다204,meta,prec,민사,meta,,해고무효확인등,exempt,1
output_판례_보강/86다카1124_퇴직금등.md,letec,86다카1124,meta,prec,민사,meta,,퇴직금등,exempt,1
output_판례_보강/86다카1347_퇴직금.md,letec,86다카1347,meta,prec,민사,meta,,퇴직금,exempt,1
output_판례_보강/86다카1355_퇴직금.md,letec,86다카1355,meta,prec,민사,meta,,퇴직금,exempt,1
output_판례_보강/86다카1875_면직처분무효확인.md,letec,86다카1875,meta,prec,민사,meta,,면직처분무효확인,exempt,1
output_판례_보강/86다카2581_손해배상(자).md,letec,86다카2581,meta,prec,민사,meta,,손해배상(자),exempt,1
output_판례_보강/86다카2948_구상금.md,letec,86다카2948,meta,prec,민사,meta,,구상금,exempt,1
output_판례_보강/86도2475_근로기준법위반.md,letec,86도2475,meta,prec,형사,meta,,근로기준법위반,exempt,1
output_판례_보강/86도722_근로기준법위반.md,letec,86도722,meta,prec,형사,meta,,근로기준법위반,exempt,1
output_판례_보강/86도830_근로기준법위반.md,letec,86도830,meta,prec,형사,meta,,근로기준법위반,exempt,1
"output_판례_보강/87누496_근로조건위반에 인한 손해배상청구, 재심신청기각결정무효확인.md",letec,87누496,meta,prec,일반행정,meta,,"근로조건위반에 인한 손해배상청구, 재심신청기각결정무효확인",exempt,1
output_판례_보강/87누560_징계처분취소등.md,letec,87누560,meta,prec,일반행정,meta,,징계처분취소등,exempt,1
output_판례_보강/87누818_부당노동행위구제신청재심판정기각처분취소.md,letec,87누818,meta,prec,일반행정,meta,,부당노동행위구제신청재심판정기각처분취소,exempt,1
output_판례_보강/87누980_부당노동행위구제재심기각판정취소.md,letec,87누980,meta,prec,일반행정,meta,,부당노동행위구제재심기각판정취소,exempt,1
output_판례_보강/87다카1280_조건부해직처분무효확인.md,letec,87다카1280,meta,prec,민사,meta,,조건부해직처분무효확인,exempt,1
output_판례_보강/87다카1671_제3자이의.md,letec,87다카1671,meta,prec,민사,meta,,제3자이의,exempt,1
output_판례_보강/87다카1886_전부금.md,letec,87다카1886,meta,prec,민사,meta,,전부금,exempt,1
output_판례_보강/87다카1946_구상금.md,letec,87다카1946,meta,prec,민사,meta,,구상금,exempt,1
output_판례_보강/87다카2057_구상금.md,letec,87다카2057,meta,prec,민사,meta,,구상금,exempt,1
output_판례_보강/87다카2132_임금등.md,letec,87다카2132,meta,prec,민사,meta,,임금등,exempt,1
output_판례_보강/87다카2268_퇴직금등.md,letec,87다카2268,meta,prec,민사,meta,,퇴직금등,exempt,1
output_판례_보강/87다카2269_토지소유권이전등기.md,letec,87다카2269,meta,prec,민사,meta,,토지소유권이전등기,exempt,1
output_판례_보강/87다카2410_해고무효확인.md,letec,87다카2410,meta,prec,민사,meta,,해고무효확인,exempt,1
output_판례_보강/87다카2578_퇴직금.md,letec,87다카2578,meta,prec,민사,meta,,퇴직금,exempt,1
output_판례_보강/87다카2803_양수금.md,letec,87다카2803,meta,prec,민사,meta,,양수금,exempt,1
output_판례_보강/87다카2853_해고무효확인.md,letec,87다카2853,meta,prec,민사,meta,,해고무효확인,exempt,1
output_판례_보강/87다카2901_손해배상(자).md,letec,87다카2901,meta,prec,민사,meta,,손해배상(자),exempt,1
output_판례_보강/87다카3109_구상금.md,letec,87다카3109,meta,prec,민사,meta,,구상금,exempt,1
output_판례_보강/87다카3196_해고무효확인등.md,letec,87다카3196,meta,prec,민사,meta,,해고무효확인등,exempt,1
output_판례_보강/87다카3222_양수금.md,letec,87다카3222,meta,prec,민사,meta,,양수금,exempt,1
output_판례_보강/87다카400_소유권이전등기등.md,letec,87다카400,meta,prec,민사,meta,,소유권이전등기등,exempt,1
output_판례_보강/87다카474_손해배상(기).md,letec,87다카474,meta,prec,민사,meta,,손해배상(기),exempt,1
output_판례_보강/87다카555_임금등.md,letec,87다카555,meta,prec,민사,meta,,임금등,exempt,1
output_판례_보강/87도153_근로기준법위반.md,letec,87도153,meta,prec,형사,meta,,근로기준법위반,exempt,1
"output_판례_보강/87도2098_유가증권위조,유가증권위조행사,사기,근로기준법위반.md",letec,87도2098,meta,prec,형사,meta,,"유가증권위조,유가증권위조행사,사기,근로기준법위반",exempt,1
output_판례_보강/87도2509_근로기준법위반.md,letec,87도2509,meta,prec,형사,meta,,근로기준법위반,exempt,1
output_판례_보강/87도604_근로기준법위반.md,letec,87도604,meta,prec,형사,meta,,근로기준법위반,exempt,1
output_판례_보강/88누2205_휴업급여지급처분취소.md,letec,88누2205,meta,prec,일반행정,meta,,휴업급여지급처분취소,exempt,1
output_판례_보강/88누4508_부당노동행위재결재심신청기각판정취소.md,letec,88누4508,meta,prec,일반행정,meta,,부당노동행위재결재심신청기각판정취소,exempt,1
output_판례_보강/88누5037_유족급여등부지급처분취소.md,letec,88누5037,meta,prec,일반행정,meta,,유족급여등부지급처분취소,exempt,1
output_판례_보강/88누6924_부당노동행위구제재심판정취소.md,letec,88누6924,meta,prec,일반행정,meta,,부당노동행위구제재심판정취소,exempt,1
output_판례_보강/88다카10050_동업자금.md,letec,88다카10050,meta,prec,민사,meta,,동업자금,exempt,1
output_판례_보강/88다카10128_물품대금.md,letec,88다카10128,meta,prec,민사,meta,,물품대금,exempt,1
output_판례_보강/88다카15413_퇴직금등.md,letec,88다카15413,meta,prec,민사,meta,,퇴직금등,exempt,1
output_판례_보강/88다카19804_해고무효확인.md,letec,88다카19804,meta,prec,민사,meta,,해고무효확인,exempt,1
output_판례_보강/88다카21296_퇴직금.md,letec,88다카21296,meta,prec,민사,meta,,퇴직금,exempt,1
output_판례_보강/88다카25038_퇴직금.md,letec,88다카25038,meta,prec,민사,meta,,퇴직금,exempt,1
output_판례_보강/88다카25571_손해배상(산).md,letec,88다카25571,meta,prec,민사,meta,,손해배상(산),exempt,1
output_판례_보강/88다카26413_퇴직금등.md,letec,88다카26413,meta,prec,민사,meta,,퇴직금등,exempt,1
output_판례_보강/88다카28204_체당금.md,letec,88다카28204,meta,prec,민사,meta,,체당금,exempt,1
output_판례_보강/88다카2974_퇴직금.md,letec,88다카2974,meta,prec,민사,meta,,퇴직금,exempt,1
output_판례_보강/88다카33190_손해배상(산).md,letec,88다카33190,meta,prec,민사,meta,,손해배상(산),exempt,1
output_판례_보강/88다카34094_해고무효확인등.md,letec,88다카34094,meta,prec,민사,meta,,해고무효확인등,exempt,1
output_판례_보강/88다카4277_해고무효확인등.md,letec,88다카4277,meta,prec,민사,meta,,해고무효확인등,exempt,1
output_판례_보강/88다카4918_해고무효확인.md,letec,88다카4918,meta,prec,민사,meta,,해고무효확인,exempt,1
output_판례_보강/88다카5041_구상금.md,letec,88다카5041,meta,prec,민사,meta,,구상금,exempt,1
output_판례_보강/88다카8682_손해배상(산).md,letec,88다카8682,meta,prec,민사,meta,,손해배상(산),exempt,1
output_판례_보강/88도1162_근로기준법위반.md,letec,88도1162,meta,prec,형사,meta,,근로기준법위반,exempt,1
output_판례_보강/89나46297_손해배상(기)청구사건.md,letec,89나46297,meta,prec,민사,meta,,손해배상(기)청구사건,exempt,1
output_판례_보강/89누2318_산업재해요양신청불승인결정취소.md,letec,89누2318,meta,prec,일반행정,meta,,산업재해요양신청불승인결정취소,exempt,1
output_판례_보강/89누2493_휴업지불인정재심판정취소.md,letec,89누2493,meta,prec,일반행정,meta,,휴업지불인정재심판정취소,exempt,1
output_판례_보강/89누3243_노조설립신고반려처분무효확인.md,letec,89누3243,meta,prec,일반행정,meta,,노조설립신고반려처분무효확인,exempt,1
output_판례_보강/89누4666_부당노동행위구제재심판정취소.md,letec,89누4666,meta,prec,일반행정,meta,,부당노동행위구제재심판정취소,exempt,1
output_판례_보강/89누4765_노동조합설립신고서반려처분취소등.md,letec,89누4765,meta,prec,일반행정,meta,,노동조합설립신고서반려처분취소등,exempt,1
output_판례_보강/89누7337_부당노동행위구제재심판정취소.md,letec,89누7337,meta,prec,일반행정,meta,,부당노동행위구제재심판정취소,exempt,1
output_판례_보강/89누8217_부당노동행위구제재심판정취소.md,letec,89누8217,meta,prec,일반행정,meta,,부당노동행위구제재심판정취소,exempt,1
output_판례_보강/89다5997_구상금.md,letec,89다5997,meta,prec,민사,meta,,구상금,exempt,1
output_판례_보강/89다카1145_임금.md,letec,89다카1145,meta,prec,민사,meta,,임금,exempt,1
output_판례_보강/89다카13155_부당이득금.md,letec,89다카13155,meta,prec,민사,meta,,부당이득금,exempt,1
output_판례_보강/89다카15939_퇴직금.md,letec,89다카15939,meta,prec,민사,meta,,퇴직금,exempt,1
output_판례_보강/89다카22487_구상금.md,letec,89다카22487,meta,prec,민사,meta,,구상금,exempt,1
output_판례_보강/89다카24445_해고무효확인.md,letec,89다카24445,meta,prec,민사,meta,,해고무효확인,exempt,1
output_판례_보강/89다카31443_퇴직금.md,letec,89다카31443,meta,prec,민사,meta,,퇴직금,exempt,1
output_판례_보강/89다카32118_수당등.md,letec,89다카32118,meta,prec,민사,meta,,수당등,exempt,1
output_판례_보강/89다카3943_해고무효확인등.md,letec,89다카3943,meta,prec,민사,meta,,해고무효확인등,exempt,1
output_판례_보강/89다카5451_해고무효확인.md,letec,89다카5451,meta,prec,민사,meta,,해고무효확인,exempt,1
output_판례_보강/89다카7754_퇴직금.md,letec,89다카7754,meta,prec,민사,meta,,퇴직금,exempt,1
output_판례_보강/89도1191_근로기준법위반.md,letec,89도1191,meta,prec,형사,meta,,근로기준법위반,exempt,1
output_판례_보강/89도1744_출판물에의한명예훼손.md,letec,89도1744,meta,prec,형사,meta,,출판물에의한명예훼손,exempt,1
output_판례_보강/89도426_근로기준법위반.md,letec,89도426,meta,prec,형사,meta,,근로기준법위반,exempt,1
output_판례_보강/89헌가106_사립학교법 제55조 등에 관한 위헌심판.md,letec,89헌가106,meta,detc,헌가,meta,,사립학교법 제55조 등에 관한 위헌심판,exempt,1
output_판례_보강/89헌가37_금융기관의연체대출금에관한특별조치법 제5조의2의 위헌심판.md,letec,89헌가37,meta,detc,헌가,meta,,금융기관의연체대출금에관한특별조치법 제5조의2의 위헌심판,exempt,1
output_판례_보강/90가합39151_손해배상(산).md,letec,90가합39151,meta,prec,민사,meta,,손해배상(산),exempt,1
output_판례_보강/90가합90460_임금등.md,letec,90가합90460,meta,prec,민사,meta,,임금등,exempt,1
output_판례_보강/90누1731_노동조합설립신고수리취소처분취소.md,letec,90누1731,meta,prec,일반행정,meta,,노동조합설립신고수리취소처분취소,exempt,1
output_판례_보강/90누2246_부당노동행위구제재심판정취소.md,letec,90누2246,meta,prec,일반행정,meta,,부당노동행위구제재심판정취소,exempt,1
"output_판례_보강/90누2727_유족급여부지급취소,장의비부지급취소.md",letec,90누2727,meta,prec,일반행정,meta,,"유족급여부지급취소,장의비부지급취소",exempt,1
output_판례_보강/90누3683_부당노동행위구제재심판정취소.md,letec,90누3683,meta,prec,일반행정,meta,,부당노동행위구제재심판정취소,exempt,1
output_판례_보강/90누4006_부당노동행위구제재심판정취소.md,letec,90누4006,meta,prec,일반행정,meta,,부당노동행위구제재심판정취소,exempt,1
output_판례_보강/90누4433_부당징계구제재심판정취소.md,letec,90누4433,meta,prec,일반행정,meta,,부당징계구제재심판정취소,exempt,1
output_판례_보강/90누4952_부당노동행위구제재심심판정취소.md,letec,90누4952,meta,prec,일반행정,meta,,부당노동행위구제재심심판정취소,exempt,1
output_판례_보강/90누6132_부당노동행위구제재심판정취소.md,letec,90누6132,meta,prec,일반행정,meta,,부당노동행위구제재심판정취소,exempt,1
output_판례_보강/90누6392_부당노동행위구제재심판정취소.md,letec,90누6392,meta,prec,일반행정,meta,,부당노동행위구제재심판정취소,exempt,1
output_판례_보강/90누7685_부당노동행위구제재심판정취소.md,letec,90누7685,meta,prec,일반행정,meta,,부당노동행위구제재심판정취소,exempt,1
output_판례_보강/90누9049_부당노동행위구제재심판정취소.md,letec,90누9049,meta,prec,일반행정,meta,,부당노동행위구제재심판정취소,exempt,1
output_판례_보강/90누9421_부당노동행위구제재심판정취소.md,letec,90누9421,meta,prec,일반행정,meta,,부당노동행위구제재심판정취소,exempt,1
output_판례_보강/90다11554_해고무효확인등.md,letec,90다11554,meta,prec,민사,meta,,해고무효확인등,exempt,1
output_판례_보강/90다11776_손해배상(산).md,letec,90다11776,meta,prec,민사,meta,,손해배상(산),exempt,1
output_판례_보강/90다11813_청구이의.md,letec,90다11813,meta,prec,민사,meta,,청구이의,exempt,1
output_판례_보강/90다12991_파면처분무효확인.md,letec,90다12991,meta,prec,민사,meta,,파면처분무효확인,exempt,1
output_판례_보강/90다14089_임금.md,letec,90다14089,meta,prec,민사,meta,,임금,exempt,1
output_판례_보강/90다14560_퇴직금.md,letec,90다14560,meta,prec,민사,meta,,퇴직금,exempt,1
output_판례_보강/90다15457_퇴직금.md,letec,90다15457,meta,prec,민사,meta,,퇴직금,exempt,1
output_판례_보강/90다15631_해고무효확인등.md,letec,90다15631,meta,prec,민사,meta,,해고무효확인등,exempt,1
output_판례_보강/90다15884_해고무효확인.md,letec,90다15884,meta,prec,민사,meta,,해고무효확인,exempt,1
output_판례_보강/90다16245_손해배상(기).md,letec,90다16245,meta,prec,민사,meta,,손해배상(기),exempt,1
output_판례_보강/90다18944_해고무효확인등.md,letec,90다18944,meta,prec,민사,meta,,해고무효확인등,exempt,1
output_판례_보강/90다18999_해고무효확인등.md,letec,90다18999,meta,prec,민사,meta,,해고무효확인등,exempt,1
output_판례_보강/90다20428_해고무효확인.md,letec,90다20428,meta,prec,민사,meta,,해고무효확인,exempt,1
output_판례_보강/90다5634_구상금.md,letec,90다5634,meta,prec,민사,meta,,구상금,exempt,1
output_판례_보강/90다6095_해고무효확인등.md,letec,90다6095,meta,prec,민사,meta,,해고무효확인등,exempt,1
output_판례_보강/90다6545_퇴직금등.md,letec,90다6545,meta,prec,민사,meta,,퇴직금등,exempt,1
output_판례_보강/90다6866_해고무효확인.md,letec,90다6866,meta,prec,민사,meta,,해고무효확인,exempt,1
output_판례_보강/90다8046_해고무효확인.md,letec,90다8046,meta,prec,민사,meta,,해고무효확인,exempt,1
output_판례_보강/90다8077_해고무효확인.md,letec,90다8077,meta,prec,민사,meta,,해고무효확인,exempt,1
output_판례_보강/90다8084_해고무효확인.md,letec,90다8084,meta,prec,민사,meta,,해고무효확인,exempt,1
output_판례_보강/90다8763_해고무효확인등.md,letec,90다8763,meta,prec,민사,meta,,해고무효확인등,exempt,1
output_판례_보강/90다9353_해고무효확인등.md,letec,90다9353,meta,prec,민사,meta,,해고무효확인등,exempt,1
output_판례_보강/90다9872_소유권이전가등기말소등.md,letec,90다9872,meta,prec,민사,meta,,소유권이전가등기말소등,exempt,1
output_판례_보강/90다카10312_손해배상(자).md,letec,90다카10312,meta,prec,민사,meta,,손해배상(자),exempt,1
output_판례_보강/90다카11636_임금.md,letec,90다카11636,meta,prec,민사,meta,,임금,exempt,1
output_판례_보강/90다카12493_임금.md,letec,90다카12493,meta,prec,민사,meta,,임금,exempt,1
output_판례_보강/90다카13465_임금.md,letec,90다카13465,meta,prec,민사,meta,,임금,exempt,1
output_판례_보강/90다카14758_임금.md,letec,90다카14758,meta,prec,민사,meta,,임금,exempt,1
output_판례_보강/90다카19647_퇴직금.md,letec,90다카19647,meta,prec,민사,meta,,퇴직금,exempt,1
output_판례_보강/90다카21176_해고무효확인등.md,letec,90다카21176,meta,prec,민사,meta,,해고무효확인등,exempt,1
output_판례_보강/90다카21589_징계면직처분무효확인.md,letec,90다카21589,meta,prec,민사,meta,,징계면직처분무효확인,exempt,1
output_판례_보강/90다카23912_해고무효확인등.md,letec,90다카23912,meta,prec,민사,meta,,해고무효확인등,exempt,1
output_판례_보강/90다카23981_손해배상(자).md,letec,90다카23981,meta,prec,민사,meta,,손해배상(자),exempt,1
output_판례_보강/90다카24311_퇴직금등.md,letec,90다카24311,meta,prec,민사,meta,,퇴직금등,exempt,1
output_판례_보강/90다카24496_임금.md,letec,90다카24496,meta,prec,민사,meta,,임금,exempt,1
output_판례_보강/90다카25277_손해배상(기).md,letec,90다카25277,meta,prec,민사,meta,,손해배상(기),exempt,1
output_판례_보강/90다카25420_해고무효확인등.md,letec,90다카25420,meta,prec,민사,meta,,해고무효확인등,exempt,1
output_판례_보강/90다카25512_해고무효확인.md,letec,90다카25512,meta,prec,민사,meta,,해고무효확인,exempt,1
output_판례_보강/90다카27389_해고무효확인.md,letec,90다카27389,meta,prec,민사,meta,,해고무효확인,exempt,1
output_판례_보강/90다카4683_퇴직금.md,letec,90다카4683,meta,prec,민사,meta,,퇴직금,exempt,1
output_판례_보강/90다카6934_임금.md,letec,90다카6934,meta,prec,민사,meta,,임금,exempt,1
output_판례_보강/90다카6948_퇴직금.md,letec,90다카6948,meta,prec,민사,meta,,퇴직금,exempt,1
output_판례_보강/90도1214_근로기준법위반.md,letec,90도1214,meta,prec,형사,meta,,근로기준법위반,exempt,1
output_판례_보강/90도1794_근로기준법위반.md,letec,90도1794,meta,prec,형사,meta,,근로기준법위반,exempt,1
"output_판례_보강/90도2852_노동쟁의조정법위반,업무방해, 집회및시위에관한법률위반.md",letec,90도2852,meta,prec,형사,meta,,"노동쟁의조정법위반,업무방해, 집회및시위에관한법률위반",exempt,1
output_판례_보강/90도357_폭력행위등처벌에관한법률위반·업무방해·노동쟁의조정법위반·업무상배임.md,letec,90도357,meta,prec,형사,meta,,폭력행위등처벌에관한법률위반·업무방해·노동쟁의조정법위반·업무상배임,exempt,1
output_판례_보강/90두24_부당해고구제재심판정효력정지.md,letec,90두24,meta,prec,일반행정,meta,,부당해고구제재심판정효력정지,exempt,1
output_판례_보강/90헌바19_노동쟁의조정법 제31조 제47조 에 대한 헌법소원.md,letec,90헌바19,meta,detc,헌바,meta,,노동쟁의조정법 제31조 제47조 에 대한 헌법소원,exempt,1
output_판례_보강/91가합4910_해고무효확인.md,letec,91가합4910,meta,prec,민사,meta,,해고무효확인,exempt,1
output_판례_보강/91누10046_부당해고구제재심판정취소.md,letec,91누10046,meta,prec,일반행정,meta,,부당해고구제재심판정취소,exempt,1
output_판례_보강/91누10466_요양불승인처분취소.md,letec,91누10466,meta,prec,일반행정,meta,,요양불승인처분취소,exempt,1
output_판례_보강/91누10473_부당노동행위구제재심판정취소.md,letec,91누10473,meta,prec,일반행정,meta,,부당노동행위구제재심판정취소,exempt,1
output_판례_보강/91누10480_부당노동행위구제재심판정취소.md,letec,91누10480,meta,prec,일반행정,meta,,부당노동행위구제재심판정취소,exempt,1
output_판례_보강/91누10787_노동조합규약변경보완시정명령취소.md,letec,91누10787,meta,prec,일반행정,meta,,노동조합규약변경보완시정명령취소,exempt,1
output_판례_보강/91누11698_현역병입영통지처분무효확인.md,letec,91누11698,meta,prec,일반행정,meta,,현역병입영통지처분무효확인,exempt,1
output_판례_보강/91누12196_해임처분무효확인.md,letec,91누12196,meta,prec,일반행정,meta,,해임처분무효확인,exempt,1
output_판례_보강/91누12257_단체협약변경명령취소.md,letec,91누12257,meta,prec,일반행정,meta,,단체협약변경명령취소,exempt,1
output_판례_보강/91누124_부당노동행위구제재심판정취소.md,letec,91누124,meta,prec,일반행정,meta,,부당노동행위구제재심판정취소,exempt,1
output_판례_보강/91누13632_유족보상금감액처분취소.md,letec,91누13632,meta,prec,일반행정,meta,,유족보상금감액처분취소,exempt,1
output_판례_보강/91누2762_부당노동행위구제재심판정취소.md,letec,91누2762,meta,prec,일반행정,meta,,부당노동행위구제재심판정취소,exempt,1
output_판례_보강/91누4164_부당노동행위구제재심판정취소.md,letec,91누4164,meta,prec,일반행정,meta,,부당노동행위구제재심판정취소,exempt,1
output_판례_보강/91누5020_부당노동행위구제재심판정취소.md,letec,91누5020,meta,prec,일반행정,meta,,부당노동행위구제재심판정취소,exempt,1
output_판례_보강/91누5884_부당해고구제재심판정취소.md,letec,91누5884,meta,prec,일반행정,meta,,부당해고구제재심판정취소,exempt,1
output_판례_보강/91누6184_부당해고규제재심판정취소.md,letec,91누6184,meta,prec,일반행정,meta,,부당해고규제재심판정취소,exempt,1
output_판례_보강/91누6368_요양중지처분취소.md,letec,91누6368,meta,prec,일반행정,meta,,요양중지처분취소,exempt,1
output_판례_보강/91누636_부당노동행위구제재심판정취소.md,letec,91누636,meta,prec,일반행정,meta,,부당노동행위구제재심판정취소,exempt,1
output_판례_보강/91누8098_부당해고구제재심판정취소.md,letec,91누8098,meta,prec,일반행정,meta,,부당해고구제재심판정취소,exempt,1
output_판례_보강/91누8104_부가가치세부과처분취소.md,letec,91누8104,meta,prec,세무,meta,,부가가치세부과처분취소,exempt,1
output_판례_보강/91누9244_퇴직처분무효확인.md,letec,91누9244,meta,prec,일반행정,meta,,퇴직처분무효확인,exempt,1
output_판례_보강/91누9961_해임처분취소.md,letec,91누9961,meta,prec,일반행정,meta,,해임처분취소,exempt,1
output_판례_보강/91다10497_해고무효확인등.md,letec,91다10497,meta,prec,민사,meta,,해고무효확인등,exempt,1
output_판례_보강/91다11391_퇴직금등.md,letec,91다11391,meta,prec,민사,meta,,퇴직금등,exempt,1
output_판례_보강/91다12035_퇴직금.md,letec,91다12035,meta,prec,민사,meta,,퇴직금,exempt,1
output_판례_보강/91다12202_임금.md,letec,91다12202,meta,prec,민사,meta,,임금,exempt,1
output_판례_보강/91다1233_해고무효확인.md,letec,91다1233,meta,prec,민사,meta,,해고무효확인,exempt,1
output_판례_보강/91다12752_전보및해고무효확인.md,letec,91다12752,meta,prec,민사,meta,,전보및해고무효확인,exempt,1
output_판례_보강/91다12806_퇴직금.md,letec,91다12806,meta,prec,민사,meta,,퇴직금,exempt,1
output_판례_보강/91다13533_해고무효확인등.md,letec,91다13533,meta,prec,민사,meta,,해고무효확인등,exempt,1
output_판례_보강/91다13694_해고무효확인등.md,letec,91다13694,meta,prec,민사,meta,,해고무효확인등,exempt,1
output_판례_보강/91다13731_해고무효확인등.md,letec,91다13731,meta,prec,민사,meta,,해고무효확인등,exempt,1
output_판례_보강/91다14406_부당정직무효확인등.md,letec,91다14406,meta,prec,민사,meta,,부당정직무효확인등,exempt,1
output_판례_보강/91다14413_노조위원장선거무효확인.md,letec,91다14413,meta,prec,민사,meta,,노조위원장선거무효확인,exempt,1
output_판례_보강/91다14437_임금.md,letec,91다14437,meta,prec,민사,meta,,임금,exempt,1
output_판례_보강/91다14826_임금.md,letec,91다14826,meta,prec,민사,meta,,임금,exempt,1
output_판례_보강/91다17931_해고무효확인.md,letec,91다17931,meta,prec,민사,meta,,해고무효확인,exempt,1
output_판례_보강/91다18125_퇴직금등.md,letec,91다18125,meta,prec,민사,meta,,퇴직금등,exempt,1
output_판례_보강/91다19210_임금청구등.md,letec,91다19210,meta,prec,민사,meta,,임금청구등,exempt,1
output_판례_보강/91다19463_해고무효확인등.md,letec,91다19463,meta,prec,민사,meta,,해고무효확인등,exempt,1
output_판례_보강/91다19883_퇴직처분무효확인등.md,letec,91다19883,meta,prec,민사,meta,,퇴직처분무효확인등,exempt,1
output_판례_보강/91다20418_해고무효확인등.md,letec,91다20418,meta,prec,민사,meta,,해고무효확인등,exempt,1
output_판례_보강/91다20548_해고무효확인등.md,letec,91다20548,meta,prec,민사,meta,,해고무효확인등,exempt,1
output_판례_보강/91다22070_권고사직무효확인.md,letec,91다22070,meta,prec,민사,meta,,권고사직무효확인,exempt,1
output_판례_보강/91다25055_퇴직금.md,letec,91다25055,meta,prec,민사,meta,,퇴직금,exempt,1
output_판례_보강/91다25109_해고무효확인.md,letec,91다25109,meta,prec,민사,meta,,해고무효확인,exempt,1
output_판례_보강/91다26232_대여금.md,letec,91다26232,meta,prec,민사,meta,,대여금,exempt,1
output_판례_보강/91다2656_해고무효확인등.md,letec,91다2656,meta,prec,민사,meta,,해고무효확인등,exempt,1
output_판례_보강/91다2663_해고무효확인.md,letec,91다2663,meta,prec,민사,meta,,해고무효확인,exempt,1
output_판례_보강/91다27518_해고무효확인등.md,letec,91다27518,meta,prec,민사,meta,,해고무효확인등,exempt,1
output_판례_보강/91다28726_약정금.md,letec,91다28726,meta,prec,민사,meta,,약정금,exempt,1
output_판례_보강/91다29071_해고무효확인등.md,letec,91다29071,meta,prec,민사,meta,,해고무효확인등,exempt,1
output_판례_보강/91다29811_면직처분무효확인.md,letec,91다29811,meta,prec,민사,meta,,면직처분무효확인,exempt,1
output_판례_보강/91다30118_사원확인.md,letec,91다30118,meta,prec,민사,meta,,사원확인,exempt,1
output_판례_보강/91다30620_해고무효확인등.md,letec,91다30620,meta,prec,민사,meta,,해고무효확인등,exempt,1
output_판례_보강/91다30729_직위해제무효확인등.md,letec,91다30729,meta,prec,민사,meta,,직위해제무효확인등,exempt,1
output_판례_보강/91다30828_퇴직금등.md,letec,91다30828,meta,prec,민사,meta,,퇴직금등,exempt,1
output_판례_보강/91다31753_퇴직금.md,letec,91다31753,meta,prec,민사,meta,,퇴직금,exempt,1
output_판례_보강/91다32657_퇴직금등.md,letec,91다32657,meta,prec,민사,meta,,퇴직금등,exempt,1
output_판례_보강/91다34073_퇴직금.md,letec,91다34073,meta,prec,민사,meta,,퇴직금,exempt,1
output_판례_보강/91다34523_파면처분무효확인등.md,letec,91다34523,meta,prec,민사,meta,,파면처분무효확인등,exempt,1
output_판례_보강/91다36192_해고무효확인등.md,letec,91다36192,meta,prec,민사,meta,,해고무효확인등,exempt,1
output_판례_보강/91다36307_임금.md,letec,91다36307,meta,prec,민사,meta,,임금,exempt,1
output_판례_보강/91다37256_임금.md,letec,91다37256,meta,prec,민사,meta,,임금,exempt,1
output_판례_보강/91다38075_퇴직금.md,letec,91다38075,meta,prec,민사,meta,,퇴직금,exempt,1
output_판례_보강/91다38174_퇴직금.md,letec,91다38174,meta,prec,민사,meta,,퇴직금,exempt,1
output_판례_보강/91다38686_해고무효확인.md,letec,91다38686,meta,prec,민사,meta,,해고무효확인,exempt,1
output_판례_보강/91다39559_해고무효확인등.md,letec,91다39559,meta,prec,민사,meta,,해고무효확인등,exempt,1
output_판례_보강/91다41477_해고무효확인등.md,letec,91다41477,meta,prec,민사,meta,,해고무효확인등,exempt,1
output_판례_보강/91다41750_해고무효확인.md,letec,91다41750,meta,prec,민사,meta,,해고무효확인,exempt,1
output_판례_보강/91다41897_해고무효확인등.md,letec,91다41897,meta,prec,민사,meta,,해고무효확인등,exempt,1
output_판례_보강/91다42982_해고무효확인등.md,letec,91다42982,meta,prec,민사,meta,,해고무효확인등,exempt,1
output_판례_보강/91다43138_해고무효확인등.md,letec,91다43138,meta,prec,민사,meta,,해고무효확인등,exempt,1
output_판례_보강/91다4317_해고무효확인.md,letec,91다4317,meta,prec,민사,meta,,해고무효확인,exempt,1
output_판례_보강/91다43800_해고무효확인등.md,letec,91다43800,meta,prec,민사,meta,,해고무효확인등,exempt,1
output_판례_보강/91다44100_임금등.md,letec,91다44100,meta,prec,민사,meta,,임금등,exempt,1
output_판례_보강/91다45165_퇴직금청구.md,letec,91다45165,meta,prec,민사,meta,,퇴직금청구,exempt,1
output_판례_보강/91다45653_임금등.md,letec,91다45653,meta,prec,민사,meta,,임금등,exempt,1
output_판례_보강/91다46922_퇴직금.md,letec,91다46922,meta,prec,민사,meta,,퇴직금,exempt,1
output_판례_보강/91다4775_해고무효확인등.md,letec,91다4775,meta,prec,민사,meta,,해고무효확인등,exempt,1
output_판례_보강/91다5501_체불임금.md,letec,91다5501,meta,prec,민사,meta,,체불임금,exempt,1
output_판례_보강/91다5976_해고무효확인등.md,letec,91다5976,meta,prec,민사,meta,,해고무효확인등,exempt,1
output_판례_보강/91다8104_소유권이전등기.md,letec,91다8104,meta,prec,민사,meta,,소유권이전등기,exempt,1
output_판례_보강/91다8647_해고무효확인등.md,letec,91다8647,meta,prec,민사,meta,,해고무효확인등,exempt,1
"output_판례_보강/91도1051_노동조합법위반,노동쟁의조정법위반,폭력행위등처벌에관한법률위반,업무방해.md",letec,91도1051,meta,prec,형사,meta,,"노동조합법위반,노동쟁의조정법위반,폭력행위등처벌에관한법률위반,업무방해",exempt,1
"output_판례_보강/91도1324_노동쟁의조정법위반,업무방해,퇴거불응,사문서위조,동행사.md",letec,91도1324,meta,prec,형사,meta,,"노동쟁의조정법위반,업무방해,퇴거불응,사문서위조,동행사",exempt,1
output_판례_보강/91도1685_근로기준법위반.md,letec,91도1685,meta,prec,형사,meta,,근로기준법위반,exempt,1
output_판례_보강/91도1834_노동쟁의조정법위반·업무방해.md,letec,91도1834,meta,prec,형사,meta,,노동쟁의조정법위반·업무방해,exempt,1
"output_판례_보강/91도2221_국가보안법위반,집회및시위에관한법률위반,업무방해,노동조합법위반,노동쟁의조정법위반.md",letec,91도2221,meta,prec,형사,meta,,"국가보안법위반,집회및시위에관한법률위반,업무방해,노동조합법위반,노동쟁의조정법위반",exempt,1
output_판례_보강/91도2323_노동쟁의조정법위반.md,letec,91도2323,meta,prec,형사,meta,,노동쟁의조정법위반,exempt,1
output_판례_보강/91도3044_업무방해·출판물에의한명예훼손·노동조합법위반.md,letec,91도3044,meta,prec,형사,meta,,업무방해·출판물에의한명예훼손·노동조합법위반,exempt,1
"output_판례_보강/91도326_노동쟁의조정법위반,폭력행위등처벌에관한법률위반,업무방해,건조물침입.md",letec,91도326,meta,prec,형사,meta,,"노동쟁의조정법위반,폭력행위등처벌에관한법률위반,업무방해,건조물침입",exempt,1
"output_판례_보강/91도600_노동쟁의조정법위반,업무방해,폭행.md",letec,91도600,meta,prec,형사,meta,,"노동쟁의조정법위반,업무방해,폭행",exempt,1
"output_판례_보강/91도753_업무방해,집회및시위에관한법률위반,폭력행위등처벌에관한법률위반.md",letec,91도753,meta,prec,형사,meta,,"업무방해,집회및시위에관한법률위반,폭력행위등처벌에관한법률위반",exempt,1
output_판례_보강/92누11046_유족보상일시금및장의비부지급처분취소.md,letec,92누11046,meta,prec,일반행정,meta,,유족보상일시금및장의비부지급처분취소,exempt,1
output_판례_보강/92누11107_유족보상및장의비부지급처분취소.md,letec,92누11107,meta,prec,일반행정,meta,,유족보상및장의비부지급처분취소,exempt,1
output_판례_보강/92누11114_부당노동행위및부당해고구제재심판정취소.md,letec,92누11114,meta,prec,일반행정,meta,,부당노동행위및부당해고구제재심판정취소,exempt,1
output_판례_보강/92누11121_부당노동행위구제재심판정취소.md,letec,92누11121,meta,prec,일반행정,meta,,부당노동행위구제재심판정취소,exempt,1
output_판례_보강/92누12452_부당노동행위구제재심판정취소.md,letec,92누12452,meta,prec,일반행정,meta,,부당노동행위구제재심판정취소,exempt,1
output_판례_보강/92누13035_부당노동행위구제재심판정취소.md,letec,92누13035,meta,prec,일반행정,meta,,부당노동행위구제재심판정취소,exempt,1
output_판례_보강/92누13189_부당해고구제재심판정취소.md,letec,92누13189,meta,prec,일반행정,meta,,부당해고구제재심판정취소,exempt,1
output_판례_보강/92누13196_부당해고구제재심판정취소.md,letec,92누13196,meta,prec,일반행정,meta,,부당해고구제재심판정취소,exempt,1
output_판례_보강/92누14502_최초요양불승인처분취소.md,letec,92누14502,meta,prec,일반행정,meta,,최초요양불승인처분취소,exempt,1
output_판례_보강/92누15765_부당해고구제재심판정취소.md,letec,92누15765,meta,prec,일반행정,meta,,부당해고구제재심판정취소,exempt,1
output_판례_보강/92누16096_해임처분취소.md,letec,92누16096,meta,prec,일반행정,meta,,해임처분취소,exempt,1
output_판례_보강/92누16102_산재보험금지급결정취소.md,letec,92누16102,meta,prec,일반행정,meta,,산재보험금지급결정취소,exempt,1
output_판례_보강/92누16508_부당해고구제재심판정취소.md,letec,92누16508,meta,prec,일반행정,meta,,부당해고구제재심판정취소,exempt,1
output_판례_보강/92누16942_의원면직처분취소.md,letec,92누16942,meta,prec,일반행정,meta,,의원면직처분취소,exempt,1
output_판례_보강/92누17181_요양불승인처분취소.md,letec,92누17181,meta,prec,일반행정,meta,,요양불승인처분취소,exempt,1
output_판례_보강/92누18825_부당배치전환구제재심판정처분취소.md,letec,92누18825,meta,prec,일반행정,meta,,부당배치전환구제재심판정처분취소,exempt,1
output_판례_보강/92누3076_부당해고구제재심판정취소.md,letec,92누3076,meta,prec,일반행정,meta,,부당해고구제재심판정취소,exempt,1
output_판례_보강/92누404_부당해고구제재심판정취소.md,letec,92누404,meta,prec,일반행정,meta,,부당해고구제재심판정취소,exempt,1
output_판례_보강/92누4253_부당노동행위구제재심판정등취소.md,letec,92누4253,meta,prec,일반행정,meta,,부당노동행위구제재심판정등취소,exempt,1
output_판례_보강/92누6082_부당노동행위구제재심판정취소.md,letec,92누6082,meta,prec,일반행정,meta,,부당노동행위구제재심판정취소,exempt,1
output_판례_보강/92누6099_부당해고구제재심판정취소.md,letec,92누6099,meta,prec,일반행정,meta,,부당해고구제재심판정취소,exempt,1
output_판례_보강/92누7122_노동조합설립신고서반려처분취소.md,letec,92누7122,meta,prec,일반행정,meta,,노동조합설립신고서반려처분취소,exempt,1
output_판례_보강/92누7733_부당해고및부당노동행위구제재심판정취소.md,letec,92누7733,meta,prec,일반행정,meta,,부당해고및부당노동행위구제재심판정취소,exempt,1
output_판례_보강/92누8200_부당해고구제재심판정취소.md,letec,92누8200,meta,prec,일반행정,meta,,부당해고구제재심판정취소,exempt,1
"output_판례_보강/92누8699_해임,파면처분취소.md",letec,92누8699,meta,prec,일반행정,meta,,"해임,파면처분취소",exempt,1
output_판례_보강/92누9766_부당노동행위구제재심판정취소.md,letec,92누9766,meta,prec,일반행정,meta,,부당노동행위구제재심판정취소,exempt,1
output_판례_보강/92다10968_구상금.md,letec,92다10968,meta,prec,민사,meta,,구상금,exempt,1
output_판례_보강/92다11695_해고무효확인등.md,letec,92다11695,meta,prec,민사,meta,,해고무효확인등,exempt,1
output_판례_보강/92다14007_임금등.md,letec,92다14007,meta,prec,민사,meta,,임금등,exempt,1
output_판례_보강/92다14434_해고무효확인.md,letec,92다14434,meta,prec,민사,meta,,해고무효확인,exempt,1
output_판례_보강/92다14779_해고무효확인등.md,letec,92다14779,meta,prec,민사,meta,,해고무효확인등,exempt,1
output_판례_보강/92다14786_해고무효확인등.md,letec,92다14786,meta,prec,민사,meta,,해고무효확인등,exempt,1
output_판례_보강/92다16973_해고무효확인등.md,letec,92다16973,meta,prec,민사,meta,,해고무효확인등,exempt,1
output_판례_보강/92다1728_해고무효확인등.md,letec,92다1728,meta,prec,민사,meta,,해고무효확인등,exempt,1
output_판례_보강/92다18542_해고무효확인등.md,letec,92다18542,meta,prec,민사,meta,,해고무효확인등,exempt,1
output_판례_보강/92다19316_퇴직금.md,letec,92다19316,meta,prec,민사,meta,,퇴직금,exempt,1
output_판례_보강/92다19910_해고무효확인.md,letec,92다19910,meta,prec,민사,meta,,해고무효확인,exempt,1
output_판례_보강/92다1995_임금.md,letec,92다1995,meta,prec,민사,meta,,임금,exempt,1
output_판례_보강/92다20309_퇴직금.md,letec,92다20309,meta,prec,민사,meta,,퇴직금,exempt,1
output_판례_보강/92다20316_손해배상(산).md,letec,92다20316,meta,prec,민사,meta,,손해배상(산),exempt,1
output_판례_보강/92다20712_해고무효확인등.md,letec,92다20712,meta,prec,민사,meta,,해고무효확인등,exempt,1
output_판례_보강/92다22770_임금등.md,letec,92다22770,meta,prec,민사,meta,,임금등,exempt,1
output_판례_보강/92다2295_퇴직금.md,letec,92다2295,meta,prec,민사,meta,,퇴직금,exempt,1
output_판례_보강/92다23360_구상금.md,letec,92다23360,meta,prec,민사,meta,,구상금,exempt,1
output_판례_보강/92다24509_임금.md,letec,92다24509,meta,prec,민사,meta,,임금,exempt,1
output_판례_보강/92다24592_임금.md,letec,92다24592,meta,prec,민사,meta,,임금,exempt,1
output_판례_보강/92다26260_해고무효확인.md,letec,92다26260,meta,prec,민사,meta,,해고무효확인,exempt,1
output_판례_보강/92다27089_해고무효확인등.md,letec,92다27089,meta,prec,민사,meta,,해고무효확인등,exempt,1
output_판례_보강/92다27102_해고무효확인등.md,letec,92다27102,meta,prec,민사,meta,,해고무효확인등,exempt,1
output_판례_보강/92다28556_퇴직금.md,letec,92다28556,meta,prec,민사,meta,,퇴직금,exempt,1
output_판례_보강/92다30801_손해배상(기).md,letec,92다30801,meta,prec,민사,meta,,손해배상(기),exempt,1
output_판례_보강/92다31057_퇴직금.md,letec,92다31057,meta,prec,민사,meta,,퇴직금,exempt,1
output_판례_보강/92다31125_임금등.md,letec,92다31125,meta,prec,민사,meta,,임금등,exempt,1
output_판례_보강/92다33398_임금등.md,letec,92다33398,meta,prec,민사,meta,,임금등,exempt,1
output_판례_보강/92다34858_해고무효확인.md,letec,92다34858,meta,prec,민사,meta,,해고무효확인,exempt,1
output_판례_보강/92다34926_면직무효확인등.md,letec,92다34926,meta,prec,민사,meta,,면직무효확인등,exempt,1
output_판례_보강/92다34940_해고무효확인.md,letec,92다34940,meta,prec,민사,meta,,해고무효확인,exempt,1
output_판례_보강/92다3670_해고무효.md,letec,92다3670,meta,prec,민사,meta,,해고무효,exempt,1
output_판례_보강/92다37161_퇴직금.md,letec,92다37161,meta,prec,민사,meta,,퇴직금,exempt,1
output_판례_보강/92다37673_퇴직금.md,letec,92다37673,meta,prec,민사,meta,,퇴직금,exempt,1
output_판례_보강/92다39860_임금.md,letec,92다39860,meta,prec,민사,meta,,임금,exempt,1
output_판례_보강/92다41986_퇴직금.md,letec,92다41986,meta,prec,민사,meta,,퇴직금,exempt,1
output_판례_보강/92다42354_건물명도.md,letec,92다42354,meta,prec,민사,meta,,건물명도,exempt,1
output_판례_보강/92다42897_손해배상(기).md,letec,92다42897,meta,prec,민사,meta,,손해배상(기),exempt,1
output_판례_보강/92다44695_해고무효확인.md,letec,92다44695,meta,prec,민사,meta,,해고무효확인,exempt,1
output_판례_보강/92다45230_해고무효확인.md,letec,92다45230,meta,prec,민사,meta,,해고무효확인,exempt,1
output_판례_보강/92다45490_퇴직금.md,letec,92다45490,meta,prec,민사,meta,,퇴직금,exempt,1
output_판례_보강/92다45636_해고무효확인등.md,letec,92다45636,meta,prec,민사,meta,,해고무효확인등,exempt,1
output_판례_보강/92다45735_해고무효확인등.md,letec,92다45735,meta,prec,민사,meta,,해고무효확인등,exempt,1
output_판례_보강/92다46462_임금.md,letec,92다46462,meta,prec,민사,meta,,임금,exempt,1
output_판례_보강/92다48208_해고무효확인등.md,letec,92다48208,meta,prec,민사,meta,,해고무효확인등,exempt,1
output_판례_보강/92다48697_해고무효확인.md,letec,92다48697,meta,prec,민사,meta,,해고무효확인,exempt,1
output_판례_보강/92다49171_해고무효확인.md,letec,92다49171,meta,prec,민사,meta,,해고무효확인,exempt,1
output_판례_보강/92다49294_퇴직금규정개정무효확인.md,letec,92다49294,meta,prec,민사,meta,,퇴직금규정개정무효확인,exempt,1
output_판례_보강/92다49935_해고무효확인등.md,letec,92다49935,meta,prec,민사,meta,,해고무효확인등,exempt,1
output_판례_보강/92다50263_해고무효확인등.md,letec,92다50263,meta,prec,민사,meta,,해고무효확인등,exempt,1
output_판례_보강/92다52115_퇴직금.md,letec,92다52115,meta,prec,민사,meta,,퇴직금,exempt,1
output_판례_보강/92다54210_해고무효확인.md,letec,92다54210,meta,prec,민사,meta,,해고무효확인,exempt,1
output_판례_보강/92다7306_임금.md,letec,92다7306,meta,prec,민사,meta,,임금,exempt,1
output_판례_보강/92다7542_해고무효확인등.md,letec,92다7542,meta,prec,민사,meta,,해고무효확인등,exempt,1
output_판례_보강/92다893_손해배상(기).md,letec,92다893,meta,prec,민사,meta,,손해배상(기),exempt,1
output_판례_보강/92도2089_근로기준법위반.md,letec,92도2089,meta,prec,형사,meta,,근로기준법위반,exempt,1
"output_판례_보강/92도2247_업무방해,노동조합법위반.md",letec,92도2247,meta,prec,형사,meta,,"업무방해,노동조합법위반",exempt,1
output_판례_보강/92도2341_근로기준법위반.md,letec,92도2341,meta,prec,형사,meta,,근로기준법위반,exempt,1
output_판례_보강/93누10699_부당노동행위구제재심판정취소.md,letec,93누10699,meta,prec,일반행정,meta,,부당노동행위구제재심판정취소,exempt,1
output_판례_보강/93누16185_부당해고구제재심판정취소.md,letec,93누16185,meta,prec,일반행정,meta,,부당해고구제재심판정취소,exempt,1
output_판례_보강/93누16680_부당해고구제재심판정취소.md,letec,93누16680,meta,prec,일반행정,meta,,부당해고구제재심판정취소,exempt,1
output_판례_보강/93누1671_휴업지불예외승인재심판정취소.md,letec,93누1671,meta,prec,일반행정,meta,,휴업지불예외승인재심판정취소,exempt,1
output_판례_보강/93누20115_부당노동행위구제재심판정취소등.md,letec,93누20115,meta,prec,일반행정,meta,,부당노동행위구제재심판정취소등,exempt,1
output_판례_보강/93누21231_건설업면허취소처분취소.md,letec,93누21231,meta,prec,일반행정,meta,,건설업면허취소처분취소,exempt,1
output_판례_보강/93누21927_장해등급결정처분취소.md,letec,93누21927,meta,prec,일반행정,meta,,장해등급결정처분취소,exempt,1
output_판례_보강/93누22463_부당해고구제재심판정취소.md,letec,93누22463,meta,prec,일반행정,meta,,부당해고구제재심판정취소,exempt,1
output_판례_보강/93누23275_부당해고구제재심판정취소.md,letec,93누23275,meta,prec,일반행정,meta,,부당해고구제재심판정취소,exempt,1
output_판례_보강/93누3837_부당해고구제재심판정취소.md,letec,93누3837,meta,prec,일반행정,meta,,부당해고구제재심판정취소,exempt,1
output_판례_보강/93누4199_부당해고구제재심판정취소.md,letec,93누4199,meta,prec,일반행정,meta,,부당해고구제재심판정취소,exempt,1
output_판례_보강/93누5796_중재재정취소.md,letec,93누5796,meta,prec,일반행정,meta,,중재재정취소,exempt,1
output_판례_보강/93누8993_단체협약취소변경명령.md,letec,93누8993,meta,prec,일반행정,meta,,단체협약취소변경명령,exempt,1
output_판례_보강/93다11463_임금지급등.md,letec,93다11463,meta,prec,민사,meta,,임금지급등,exempt,1
output_판례_보강/93다13544_파면처분무효확인등.md,letec,93다13544,meta,prec,민사,meta,,파면처분무효확인등,exempt,1
output_판례_보강/93다14493_퇴직금.md,letec,93다14493,meta,prec,민사,meta,,퇴직금,exempt,1
output_판례_보강/93다1503_해고무효확인.md,letec,93다1503,meta,prec,민사,meta,,해고무효확인,exempt,1
output_판례_보강/93다1589_퇴직금.md,letec,93다1589,meta,prec,민사,meta,,퇴직금,exempt,1
output_판례_보강/93다17843_근로자지위확인.md,letec,93다17843,meta,prec,민사,meta,,근로자지위확인,exempt,1
output_판례_보강/93다17898_퇴직금.md,letec,93다17898,meta,prec,민사,meta,,퇴직금,exempt,1
output_판례_보강/93다18365_퇴직금.md,letec,93다18365,meta,prec,민사,meta,,퇴직금,exempt,1
output_판례_보강/93다1893_퇴직금.md,letec,93다1893,meta,prec,민사,meta,,퇴직금,exempt,1
output_판례_보강/93다21606_급여청구.md,letec,93다21606,meta,prec,민사,meta,,급여청구,exempt,1
output_판례_보강/93다21736_해고무효확인등.md,letec,93다21736,meta,prec,민사,meta,,해고무효확인등,exempt,1
output_판례_보강/93다21750_제명처분무효확인.md,letec,93다21750,meta,prec,민사,meta,,제명처분무효확인,exempt,1
output_판례_보강/93다22524_면직무효확인.md,letec,93다22524,meta,prec,민사,meta,,면직무효확인,exempt,1
output_판례_보강/93다23107_보험금.md,letec,93다23107,meta,prec,민사,meta,,보험금,exempt,1
output_판례_보강/93다23152_해고무효확인등.md,letec,93다23152,meta,prec,민사,meta,,해고무효확인등,exempt,1
output_판례_보강/93다24735_손해배상(기).md,letec,93다24735,meta,prec,민사,meta,,손해배상(기),exempt,1
output_판례_보강/93다25851_보험금지급.md,letec,93다25851,meta,prec,민사,meta,,보험금지급,exempt,1
output_판례_보강/93다26151_해고무효확인등.md,letec,93다26151,meta,prec,민사,meta,,해고무효확인등,exempt,1
output_판례_보강/93다26168_퇴직금.md,letec,93다26168,meta,prec,민사,meta,,퇴직금,exempt,1
output_판례_보강/93다2629_건물퇴거.md,letec,93다2629,meta,prec,민사,meta,,건물퇴거,exempt,1
output_판례_보강/93다26496_해고무효확인등.md,letec,93다26496,meta,prec,민사,meta,,해고무효확인등,exempt,1
output_판례_보강/93다28737_퇴직금등.md,letec,93다28737,meta,prec,민사,meta,,퇴직금등,exempt,1
output_판례_보강/93다29167_해고무효확인등.md,letec,93다29167,meta,prec,민사,meta,,해고무효확인등,exempt,1
output_판례_보강/93다30181_손해배상(기).md,letec,93다30181,meta,prec,민사,meta,,손해배상(기),exempt,1
output_판례_보강/93다30938_배당이의.md,letec,93다30938,meta,prec,민사,meta,,배당이의,exempt,1
output_판례_보강/93다32002_해고무효확인등.md,letec,93다32002,meta,prec,민사,meta,,해고무효확인등,exempt,1
output_판례_보강/93다32408_퇴직금등.md,letec,93다32408,meta,prec,민사,meta,,퇴직금등,exempt,1
output_판례_보강/93다32514_임금등.md,letec,93다32514,meta,prec,민사,meta,,임금등,exempt,1
output_판례_보강/93다32828_손해배상(기).md,letec,93다32828,meta,prec,민사,meta,,손해배상(기),exempt,1
output_판례_보강/93다33173_임금.md,letec,93다33173,meta,prec,민사,meta,,임금,exempt,1
output_판례_보강/93다34091_손해배상(산).md,letec,93다34091,meta,prec,민사,meta,,손해배상(산),exempt,1
output_판례_보강/93다35384_해고무효확인등.md,letec,93다35384,meta,prec,민사,meta,,해고무효확인등,exempt,1
output_판례_보강/93다3592_구상금.md,letec,93다3592,meta,prec,민사,meta,,구상금,exempt,1
output_판례_보강/93다37915_해고무효확인등.md,letec,93다37915,meta,prec,민사,meta,,해고무효확인등,exempt,1
output_판례_보강/93다38529_퇴직금등.md,letec,93다38529,meta,prec,민사,meta,,퇴직금등,exempt,1
output_판례_보강/93다38826_구상금등.md,letec,93다38826,meta,prec,민사,meta,,구상금등,exempt,1
output_판례_보강/93다43866_해고무효확인등.md,letec,93다43866,meta,prec,민사,meta,,해고무효확인등,exempt,1
output_판례_보강/93다46254_임금.md,letec,93다46254,meta,prec,민사,meta,,임금,exempt,1
output_판례_보강/93다4649_퇴직금등.md,letec,93다4649,meta,prec,민사,meta,,퇴직금등,exempt,1
output_판례_보강/93다46841_퇴직금.md,letec,93다46841,meta,prec,민사,meta,,퇴직금,exempt,1
output_판례_보강/93다47677_해고무효확인.md,letec,93다47677,meta,prec,민사,meta,,해고무효확인,exempt,1
output_판례_보강/93다47790_정년퇴직발령무효확인.md,letec,93다47790,meta,prec,민사,meta,,정년퇴직발령무효확인,exempt,1
output_판례_보강/93다4816_임금등.md,letec,93다4816,meta,prec,민사,meta,,임금등,exempt,1
output_판례_보강/93다50017_해고무효확인등.md,letec,93다50017,meta,prec,민사,meta,,해고무효확인등,exempt,1
output_판례_보강/93다51263_해고무효및임금청구.md,letec,93다51263,meta,prec,민사,meta,,해고무효및임금청구,exempt,1
output_판례_보강/93다52402_손해배상(의).md,letec,93다52402,meta,prec,민사,meta,,손해배상(의),exempt,1
output_판례_보강/93다52525_해고무효확인등.md,letec,93다52525,meta,prec,민사,meta,,해고무효확인등,exempt,1
output_판례_보강/93다53276_퇴직금등.md,letec,93다53276,meta,prec,민사,meta,,퇴직금등,exempt,1
output_판례_보강/93다57346_손해배상(자).md,letec,93다57346,meta,prec,민사,meta,,손해배상(자),exempt,1
output_판례_보강/93다57551_해고무효확인등.md,letec,93다57551,meta,prec,민사,meta,,해고무효확인등,exempt,1
output_판례_보강/93다58714_퇴직금.md,letec,93다58714,meta,prec,민사,meta,,퇴직금,exempt,1
output_판례_보강/93다59908_해고무효확인등.md,letec,93다59908,meta,prec,민사,meta,,해고무효확인등,exempt,1
output_판례_보강/93다61611_양수금.md,letec,93다61611,meta,prec,민사,meta,,양수금,exempt,1
output_판례_보강/93다61703_손해배상(산).md,letec,93다61703,meta,prec,민사,meta,,손해배상(산),exempt,1
output_판례_보강/93다62126_해고무효확인등.md,letec,93다62126,meta,prec,민사,meta,,해고무효확인등,exempt,1
output_판례_보강/93다7464_해고무효확인등.md,letec,93다7464,meta,prec,민사,meta,,해고무효확인등,exempt,1
output_판례_보강/93다8658_퇴직금등.md,letec,93다8658,meta,prec,민사,meta,,퇴직금등,exempt,1
output_판례_보강/93다968_해고무효확인.md,letec,93다968,meta,prec,민사,meta,,해고무효확인,exempt,1
output_판례_보강/93도2903_근로기준법위반.md,letec,93도2903,meta,prec,형사,meta,,근로기준법위반,exempt,1
output_판례_보강/93도613_업무방해.md,letec,93도613,meta,prec,형사,meta,,업무방해,exempt,1
output_판례_보강/93마1822_압류및전부명령.md,letec,93마1822,meta,prec,민사,meta,,압류및전부명령,exempt,1
output_판례_보강/93헌바43_형법 제35조 등 위헌소원.md,letec,93헌바43,meta,detc,헌바,meta,,형법 제35조 등 위헌소원,exempt,1
output_판례_보강/94누10931_부당해고구제재심판정취소.md,letec,94누10931,meta,prec,일반행정,meta,,부당해고구제재심판정취소,exempt,1
output_판례_보강/94누11491_부당해고구제재심판정취소.md,letec,94누11491,meta,prec,일반행정,meta,,부당해고구제재심판정취소,exempt,1
output_판례_보강/94누11767_부당해고구제재심판정취소.md,letec,94누11767,meta,prec,일반행정,meta,,부당해고구제재심판정취소,exempt,1
output_판례_보강/94누11880_부당해고구제재심판정취소.md,letec,94누11880,meta,prec,일반행정,meta,,부당해고구제재심판정취소,exempt,1
output_판례_보강/94누12067_요양불승인처분취소.md,letec,94누12067,meta,prec,일반행정,meta,,요양불승인처분취소,exempt,1
output_판례_보강/94누13053_부당해고구제재심판정취소.md,letec,94누13053,meta,prec,일반행정,meta,,부당해고구제재심판정취소,exempt,1
output_판례_보강/94누13589_부당해고구제재심판정취소.md,letec,94누13589,meta,prec,일반행정,meta,,부당해고구제재심판정취소,exempt,1
output_판례_보강/94누15783_부당해고구제재심판정취소.md,letec,94누15783,meta,prec,일반행정,meta,,부당해고구제재심판정취소,exempt,1
output_판례_보강/94누1890_부당해고구제재심판정취소.md,letec,94누1890,meta,prec,일반행정,meta,,부당해고구제재심판정취소,exempt,1
output_판례_보강/94누2565_유족급여및장의비급여부지급결정처분취소.md,letec,94누2565,meta,prec,일반행정,meta,,유족급여및장의비급여부지급결정처분취소,exempt,1
output_판례_보강/94누3001_부당노동행위구제재심판정취소.md,letec,94누3001,meta,prec,일반행정,meta,,부당노동행위구제재심판정취소,exempt,1
output_판례_보강/94누5069_부당해고구제재심판정취소.md,letec,94누5069,meta,prec,일반행정,meta,,부당해고구제재심판정취소,exempt,1
output_판례_보강/94누576_부당해고구제재심판정취소.md,letec,94누576,meta,prec,일반행정,meta,,부당해고구제재심판정취소,exempt,1
output_판례_보강/94누7959_부당해고구제재심판정취소.md,letec,94누7959,meta,prec,일반행정,meta,,부당해고구제재심판정취소,exempt,1
output_판례_보강/94누9177_중재재심결정취소.md,letec,94누9177,meta,prec,일반행정,meta,,중재재심결정취소,exempt,1
output_판례_보강/94누9771_부당해고구제재심판정취소.md,letec,94누9771,meta,prec,일반행정,meta,,부당해고구제재심판정취소,exempt,1
output_판례_보강/94누9955_휴업지불예외승인재심판정취소.md,letec,94누9955,meta,prec,일반행정,meta,,휴업지불예외승인재심판정취소,exempt,1
output_판례_보강/94다14629_면직처분무효확인.md,letec,94다14629,meta,prec,민사,meta,,면직처분무효확인,exempt,1
output_판례_보강/94다14650_해고무효확인등.md,letec,94다14650,meta,prec,민사,meta,,해고무효확인등,exempt,1
output_판례_보강/94다14742_급료.md,letec,94다14742,meta,prec,민사,meta,,급료,exempt,1
output_판례_보강/94다17246_구상금등.md,letec,94다17246,meta,prec,민사,meta,,구상금등,exempt,1
output_판례_보강/94다17758_해고무효확인등.md,letec,94다17758,meta,prec,민사,meta,,해고무효확인등,exempt,1
output_판례_보강/94다17994_해고무효확인등.md,letec,94다17994,meta,prec,민사,meta,,해고무효확인등,exempt,1
output_판례_보강/94다18072_퇴직금.md,letec,94다18072,meta,prec,민사,meta,,퇴직금,exempt,1
output_판례_보강/94다18553_임금.md,letec,94다18553,meta,prec,민사,meta,,임금,exempt,1
output_판례_보강/94다19228_해고무효확인등.md,letec,94다19228,meta,prec,민사,meta,,해고무효확인등,exempt,1
output_판례_보강/94다19242_양수금.md,letec,94다19242,meta,prec,민사,meta,,양수금,exempt,1
output_판례_보강/94다19501_노임.md,letec,94다19501,meta,prec,민사,meta,,노임,exempt,1
output_판례_보강/94다20198_퇴직금등.md,letec,94다20198,meta,prec,민사,meta,,퇴직금등,exempt,1
output_판례_보강/94다21160_배당이의.md,letec,94다21160,meta,prec,민사,meta,,배당이의,exempt,1
output_판례_보강/94다21337_해고무효확인.md,letec,94다21337,meta,prec,민사,meta,,해고무효확인,exempt,1
output_판례_보강/94다21580_손해배상(자).md,letec,94다21580,meta,prec,민사,meta,,손해배상(자),exempt,1
output_판례_보강/94다21979_보험금.md,letec,94다21979,meta,prec,민사,meta,,보험금,exempt,1
output_판례_보강/94다24763_해고무효확인.md,letec,94다24763,meta,prec,민사,meta,,해고무효확인,exempt,1
output_판례_보강/94다25889_해고무효확인등.md,letec,94다25889,meta,prec,민사,meta,,해고무효확인등,exempt,1
output_판례_보강/94다26615_체불임금.md,letec,94다26615,meta,prec,민사,meta,,체불임금,exempt,1
output_판례_보강/94다26721_임금.md,letec,94다26721,meta,prec,민사,meta,,임금,exempt,1
output_판례_보강/94다27960_해고무효확인등.md,letec,94다27960,meta,prec,민사,meta,,해고무효확인등,exempt,1
output_판례_보강/94다29225_구상금.md,letec,94다29225,meta,prec,민사,meta,,구상금,exempt,1
output_판례_보강/94다30638_퇴직금.md,letec,94다30638,meta,prec,민사,meta,,퇴직금,exempt,1
output_판례_보강/94다30669_손해배상(기).md,letec,94다30669,meta,prec,민사,meta,,손해배상(기),exempt,1
output_판례_보강/94다33491_손해배상(산).md,letec,94다33491,meta,prec,민사,meta,,손해배상(산),exempt,1
output_판례_보강/94다33552_해고무효확인.md,letec,94다33552,meta,prec,민사,meta,,해고무효확인,exempt,1
output_판례_보강/94다36186_퇴직금.md,letec,94다36186,meta,prec,민사,meta,,퇴직금,exempt,1
output_판례_보강/94다4011_해고무효확인등.md,letec,94다4011,meta,prec,민사,meta,,해고무효확인등,exempt,1
output_판례_보강/94다4042_해고무효확인.md,letec,94다4042,meta,prec,민사,meta,,해고무효확인,exempt,1
output_판례_보강/94다40543_손해배상(산).md,letec,94다40543,meta,prec,민사,meta,,손해배상(산),exempt,1
output_판례_보강/94다40987_해고무효확인등.md,letec,94다40987,meta,prec,민사,meta,,해고무효확인등,exempt,1
output_판례_보강/94다42082_해고무효확인.md,letec,94다42082,meta,prec,민사,meta,,해고무효확인,exempt,1
output_판례_보강/94다4295_해고무효확인등.md,letec,94다4295,meta,prec,민사,meta,,해고무효확인등,exempt,1
output_판례_보강/94다43351_해고무효확인.md,letec,94다43351,meta,prec,민사,meta,,해고무효확인,exempt,1
output_판례_보강/94다446_임금등.md,letec,94다446,meta,prec,민사,meta,,임금등,exempt,1
output_판례_보강/94다45715_해고무효확인등.md,letec,94다45715,meta,prec,민사,meta,,해고무효확인등,exempt,1
output_판례_보강/94다46596_해고무효확인등.md,letec,94다46596,meta,prec,민사,meta,,해고무효확인등,exempt,1
output_판례_보강/94다46763_해고무효확인.md,letec,94다46763,meta,prec,민사,meta,,해고무효확인,exempt,1
output_판례_보강/94다52119_해고무효확인등.md,letec,94다52119,meta,prec,민사,meta,,해고무효확인등,exempt,1
output_판례_보강/94다52294_해고무효확인등.md,letec,94다52294,meta,prec,민사,meta,,해고무효확인등,exempt,1
output_판례_보강/94다52928_해고무효확인등.md,letec,94다52928,meta,prec,민사,meta,,해고무효확인등,exempt,1
output_판례_보강/94다53716_해고무효확인.md,letec,94다53716,meta,prec,민사,meta,,해고무효확인,exempt,1
output_판례_보강/94다54245_해고무효확인등.md,letec,94다54245,meta,prec,민사,meta,,해고무효확인등,exempt,1
output_판례_보강/94다54542_임금.md,letec,94다54542,meta,prec,민사,meta,,임금,exempt,1
output_판례_보강/94다55934_퇴직금.md,letec,94다55934,meta,prec,민사,meta,,퇴직금,exempt,1
output_판례_보강/94다58087_해고무효확인등.md,letec,94다58087,meta,prec,민사,meta,,해고무효확인등,exempt,1
output_판례_보강/94다60509_채무부존재확인.md,letec,94다60509,meta,prec,민사,meta,,채무부존재확인,exempt,1
output_판례_보강/94다6628_손해배상(자).md,letec,94다6628,meta,prec,민사,meta,,손해배상(자),exempt,1
output_판례_보강/94다6918_배당이의.md,letec,94다6918,meta,prec,민사,meta,,배당이의,exempt,1
output_판례_보강/94다7553_직위해제등무효확인.md,letec,94다7553,meta,prec,민사,meta,,직위해제등무효확인,exempt,1
output_판례_보강/94다8631_퇴직금.md,letec,94다8631,meta,prec,민사,meta,,퇴직금,exempt,1
output_판례_보강/94다9092_고용관계존재확인등.md,letec,94다9092,meta,prec,민사,meta,,고용관계존재확인등,exempt,1
output_판례_보강/94도1477_근로기준법위반.md,letec,94도1477,meta,prec,형사,meta,,근로기준법위반,exempt,1
output_판례_보강/94도1724_근로기준법위반.md,letec,94도1724,meta,prec,형사,meta,,근로기준법위반,exempt,1
output_판례_보강/94도2122_근로기준법위반.md,letec,94도2122,meta,prec,형사,meta,,근로기준법위반,exempt,1
output_판례_보강/94헌바13_노동조합법 제33조 제1항 위헌소원.md,letec,94헌바13,meta,detc,헌바,meta,,노동조합법 제33조 제1항 위헌소원,exempt,1
output_판례_보강/94헌바19_근로기준법 제30조의2 제2항 위헌소원.md,letec,94헌바19,meta,detc,헌바,meta,,근로기준법 제30조의2 제2항 위헌소원,exempt,1
output_판례_보강/95누11238_부당노동행위구제재심판정취소.md,letec,95누11238,meta,prec,일반행정,meta,,부당노동행위구제재심판정취소,exempt,1
output_판례_보강/95누12347_부당해고구제재심판정취소.md,letec,95누12347,meta,prec,일반행정,meta,,부당해고구제재심판정취소,exempt,1
output_판례_보강/95누13432_유족급여등부지급처분취소.md,letec,95누13432,meta,prec,일반행정,meta,,유족급여등부지급처분취소,exempt,1
output_판례_보강/95누1422_부당해고구제재심판정취소.md,letec,95누1422,meta,prec,일반행정,meta,,부당해고구제재심판정취소,exempt,1
output_판례_보강/95누14282_요양비부지급처분취소등.md,letec,95누14282,meta,prec,일반행정,meta,,요양비부지급처분취소등,exempt,1
output_판례_보강/95누14633_요양불승인처분취소.md,letec,95누14633,meta,prec,일반행정,meta,,요양불승인처분취소,exempt,1
output_판례_보강/95누15698_부당해고구제재심판정취소.md,letec,95누15698,meta,prec,일반행정,meta,,부당해고구제재심판정취소,exempt,1
output_판례_보강/95누15728_부당해고구제재심판정취소.md,letec,95누15728,meta,prec,일반행정,meta,,부당해고구제재심판정취소,exempt,1
output_판례_보강/95누15742_부당해고구제재심판정취소.md,letec,95누15742,meta,prec,일반행정,meta,,부당해고구제재심판정취소,exempt,1
output_판례_보강/95누15926_부당해고구제재심판정취소.md,letec,95누15926,meta,prec,일반행정,meta,,부당해고구제재심판정취소,exempt,1
output_판례_보강/95누16059_부당강임구제재심판정취소.md,letec,95누16059,meta,prec,일반행정,meta,,부당강임구제재심판정취소,exempt,1
output_판례_보강/95누17571_부당해고구제재심판정취소.md,letec,95누17571,meta,prec,일반행정,meta,,부당해고구제재심판정취소,exempt,1
output_판례_보강/95누18536_해임처분취소.md,letec,95누18536,meta,prec,일반행정,meta,,해임처분취소,exempt,1
output_판례_보강/95누18727_해임처분취소.md,letec,95누18727,meta,prec,일반행정,meta,,해임처분취소,exempt,1
output_판례_보강/95누1972_부당해고구제재심판정취소.md,letec,95누1972,meta,prec,일반행정,meta,,부당해고구제재심판정취소,exempt,1
output_판례_보강/95누2487_부당해고구제재심판정취소.md,letec,95누2487,meta,prec,일반행정,meta,,부당해고구제재심판정취소,exempt,1
output_판례_보강/95누3565_부당노동행위구제재심판정취소.md,letec,95누3565,meta,prec,일반행정,meta,,부당노동행위구제재심판정취소,exempt,1
output_판례_보강/95누4377_노동조합설립신고사항변경신고반려처분취소.md,letec,95누4377,meta,prec,일반행정,meta,,노동조합설립신고사항변경신고반려처분취소,exempt,1
output_판례_보강/95누6151_부당노동행위구제재심판정취소.md,letec,95누6151,meta,prec,일반행정,meta,,부당노동행위구제재심판정취소,exempt,1
output_판례_보강/95누6410_부당해고구제재심판정취소.md,letec,95누6410,meta,prec,일반행정,meta,,부당해고구제재심판정취소,exempt,1
output_판례_보강/95누6649_개인택시운송사업면허제외처분취소.md,letec,95누6649,meta,prec,일반행정,meta,,개인택시운송사업면허제외처분취소,exempt,1
output_판례_보강/95누8119_직위해제처분무효확인및정직처분취소.md,letec,95누8119,meta,prec,일반행정,meta,,직위해제처분무효확인및정직처분취소,exempt,1
output_판례_보강/95다10778_해고무효확인등.md,letec,95다10778,meta,prec,민사,meta,,해고무효확인등,exempt,1
output_판례_보강/95다16400_해고무효확인등.md,letec,95다16400,meta,prec,민사,meta,,해고무효확인등,exempt,1
output_판례_보강/95다1767_해고무효확인등.md,letec,95다1767,meta,prec,민사,meta,,해고무효확인등,exempt,1
output_판례_보강/95다19256_미지급퇴직금.md,letec,95다19256,meta,prec,민사,meta,,미지급퇴직금,exempt,1
output_판례_보강/95다20454_해고무효확인등.md,letec,95다20454,meta,prec,민사,meta,,해고무효확인등,exempt,1
output_판례_보강/95다24074_연월차수당지급.md,letec,95다24074,meta,prec,민사,meta,,연월차수당지급,exempt,1
output_판례_보강/95다2630_추심금.md,letec,95다2630,meta,prec,민사,meta,,추심금,exempt,1
output_판례_보강/95다27295_면직처분무효확인등.md,letec,95다27295,meta,prec,민사,meta,,면직처분무효확인등,exempt,1
output_판례_보강/95다27684_구상금.md,letec,95다27684,meta,prec,민사,meta,,구상금,exempt,1
output_판례_보강/95다28304_부당이득금반환.md,letec,95다28304,meta,prec,민사,meta,,부당이득금반환,exempt,1
output_판례_보강/95다29970_퇴직금.md,letec,95다29970,meta,prec,민사,meta,,퇴직금,exempt,1
output_판례_보강/95다32631_퇴직금.md,letec,95다32631,meta,prec,민사,meta,,퇴직금,exempt,1
output_판례_보강/95다33238_근로관계확인등.md,letec,95다33238,meta,prec,민사,meta,,근로관계확인등,exempt,1
output_판례_보강/95다3350_퇴직금.md,letec,95다3350,meta,prec,민사,meta,,퇴직금,exempt,1
output_판례_보강/95다34316_퇴직금.md,letec,95다34316,meta,prec,민사,meta,,퇴직금,exempt,1
output_판례_보강/95다36138_청구이의.md,letec,95다36138,meta,prec,민사,meta,,청구이의,exempt,1
output_판례_보강/95다37421_구상금.md,letec,95다37421,meta,prec,민사,meta,,구상금,exempt,1
output_판례_보강/95다39533_손해배상(기).md,letec,95다39533,meta,prec,민사,meta,,손해배상(기),exempt,1
output_판례_보강/95다39618_임금등.md,letec,95다39618,meta,prec,민사,meta,,임금등,exempt,1
output_판례_보강/95다4056_임금.md,letec,95다4056,meta,prec,민사,meta,,임금,exempt,1
output_판례_보강/95다41659_퇴직금.md,letec,95다41659,meta,prec,민사,meta,,퇴직금,exempt,1
output_판례_보강/95다45934_퇴직무효등.md,letec,95다45934,meta,prec,민사,meta,,퇴직무효등,exempt,1
output_판례_보강/95다46715_해고무효확인등.md,letec,95다46715,meta,prec,민사,meta,,해고무효확인등,exempt,1
output_판례_보강/95다48650_배당이의.md,letec,95다48650,meta,prec,민사,meta,,배당이의,exempt,1
output_판례_보강/95다51397_퇴직금.md,letec,95다51397,meta,prec,민사,meta,,퇴직금,exempt,1
output_판례_보강/95다52611_손해배상(기).md,letec,95다52611,meta,prec,민사,meta,,손해배상(기),exempt,1
output_판례_보강/95다53096_해고무효확인등.md,letec,95다53096,meta,prec,민사,meta,,해고무효확인등,exempt,1
output_판례_보강/95다53102_해고무효확인등.md,letec,95다53102,meta,prec,민사,meta,,해고무효확인등,exempt,1
output_판례_보강/95다53188_퇴직금.md,letec,95다53188,meta,prec,민사,meta,,퇴직금,exempt,1
output_판례_보강/95다55009_퇴직금.md,letec,95다55009,meta,prec,민사,meta,,퇴직금,exempt,1
output_판례_보강/95다55733_퇴직금.md,letec,95다55733,meta,prec,민사,meta,,퇴직금,exempt,1
output_판례_보강/95다55900_해고무효확인등.md,letec,95다55900,meta,prec,민사,meta,,해고무효확인등,exempt,1
output_판례_보강/95다56798_배당이의.md,letec,95다56798,meta,prec,민사,meta,,배당이의,exempt,1
output_판례_보강/95다5783_해고무효확인.md,letec,95다5783,meta,prec,민사,meta,,해고무효확인,exempt,1
output_판례_보강/95다6823_손해배상(기).md,letec,95다6823,meta,prec,민사,meta,,손해배상(기),exempt,1
output_판례_보강/95다719_배당이의.md,letec,95다719,meta,prec,민사,meta,,배당이의,exempt,1
output_판례_보강/95다7987_해고무효확인등.md,letec,95다7987,meta,prec,민사,meta,,해고무효확인등,exempt,1
output_판례_보강/95도1959_업무방해·직무유기·직무유기교사.md,letec,95도1959,meta,prec,형사,meta,,업무방해·직무유기·직무유기교사,exempt,1
output_판례_보강/95도2151_근로기준법위반.md,letec,95도2151,meta,prec,형사,meta,,근로기준법위반,exempt,1
output_판례_보강/95도2970_업무방해·노동쟁의조정법위반.md,letec,95도2970,meta,prec,형사,meta,,업무방해·노동쟁의조정법위반,exempt,1
output_판례_보강/95도748_직무유기.md,letec,95도748,meta,prec,형사,meta,,직무유기,exempt,1
output_판례_보강/95마594_기술생산독점권사용및모조품판매금지가처분.md,letec,95마594,meta,prec,민사,meta,,기술생산독점권사용및모조품판매금지가처분,exempt,1
output_판례_보강/95마645_선거무효및위원장직무정지가처분.md,letec,95마645,meta,prec,민사,meta,,선거무효및위원장직무정지가처분,exempt,1
output_판례_보강/95헌마90_행정사법 제35조 제1항 제1호 등 위헌확인.md,letec,95헌마90,meta,detc,헌마,meta,,행정사법 제35조 제1항 제1호 등 위헌확인,exempt,1
output_판례_보강/95헌바10_노동쟁의조정법 제12조 제2항 등 위헌소원.md,letec,95헌바10,meta,detc,헌바,meta,,노동쟁의조정법 제12조 제2항 등 위헌소원,exempt,1
output_판례_보강/96누10188_부당노동행위구제재심판정취소.md,letec,96누10188,meta,prec,일반행정,meta,,부당노동행위구제재심판정취소,exempt,1
output_판례_보강/96누10331_부당해고구제재심사신청기각처분취소.md,letec,96누10331,meta,prec,일반행정,meta,,부당해고구제재심사신청기각처분취소,exempt,1
output_판례_보강/96누11778_부당해고구제재심판정취소.md,letec,96누11778,meta,prec,일반행정,meta,,부당해고구제재심판정취소,exempt,1
output_판례_보강/96누13231_부당해고구제재심판정취소.md,letec,96누13231,meta,prec,일반행정,meta,,부당해고구제재심판정취소,exempt,1
output_판례_보강/96누15084_평균임금정정불승인처분취소.md,letec,96누15084,meta,prec,일반행정,meta,,평균임금정정불승인처분취소,exempt,1
output_판례_보강/96누16063_부당노동행위구제재심판정취소.md,letec,96누16063,meta,prec,일반행정,meta,,부당노동행위구제재심판정취소,exempt,1
output_판례_보강/96누16070_부당노동행위구제재심판정취소.md,letec,96누16070,meta,prec,일반행정,meta,,부당노동행위구제재심판정취소,exempt,1
output_판례_보강/96누16179_요양불승인처분취소.md,letec,96누16179,meta,prec,일반행정,meta,,요양불승인처분취소,exempt,1
output_판례_보강/96누17738_부당노동행위구제재심판정취소.md,letec,96누17738,meta,prec,일반행정,meta,,부당노동행위구제재심판정취소,exempt,1
output_판례_보강/96누19314_부당해고구제재심판정취소.md,letec,96누19314,meta,prec,일반행정,meta,,부당해고구제재심판정취소,exempt,1
output_판례_보강/96누2057_부당노동행위구제재심판정취소.md,letec,96누2057,meta,prec,일반행정,meta,,부당노동행위구제재심판정취소,exempt,1
output_판례_보강/96누2125_파면처분취소.md,letec,96누2125,meta,prec,일반행정,meta,,파면처분취소,exempt,1
output_판례_보강/96누2521_파면처분취소.md,letec,96누2521,meta,prec,일반행정,meta,,파면처분취소,exempt,1
output_판례_보강/96누3005_단체협약시정명령취소.md,letec,96누3005,meta,prec,일반행정,meta,,단체협약시정명령취소,exempt,1
output_판례_보강/96누4220_부당노동행위구제재심판정취소.md,letec,96누4220,meta,prec,일반행정,meta,,부당노동행위구제재심판정취소,exempt,1
output_판례_보강/96누5087_부당노동행위구제재심판정취소.md,letec,96누5087,meta,prec,일반행정,meta,,부당노동행위구제재심판정취소,exempt,1
output_판례_보강/96누587_부당노동행위구제재심판정취소.md,letec,96누587,meta,prec,일반행정,meta,,부당노동행위구제재심판정취소,exempt,1
output_판례_보강/96누5926_부당노동행위구제재심판정취소.md,letec,96누5926,meta,prec,일반행정,meta,,부당노동행위구제재심판정취소,exempt,1
output_판례_보강/96누6431_부당노동행위구제재심신청기각판정취소.md,letec,96누6431,meta,prec,일반행정,meta,,부당노동행위구제재심신청기각판정취소,exempt,1
output_판례_보강/96누8031_부당해고구제재심판정취소.md,letec,96누8031,meta,prec,일반행정,meta,,부당해고구제재심판정취소,exempt,1
output_판례_보강/96누9034_유족급여등부지급처분취소.md,letec,96누9034,meta,prec,일반행정,meta,,유족급여등부지급처분취소,exempt,1
output_판례_보강/96누9508_부당해고구제재심판정취소.md,letec,96누9508,meta,prec,일반행정,meta,,부당해고구제재심판정취소,exempt,1
output_판례_보강/96누9829_노동조합설립신고증교부(수리)처분취소.md,letec,96누9829,meta,prec,일반행정,meta,,노동조합설립신고증교부(수리)처분취소,exempt,1
output_판례_보강/96다10027_해고무효확인등.md,letec,96다10027,meta,prec,민사,meta,,해고무효확인등,exempt,1
output_판례_보강/96다10263_부당이득금반환.md,letec,96다10263,meta,prec,민사,meta,,부당이득금반환,exempt,1
output_판례_보강/96다12276_퇴직금.md,letec,96다12276,meta,prec,민사,meta,,퇴직금,exempt,1
output_판례_보강/96다13415_퇴직금.md,letec,96다13415,meta,prec,민사,meta,,퇴직금,exempt,1
output_판례_보강/96다14838_양수금·임금등.md,letec,96다14838,meta,prec,민사,meta,,양수금·임금등,exempt,1
output_판례_보강/96다16605_영업비밀침해금지등.md,letec,96다16605,meta,prec,민사,meta,,영업비밀침해금지등,exempt,1
output_판례_보강/96다1726_퇴직금.md,letec,96다1726,meta,prec,민사,meta,,퇴직금,exempt,1
output_판례_보강/96다21065_해고무효확인등.md,letec,96다21065,meta,prec,민사,meta,,해고무효확인등,exempt,1
output_판례_보강/96다22174_퇴직금.md,letec,96다22174,meta,prec,민사,meta,,퇴직금,exempt,1
output_판례_보강/96다22198_해고무효확인등.md,letec,96다22198,meta,prec,민사,meta,,해고무효확인등,exempt,1
output_판례_보강/96다23627_해고무효확인.md,letec,96다23627,meta,prec,민사,meta,,해고무효확인,exempt,1
output_판례_보강/96다2378_해고무효확인.md,letec,96다2378,meta,prec,민사,meta,,해고무효확인,exempt,1
output_판례_보강/96다24699_임금등.md,letec,96다24699,meta,prec,민사,meta,,임금등,exempt,1
output_판례_보강/96다2507_채무부존재확인.md,letec,96다2507,meta,prec,민사,meta,,채무부존재확인,exempt,1
output_판례_보강/96다2644_퇴직금.md,letec,96다2644,meta,prec,민사,meta,,퇴직금,exempt,1
output_판례_보강/96다26671_임금.md,letec,96다26671,meta,prec,민사,meta,,임금,exempt,1
output_판례_보강/96다28899_노동조합원확인.md,letec,96다28899,meta,prec,민사,meta,,노동조합원확인,exempt,1
output_판례_보강/96다29892_해고무효확인.md,letec,96다29892,meta,prec,민사,meta,,해고무효확인,exempt,1
output_판례_보강/96다30571_퇴직금등.md,letec,96다30571,meta,prec,민사,meta,,퇴직금등,exempt,1
output_판례_보강/96다33556_해고무효확인등.md,letec,96다33556,meta,prec,민사,meta,,해고무효확인등,exempt,1
output_판례_보강/96다38438_퇴직금.md,letec,96다38438,meta,prec,민사,meta,,퇴직금,exempt,1
output_판례_보강/96다38551_퇴직금.md,letec,96다38551,meta,prec,민사,meta,,퇴직금,exempt,1
output_판례_보강/96다38995_임금.md,letec,96다38995,meta,prec,민사,meta,,임금,exempt,1
output_판례_보강/96다39042_임금등.md,letec,96다39042,meta,prec,민사,meta,,임금등,exempt,1
output_판례_보강/96다39080_구상금.md,letec,96다39080,meta,prec,민사,meta,,구상금,exempt,1
output_판례_보강/96다43904_손해배상(기).md,letec,96다43904,meta,prec,민사,meta,,손해배상(기),exempt,1
output_판례_보강/96다45399_퇴직금등.md,letec,96다45399,meta,prec,민사,meta,,퇴직금등,exempt,1
output_판례_보강/96다47074_해고무효확인등.md,letec,96다47074,meta,prec,민사,meta,,해고무효확인등,exempt,1
output_판례_보강/96다4930_해고무효확인.md,letec,96다4930,meta,prec,민사,meta,,해고무효확인,exempt,1
output_판례_보강/96다49674_퇴직금등.md,letec,96다49674,meta,prec,민사,meta,,퇴직금등,exempt,1
output_판례_보강/96다50520_소유권이전등기.md,letec,96다50520,meta,prec,민사,meta,,소유권이전등기,exempt,1
output_판례_보강/96다5346_임금.md,letec,96다5346,meta,prec,민사,meta,,임금,exempt,1
output_판례_보강/96다56313_해고무효확인등.md,letec,96다56313,meta,prec,민사,meta,,해고무효확인등,exempt,1
output_판례_보강/96다6967_퇴직금.md,letec,96다6967,meta,prec,민사,meta,,퇴직금,exempt,1
output_판례_보강/96다723_임금.md,letec,96다723,meta,prec,민사,meta,,임금,exempt,1
output_판례_보강/96도158_자동차관리법위반.md,letec,96도158,meta,prec,형사,meta,,자동차관리법위반,exempt,1
output_판례_보강/96도1639_상표법위반·부정경쟁방지법위반.md,letec,96도1639,meta,prec,형사,meta,,상표법위반·부정경쟁방지법위반,exempt,1
output_판례_보강/96도3461_근로기준법위반.md,letec,96도3461,meta,prec,형사,meta,,근로기준법위반,exempt,1
output_판례_보강/96도732_근로기준법위반.md,letec,96도732,meta,prec,형사,meta,,근로기준법위반,exempt,1
output_판례_보강/96헌가20_노동조합법 제46조의3 위헌제청.md,letec,96헌가20,meta,detc,헌가,meta,,노동조합법 제46조의3 위헌제청,exempt,1
output_판례_보강/96헌바27_근로기준법 제41조 위헌소원.md,letec,96헌바27,meta,detc,헌바,meta,,근로기준법 제41조  위헌소원,exempt,1
output_판례_보강/97누1198_파면처분취소.md,letec,97누1198,meta,prec,일반행정,meta,,파면처분취소,exempt,1
output_판례_보강/97누13962_의원면직처분취소.md,letec,97누13962,meta,prec,일반행정,meta,,의원면직처분취소,exempt,1
output_판례_보강/97누14132_부당해고구제재심판정취소.md,letec,97누14132,meta,prec,일반행정,meta,,부당해고구제재심판정취소,exempt,1
output_판례_보강/97누14798_평균임금결정처분취소.md,letec,97누14798,meta,prec,일반행정,meta,,평균임금결정처분취소,exempt,1
output_판례_보강/97누1600_부당해고구제재심판정취소.md,letec,97누1600,meta,prec,일반행정,meta,,부당해고구제재심판정취소,exempt,1
output_판례_보강/97누16084_부당정직구제재심판정취소.md,letec,97누16084,meta,prec,일반행정,meta,,부당정직구제재심판정취소,exempt,1
output_판례_보강/97누16459_유족급여및장의비부지급처분취소.md,letec,97누16459,meta,prec,일반행정,meta,,유족급여및장의비부지급처분취소,exempt,1
output_판례_보강/97누18035_부당노동행위구제재심판정취소.md,letec,97누18035,meta,prec,일반행정,meta,,부당노동행위구제재심판정취소,exempt,1
output_판례_보강/97누18189_부당해고구제재심판정취소.md,letec,97누18189,meta,prec,일반행정,meta,,부당해고구제재심판정취소,exempt,1
output_판례_보강/97누19335_해임처분취소.md,letec,97누19335,meta,prec,일반행정,meta,,해임처분취소,exempt,1
output_판례_보강/97누19830_노동조합설립신고사항변경신고서반려처분취소.md,letec,97누19830,meta,prec,일반행정,meta,,노동조합설립신고사항변경신고서반려처분취소,exempt,1
output_판례_보강/97누19946_부당노동행위구제재심판정취소.md,letec,97누19946,meta,prec,일반행정,meta,,부당노동행위구제재심판정취소,exempt,1
output_판례_보강/97누2528_부당정직구제재심판정취소·부당전보구제재심판정취소.md,letec,97누2528,meta,prec,일반행정,meta,,부당정직구제재심판정취소·부당전보구제재심판정취소,exempt,1
output_판례_보강/97누3637_부당노동행위구제재심판정취소.md,letec,97누3637,meta,prec,일반행정,meta,,부당노동행위구제재심판정취소,exempt,1
output_판례_보강/97누4951_노동쟁의중재재심결정처분취소.md,letec,97누4951,meta,prec,일반행정,meta,,노동쟁의중재재심결정처분취소,exempt,1
output_판례_보강/97누5435_부당정직등구제재심판정취소.md,letec,97누5435,meta,prec,일반행정,meta,,부당정직등구제재심판정취소,exempt,1
output_판례_보강/97누5732_근로조건위반손해배상재심판정취소.md,letec,97누5732,meta,prec,일반행정,meta,,근로조건위반손해배상재심판정취소,exempt,1
output_판례_보강/97누7165_부당해고등구제재심판정취소.md,letec,97누7165,meta,prec,일반행정,meta,,부당해고등구제재심판정취소,exempt,1
output_판례_보강/97누7271_유족보상일시금등부지급처분취소.md,letec,97누7271,meta,prec,일반행정,meta,,유족보상일시금등부지급처분취소,exempt,1
output_판례_보강/97누7448_부당노동행위구제재심판정취소.md,letec,97누7448,meta,prec,일반행정,meta,,부당노동행위구제재심판정취소,exempt,1
output_판례_보강/97누8076_부당노동행위구제재심판정취소.md,letec,97누8076,meta,prec,일반행정,meta,,부당노동행위구제재심판정취소,exempt,1
output_판례_보강/97누9161_부당해고구제재심판정취소.md,letec,97누9161,meta,prec,일반행정,meta,,부당해고구제재심판정취소,exempt,1
output_판례_보강/97다11133_퇴직금.md,letec,97다11133,meta,prec,민사,meta,,퇴직금,exempt,1
output_판례_보강/97다14200_임금.md,letec,97다14200,meta,prec,민사,meta,,임금,exempt,1
output_판례_보강/97다17575_퇴직금.md,letec,97다17575,meta,prec,민사,meta,,퇴직금,exempt,1
output_판례_보강/97다18165_전직무효확인등·해고무효확인.md,letec,97다18165,meta,prec,민사,meta,,전직무효확인등·해고무효확인,exempt,1
output_판례_보강/97다18936_퇴직금.md,letec,97다18936,meta,prec,민사,meta,,퇴직금,exempt,1
output_판례_보강/97다21086_퇴직금.md,letec,97다21086,meta,prec,민사,meta,,퇴직금,exempt,1
output_판례_보강/97다24511_퇴직금등.md,letec,97다24511,meta,prec,민사,meta,,퇴직금등,exempt,1
output_판례_보강/97다25477_부교수지위확인.md,letec,97다25477,meta,prec,민사,meta,,부교수지위확인,exempt,1
output_판례_보강/97다25590_임금.md,letec,97다25590,meta,prec,민사,meta,,임금,exempt,1
output_판례_보강/97다28421_수당등.md,letec,97다28421,meta,prec,민사,meta,,수당등,exempt,1
output_판례_보강/97다28971_손해배상(자).md,letec,97다28971,meta,prec,민사,meta,,손해배상(자),exempt,1
output_판례_보강/97다29417_직위해제처분취소등.md,letec,97다29417,meta,prec,민사,meta,,직위해제처분취소등,exempt,1
output_판례_보강/97다2986_손해배상(기).md,letec,97다2986,meta,prec,민사,meta,,손해배상(기),exempt,1
output_판례_보강/97다36316_파면등무효확인.md,letec,97다36316,meta,prec,민사,meta,,파면등무효확인,exempt,1
output_판례_보강/97다41349_대의원회결의부존재확인.md,letec,97다41349,meta,prec,민사,meta,,대의원회결의부존재확인,exempt,1
output_판례_보강/97다42489_징계무효.md,letec,97다42489,meta,prec,민사,meta,,징계무효,exempt,1
output_판례_보강/97다43567_분회장당선확인등.md,letec,97다43567,meta,prec,민사,meta,,분회장당선확인등,exempt,1
output_판례_보강/97다48388_부당이득금반환.md,letec,97다48388,meta,prec,민사,meta,,부당이득금반환,exempt,1
output_판례_보강/97다49732_퇴직금.md,letec,97다49732,meta,prec,민사,meta,,퇴직금,exempt,1
output_판례_보강/97다5015_퇴직금.md,letec,97다5015,meta,prec,민사,meta,,퇴직금,exempt,1
output_판례_보강/97다53496_퇴직금.md,letec,97다53496,meta,prec,민사,meta,,퇴직금,exempt,1
output_판례_보강/97다54727_퇴직금.md,letec,97다54727,meta,prec,민사,meta,,퇴직금,exempt,1
output_판례_보강/97다56235_퇴직금.md,letec,97다56235,meta,prec,민사,meta,,퇴직금,exempt,1
output_판례_보강/97다58750_해고무효확인등.md,letec,97다58750,meta,prec,민사,meta,,해고무효확인등,exempt,1
output_판례_보강/97다6322_퇴직금.md,letec,97다6322,meta,prec,민사,meta,,퇴직금,exempt,1
output_판례_보강/97다6926_해고무효확인등.md,letec,97다6926,meta,prec,민사,meta,,해고무효확인등,exempt,1
output_판례_보강/97다7066_부당해고무효확인청구.md,letec,97다7066,meta,prec,민사,meta,,부당해고무효확인청구,exempt,1
output_판례_보강/97다8229_약정금.md,letec,97다8229,meta,prec,민사,meta,,약정금,exempt,1
output_판례_보강/97다9239_해고무효확인등.md,letec,97다9239,meta,prec,민사,meta,,해고무효확인등,exempt,1
output_판례_보강/97도1091_근로기준법위반.md,letec,97도1091,meta,prec,형사,meta,,근로기준법위반,exempt,1
output_판례_보강/97도1490_근로기준법위반.md,letec,97도1490,meta,prec,형사,meta,,근로기준법위반,exempt,1
output_판례_보강/97도2506_성폭력범죄의처벌및피해자보호등에관한법률위반(업무상위력등에의한추행).md,letec,97도2506,meta,prec,형사,meta,,성폭력범죄의처벌및피해자보호등에관한법률위반(업무상위력등에의한추행),exempt,1
output_판례_보강/97도588_폭력행위등처벌에관한법률위반·업무방해·공무상표시무효.md,letec,97도588,meta,prec,형사,meta,,폭력행위등처벌에관한법률위반·업무방해·공무상표시무효,exempt,1
output_판례_보강/97도813_근로기준법위반.md,letec,97도813,meta,prec,형사,meta,,근로기준법위반,exempt,1
output_판례_보강/97헌바23_구 형법 제314조 위헌소원.md,letec,97헌바23,meta,detc,헌바,meta,,구 형법 제314조  위헌소원,exempt,1
output_판례_보강/98가합20043_종업원지위확인등.md,letec,98가합20043,meta,prec,민사,meta,,종업원지위확인등,exempt,1
output_판례_보강/98다11437_해고무효확인.md,letec,98다11437,meta,prec,민사,meta,,해고무효확인,exempt,1
output_판례_보강/98다12157_해고무효확인및임금청구.md,letec,98다12157,meta,prec,민사,meta,,해고무효확인및임금청구,exempt,1
output_판례_보강/98다17046_근저당권설정등기말소.md,letec,98다17046,meta,prec,민사,meta,,근저당권설정등기말소,exempt,1
output_판례_보강/98다1928_기술생산독점권사용및모조품판매금지가처분.md,letec,98다1928,meta,prec,민사,meta,,기술생산독점권사용및모조품판매금지가처분,exempt,1
output_판례_보강/98다20790_부당이득금반환.md,letec,98다20790,meta,prec,민사,meta,,부당이득금반환,exempt,1
output_판례_보강/98다22185_임금.md,letec,98다22185,meta,prec,민사,meta,,임금,exempt,1
output_판례_보강/98다2365_해고무효확인.md,letec,98다2365,meta,prec,민사,meta,,해고무효확인,exempt,1
output_판례_보강/98다26385_노임.md,letec,98다26385,meta,prec,민사,meta,,노임,exempt,1
output_판례_보강/98다31172_해임무효확인.md,letec,98다31172,meta,prec,민사,meta,,해임무효확인,exempt,1
output_판례_보강/98다34331_임금.md,letec,98다34331,meta,prec,민사,meta,,임금,exempt,1
output_판례_보강/98다34393_임금.md,letec,98다34393,meta,prec,민사,meta,,임금,exempt,1
output_판례_보강/98다36924_퇴직금.md,letec,98다36924,meta,prec,민사,meta,,퇴직금,exempt,1
output_판례_보강/98다42172_퇴직금.md,letec,98다42172,meta,prec,민사,meta,,퇴직금,exempt,1
output_판례_보강/98다46198_퇴직금.md,letec,98다46198,meta,prec,민사,meta,,퇴직금,exempt,1
output_판례_보강/98다49357_임금.md,letec,98다49357,meta,prec,민사,meta,,임금,exempt,1
output_판례_보강/98다54960_해고무효확인등.md,letec,98다54960,meta,prec,민사,meta,,해고무효확인등,exempt,1
output_판례_보강/98다765_퇴직금.md,letec,98다765,meta,prec,민사,meta,,퇴직금,exempt,1
output_판례_보강/98도1260_근로기준법위반.md,letec,98도1260,meta,prec,형사,meta,,근로기준법위반,exempt,1
output_판례_보강/98도1759_근로기준법위반.md,letec,98도1759,meta,prec,형사,meta,,근로기준법위반,exempt,1
output_판례_보강/98두10103_유족보상일시금및장의비부지급처분취소.md,letec,98두10103,meta,prec,일반행정,meta,,유족보상일시금및장의비부지급처분취소,exempt,1
output_판례_보강/98두12642_유족급여및장의비부지급처분취소.md,letec,98두12642,meta,prec,일반행정,meta,,유족급여및장의비부지급처분취소,exempt,1
output_판례_보강/98두13287_유족급여및장의비부지급처분취소.md,letec,98두13287,meta,prec,일반행정,meta,,유족급여및장의비부지급처분취소,exempt,1
output_판례_보강/98두137_부당노동행위구제재심판정취소.md,letec,98두137,meta,prec,일반행정,meta,,부당노동행위구제재심판정취소,exempt,1
output_판례_보강/98두14006_요양불승인처분취소.md,letec,98두14006,meta,prec,일반행정,meta,,요양불승인처분취소,exempt,1
output_판례_보강/98두15269_평균임금정정신청불승인처분취소.md,letec,98두15269,meta,prec,일반행정,meta,,평균임금정정신청불승인처분취소,exempt,1
output_판례_보강/98두16613_해임처분취소.md,letec,98두16613,meta,prec,일반행정,meta,,해임처분취소,exempt,1
output_판례_보강/98두18503_유족급여및장의비부지급처분취소.md,letec,98두18503,meta,prec,일반행정,meta,,유족급여및장의비부지급처분취소,exempt,1
output_판례_보강/98두4672_부당노동행위등구제재심판정취소.md,letec,98두4672,meta,prec,일반행정,meta,,부당노동행위등구제재심판정취소,exempt,1
output_판례_보강/98두618_부당해고구제재심판정취소.md,letec,98두618,meta,prec,일반행정,meta,,부당해고구제재심판정취소,exempt,1
output_판례_보강/98두625_부당해고구제재심판정취소.md,letec,98두625,meta,prec,일반행정,meta,,부당해고구제재심판정취소,exempt,1
output_판례_보강/98두6647_부당해고구제재심판정취소.md,letec,98두6647,meta,prec,일반행정,meta,,부당해고구제재심판정취소,exempt,1
output_판례_보강/98두7787_부당해고구제재심판정취소.md,letec,98두7787,meta,prec,일반행정,meta,,부당해고구제재심판정취소,exempt,1
output_판례_보강/98두9233_부당해고구제재심판정취소.md,letec,98두9233,meta,prec,일반행정,meta,,부당해고구제재심판정취소,exempt,1
output_판례_보강/98헌마141_공직선거및선거부정방지법 제87조 단서 위헌확인.md,letec,98헌마141,meta,detc,헌마,meta,,공직선거및선거부정방지법 제87조 단서 위헌확인,exempt,1
output_판례_보강/98헌마310_근로기준법 제10조 제1항.md,letec,98헌마310,meta,detc,헌마,meta,,근로기준법 제10조 제1항,exempt,1
output_판례_보강/99누1481_정보비공개결정처분취소.md,letec,99누1481,meta,prec,일반행정,meta,,정보비공개결정처분취소,exempt,1
output_판례_보강/99다10806_퇴직금.md,letec,99다10806,meta,prec,민사,meta,,퇴직금,exempt,1
output_판례_보강/99다2881_노임등.md,letec,99다2881,meta,prec,민사,meta,,노임등,exempt,1
output_판례_보강/99다30473_해고무효확인등.md,letec,99다30473,meta,prec,민사,meta,,해고무효확인등,exempt,1
output_판례_보강/99다34475_징계면직처분무효확인등.md,letec,99다34475,meta,prec,민사,meta,,징계면직처분무효확인등,exempt,1
output_판례_보강/99다39531_손해배상(자).md,letec,99다39531,meta,prec,민사,meta,,손해배상(자),exempt,1
output_판례_보강/99다4504_매매대금.md,letec,99다4504,meta,prec,민사,meta,,매매대금,exempt,1
output_판례_보강/99다45246_해고무효.md,letec,99다45246,meta,prec,민사,meta,,해고무효,exempt,1
output_판례_보강/99다47129_손해배상(자).md,letec,99다47129,meta,prec,민사,meta,,손해배상(자),exempt,1
output_판례_보강/99다48986_부당이득금.md,letec,99다48986,meta,prec,민사,meta,,부당이득금,exempt,1
output_판례_보강/99다53865_해고무효확인등.md,letec,99다53865,meta,prec,민사,meta,,해고무효확인등,exempt,1
output_판례_보강/99다56734_손해배상(기).md,letec,99다56734,meta,prec,민사,meta,,손해배상(기),exempt,1
output_판례_보강/99다60115_손해배상(산).md,letec,99다60115,meta,prec,민사,meta,,손해배상(산),exempt,1
output_판례_보강/99다64049_미수이자금.md,letec,99다64049,meta,prec,민사,meta,,미수이자금,exempt,1
output_판례_보강/99다66373_퇴직금.md,letec,99다66373,meta,prec,민사,meta,,퇴직금,exempt,1
output_판례_보강/99다67536_상여금.md,letec,99다67536,meta,prec,민사,meta,,상여금,exempt,1
output_판례_보강/99다70846_퇴직금.md,letec,99다70846,meta,prec,민사,meta,,퇴직금,exempt,1
output_판례_보강/99다71276_퇴직금.md,letec,99다71276,meta,prec,민사,meta,,퇴직금,exempt,1
output_판례_보강/99다72422_손해배상(기).md,letec,99다72422,meta,prec,민사,meta,,손해배상(기),exempt,1
output_판례_보강/99다7367_수당.md,letec,99다7367,meta,prec,민사,meta,,수당,exempt,1
output_판례_보강/99다7473_재해보상금.md,letec,99다7473,meta,prec,민사,meta,,재해보상금,exempt,1
output_판례_보강/99다9370_퇴직금.md,letec,99다9370,meta,prec,민사,meta,,퇴직금,exempt,1
output_판례_보강/99도1243_근로기준법위반.md,letec,99도1243,meta,prec,형사,meta,,근로기준법위반,exempt,1
output_판례_보강/99도2168_조세범처벌법위반·무고·업무상횡령·사기·근로기준법위반.md,letec,99도2168,meta,prec,형사,meta,,조세범처벌법위반·무고·업무상횡령·사기·근로기준법위반,exempt,1
output_판례_보강/99도2910_근로기준법위반.md,letec,99도2910,meta,prec,형사,meta,,근로기준법위반,exempt,1
output_판례_보강/99도317_근로기준법위반·노동쟁의조정법위반.md,letec,99도317,meta,prec,형사,meta,,근로기준법위반·노동쟁의조정법위반,exempt,1
output_판례_보강/99도4837_업무방해.md,letec,99도4837,meta,prec,형사,meta,,업무방해,exempt,1
output_판례_보강/99도822_무고·상법위반.md,letec,99도822,meta,prec,형사,meta,,무고·상법위반,exempt,1
output_판례_보강/99두10438_유족급여등부지급처분취소.md,letec,99두10438,meta,prec,일반행정,meta,,유족급여등부지급처분취소,exempt,1
output_판례_보강/99두11424_요양불승인처분취소.md,letec,99두11424,meta,prec,일반행정,meta,,요양불승인처분취소,exempt,1
output_판례_보강/99두202_부당해고구제재심판정취소.md,letec,99두202,meta,prec,일반행정,meta,,부당해고구제재심판정취소,exempt,1
output_판례_보강/99두2680_부당해고구제재심판정취소.md,letec,99두2680,meta,prec,일반행정,meta,,부당해고구제재심판정취소,exempt,1
output_판례_보강/99두2963_부당해고구제재심판정취소.md,letec,99두2963,meta,prec,일반행정,meta,,부당해고구제재심판정취소,exempt,1
output_판례_보강/99두2970_용화집단시설지구기본설계변경승인처분취소.md,letec,99두2970,meta,prec,일반행정,meta,,용화집단시설지구기본설계변경승인처분취소,exempt,1
output_판례_보강/99두4235_부당해고구제재심판정취소.md,letec,99두4235,meta,prec,일반행정,meta,,부당해고구제재심판정취소,exempt,1
output_판례_보강/99두4662_부당해고구제재심판정취소.md,letec,99두4662,meta,prec,일반행정,meta,,부당해고구제재심판정취소,exempt,1
output_판례_보강/99두6910_부당해고구제재심판정취소.md,letec,99두6910,meta,prec,일반행정,meta,,부당해고구제재심판정취소,exempt,1
output_판례_보강/99두8657_부당해고구제재심판정취소.md,letec,99두8657,meta,prec,일반행정,meta,,부당해고구제재심판정취소,exempt,1
output_판례_보강/99두9971_면직무효확인등.md,letec,99두9971,meta,prec,일반행정,meta,,면직무효확인등,exempt,1
output_판례_보강/99마4857_채권압류및전부명령.md,letec,99마4857,meta,prec,민사,meta,,채권압류및전부명령,exempt,1
output_판례_보강/99마5143_부동산강제경매기각.md,letec,99마5143,meta,prec,민사,meta,,부동산강제경매기각,exempt,1
output_판례_보강/99마628_피용인지위보전가처분.md,letec,99마628,meta,prec,민사,meta,,피용인지위보전가처분,exempt,1
