case_no,case_alias,case_key,court,decided,title,doc_letec,doc_crawl,vec_chunks,vec_ctx,vec_dead,cited_code,cited_textbook,not_found,overlap,note
10인30,,10in30,,,,0,0,0,0,0,0,0,1,0,
12인250,,12in250,,,,0,0,0,0,0,0,0,1,0,
2000가합70373,,2000gahap70373,,2023.02.07,단체협약에서 지급의무가 정해진 영업성과급은 임금에 해당한다,0,1,0,7,0,0,0,0,0,
2000구합26810,,2000guhap26810,,,,0,0,0,0,0,0,0,1,0,
2000구합8546,,2000guhap8546,,,,0,0,0,0,0,0,0,1,0,
2000나8009,,2000na8009,,,,0,0,0,0,0,0,0,1,0,
2000나800912,,2000na800912,,,,0,0,0,0,0,0,0,1,0,
2000누13824,,2000nu13824,,,,0,0,0,0,0,0,0,1,0,
2000누16694,,2000nu16694,,,,0,0,0,0,0,0,0,1,0,
2000다15869,,2000da15869,대법원,2000.06.09,부당이득금,1,0,3,0,0,0,1,0,0,
2000다18127,,2000da18127,대법원,2002.05.31,임금,1,1,5,0,0,0,0,0,1,
2000다18127177,,2000da18127177,,,,0,0,0,0,0,0,0,1,0,
2000다18608,,2000da18608,대법원,2001.11.13,퇴직금,1,0,3,0,0,0,0,0,0,
2000다18608401,,2000da18608401,,,,0,0,0,0,0,0,0,1,0,
2000다18714,,2000da18714,,2023.02.04,퇴직금 산정시 통상 생활임금 반영돼야,0,1,0,5,0,0,0,0,0,
2000다2023,,2000da2023,대법원,2000.04.25,손해배상(자),1,0,4,0,0,0,1,0,0,
2000다22591,,2000da22591,대법원,2000.09.08,노임,1,0,3,0,0,0,0,0,0,
2000다23297,,2000da23297,,,,0,0,0,0,0,0,0,1,0,
2000다23815,,2000da23815,대법원,2002.10.25,해고무효확인,1,0,3,0,0,0,0,0,0,
2000다2381532,,2000da2381532,,,,0,0,0,0,0,0,0,1,0,
2000다2443,,2000da2443,대법원,2000.05.30,전부금,1,0,3,0,0,0,1,0,0,
2000다25910,,2000da25910,,2024.03.27,"경영악화로 입사취소하면 정당한 정리해고이지만, 임금은 지급해야",0,1,0,10,0,0,0,0,0,
2000다25910131,,2000da25910131,,,,0,0,0,0,0,0,0,1,0,
2000다27671,,2000da27671,,2024.03.19,퇴직금을 일당 속에 포함하여 지급하는 약정의 효력(무효)과 퇴직금 사전 포기 약정의 효력(무효),0,1,0,7,0,0,0,0,0,
2000다27671494,,2000da27671494,,,,0,0,0,0,0,0,0,1,0,
2000다29370,,2000da29370,대법원,2002.07.23,임금,1,0,4,0,0,0,0,0,0,
2000다3347,,2000da3347,대법원,2002.3.26.,,0,0,0,0,0,0,2,1,0,
2000다4005,,2000da4005,,,,0,0,0,0,0,0,0,1,0,
2000다45419,,2000da45419,대법원,2002.04.12,구상금,1,0,3,0,0,0,0,0,0,
2000다50701,,2000da50701,,2026.02.13,당기순이익 실현을 전제로 경영성과를 분배하는 특별성과급은 임금이 아니다,0,1,0,10,0,0,0,0,0,
2000다5070110,,2000da5070110,,,,0,0,0,0,0,0,0,1,0,
2000다507017,,2000da507017,,,,0,0,0,0,0,0,0,1,0,
2000다51476,,2000da51476,대법원,2000.11.28.,,0,0,0,0,0,0,3,1,0,
2000다51476128,,2000da51476128,,,,0,0,0,0,0,0,0,1,0,
2000다51476129,,2000da51476129,,,,0,0,0,0,0,0,0,1,0,
2000다51919,,2000da51919,대법원,2001.01.19,해고무효확인,1,0,3,0,0,0,1,0,0,
2000다5336,,2000da5336,대법원,2003.01.24,채무부존재확인·양수금,1,0,6,0,0,0,0,0,0,
2000다60630,,2000da60630,대법원,2001.09.18,임금,1,0,3,0,0,0,0,0,0,
2000다60630494,,2000da60630494,,,,0,0,0,0,0,0,0,1,0,
2000다60890,,2000da60890,,2023.02.04,명예퇴직 결정 후 타 회사 취업하면 징계 사유에 해당하고 명예퇴직을 취소할 수 있다,0,1,0,5,0,0,0,0,0,
2000다60890426,,2000da60890426,,,,0,0,0,0,0,0,0,1,0,
2000다61312,,2000da61312,대법원,2001.02.23,임금,1,0,3,0,0,0,0,0,0,
2000다62322,,2000da62322,대법원,2002.03.21,구상금,1,0,5,0,0,0,0,0,0,
2000다62322913,,2000da62322913,,,,0,0,0,0,0,0,0,1,0,
2000다63752,,2000da63752,대법원,2001.02.23,구상금,1,0,4,0,0,0,0,0,0,
2000다65239,,2000da65239,대법원,2001.06.26,퇴직금,1,0,3,0,0,0,0,0,0,
2000다65383,,2000da65383,,,,0,0,0,0,0,0,0,1,0,
2000다8127,,2000da8127,대법원,2002.5.31.,,0,0,0,0,0,0,3,1,0,
2000도2871,,2000do2871,대법원,2001.06.26,업무방해,1,0,3,0,0,0,0,0,0,
2000도2871731,,2000do2871731,,,,0,0,0,0,0,0,0,1,0,
2000도4169,,2000do4169,,,,0,0,0,0,0,0,0,1,0,
2000도4169648,,2000do4169648,,,,0,0,0,0,0,0,0,1,0,
2000도4299,,2000do4299,대법원,2001.02.23,근로기준법위반,1,0,3,0,0,0,0,0,0,
2000도4299600,,2000do4299600,,,,0,0,0,0,0,0,0,1,0,
2000도4901,,2000do4901,,2023.02.12,차량임대차 형식의 지입차주 겸 운전기사는 근로자로 볼 수 없다.,0,1,0,5,0,0,0,0,0,
2000도5716,,2000do5716,대법원,2003.01.10,폭력행위등처벌에관한법률위반·명예훼손(추가로인정된죄명:폭행·협박),1,0,3,0,0,0,0,0,0,
2000도571660,,2000do571660,,,,0,0,0,0,0,0,0,1,0,
2000두10151,,2000du10151,,,,0,0,0,0,0,0,0,1,0,
2000두10601,,2000du10601,,,,0,0,0,0,0,0,0,1,0,
2000두1270,,2000du1270,,,,0,0,0,0,0,0,0,1,0,
2000두1447,,2000du1447,,,,0,0,0,0,0,0,0,1,0,
2000두1454,,2000du1454,대법원,2001.1.16.,,0,0,0,0,0,0,1,1,0,
2000두2723,,2000du2723,대법원,2001.02.23,임금채권부담금부과처분취소,1,0,4,0,0,0,0,0,0,
2000두3634,,2000du3634,,,,0,0,0,0,0,0,0,1,0,
2000두3689,,2000du3689,대법원,2001.12.14.,,0,0,0,0,0,0,2,1,0,
2000두3689362,,2000du3689362,,,,0,0,0,0,0,0,0,1,0,
2000두4538,,2000du4538,대법원,2001.07.27,산재요양불승인처분취소,1,0,4,0,0,0,0,0,0,
2000두4606,,2000du4606,대법원,2002.6.28.,,0,0,0,0,0,0,1,1,0,
2000두460646,,2000du460646,,,,0,0,0,0,0,0,0,1,0,
2000두4606467,,2000du4606467,,,,0,0,0,0,0,0,0,1,0,
2000두4637,,2000du4637,,,,0,0,0,0,0,0,0,1,0,
2000두4637723,,2000du4637723,,,,0,0,0,0,0,0,0,1,0,
2000두5708,,2000du5708,,,,0,0,0,0,0,0,0,1,0,
2000두6268,,2000du6268,대법원,2001.07.13,장해연금지급중지처분취소,1,0,3,0,0,0,0,0,0,
2000두6626,,2000du6626,,,,0,0,0,0,0,0,0,1,0,
2000두7186,,2000du7186,,,,0,0,0,0,0,0,0,1,0,
2000두7315,,2000du7315,,,,0,0,0,0,0,0,0,1,0,
2000두7605,,2000du7605,대법원,2001.04.10,징계해고재심신청기각결정취소,1,0,3,0,0,0,0,0,0,
2000두7988,,2000du7988,,,,0,0,0,0,0,0,0,1,0,
2000두8011,,2000du8011,대법원,2002.12.26,부당대기구제재심판정취소,1,0,3,0,0,0,0,0,0,
2000두8011336,,2000du8011336,,,,0,0,0,0,0,0,0,1,0,
2000두8455,,2000du8455,대법원,2002.03.29,부당해고구제재심판정취소,1,0,5,0,0,0,3,0,0,
2000두8455404,,2000du8455404,,,,0,0,0,0,0,0,0,1,0,
2000두9063,,2000du9063,,,,0,0,0,0,0,0,0,1,0,
2000두9113,,2000du9113,,,,0,0,0,0,0,0,0,1,0,
2000두9373,,2000du9373,대법원,2002.07.09,부당해고구제재심판정취소,1,0,3,0,0,0,2,0,0,
2000두9373455,,2000du9373455,,,,0,0,0,0,0,0,0,1,0,
2000두9380,,2000du9380,대법원,2002.05.28,재심결정취소,1,0,3,0,0,0,1,0,0,
2000두9455,,2000du9455,,,,0,0,0,0,0,0,0,1,0,
2000두9717,,2000du9717,대법원,2002.10.25,평균임금정정불승인처분취소,1,0,3,0,0,0,0,0,0,
2000두988,,2000du988,,,,0,0,0,0,0,0,0,1,0,
2000두9977,,2000du9977,,,,0,0,0,0,0,0,0,1,0,
2000헌마707,,2000heonma707,헌법재판소,2002.07.18,평균임금결정고시부작위  위헌확인,1,0,4,0,0,0,1,0,0,
2000헌마707189,,2000heonma707189,,,,0,0,0,0,0,0,0,1,0,
2001가합1173,,2001gahap1173,,,,0,0,0,0,0,0,0,1,0,
2001구합39776,,2001guhap39776,,,,0,0,0,0,0,0,0,1,0,
2001나1142,,2001na1142,,,,0,0,0,0,0,0,0,1,0,
2001나51710,,2001na51710,,,,0,0,0,0,0,0,0,1,0,
2001누12149,,2001nu12149,,,,0,0,0,0,0,0,0,1,0,
2001누13098,,2001nu13098,,,,0,0,0,0,0,0,0,1,0,
2001누19959,,2001nu19959,,,,0,0,0,0,0,0,0,1,0,
2001누3091,,2001nu3091,,,,0,0,0,0,0,0,0,1,0,
2001누4818,,2001nu4818,,,,0,0,0,0,0,0,0,1,0,
2001누7345,,2001nu7345,,,,0,0,0,0,0,0,0,1,0,
2001다12669,,2001da12669,대법원,2003.07.25,퇴직금,1,0,4,0,0,0,2,0,0,
2001다12699,,2001da12699,,,,0,0,0,0,0,0,0,1,0,
2001다12699188,,2001da12699188,,,,0,0,0,0,0,0,0,1,0,
2001다13044,,2001da13044,대법원,2001.06.12,해고무효확인,1,0,3,0,0,0,1,0,0,
2001다13044452,,2001da13044452,,,,0,0,0,0,0,0,0,1,0,
2001다14351,,2001da14351,대법원,2003.02.11,추심금,1,0,3,0,0,0,0,0,0,
2001다14665,,2001da14665,,2023.02.14,이미 지급청구권이 발생한 임금을 단체협약으로 포기할 수 없다.,0,1,0,3,0,0,0,0,0,
2001다15422,,2001da15422,대법원,2001.05.29,임금·손해배상(기),1,0,3,0,0,0,0,0,0,
2001다15422655,,2001da15422655,,,,0,0,0,0,0,0,0,1,0,
2001다16722,,2001da16722,대법원,2002.06.11,임금,1,1,5,0,0,0,0,0,1,
2001다17596,,2001da17596,,,,0,0,0,0,0,0,0,1,0,
2001다18322,,2001da18322,,2024.04.11,취업규칙 불이익 변경시 과반수 노동조합이 없는 경우 근로자들의 회의 방식과 사용자 개입,0,1,0,5,0,0,0,0,0,
2001다18322152,,2001da18322152,,,,0,0,0,0,0,0,0,1,0,
2001다2010,,2001da2010,,,,0,0,0,0,0,0,0,1,0,
2001다24051,,2001da24051,대법원,2001.10.30,임금,1,0,4,0,0,0,2,0,0,
2001다24051496,,2001da24051496,,,,0,0,0,0,0,0,0,1,0,
2001다24655,,2001da24655,대법원,2003.10.09,구상금,1,0,3,0,0,0,1,0,0,
2001다24655857,,2001da24655857,,,,0,0,0,0,0,0,0,1,0,
2001다24662,,2001da24662,,2023.02.05,경영주체 변경에 불과하다면 퇴직금 산정시 근속연수를 합산해야,0,1,0,4,0,0,0,0,0,
2001다25184,,2001da25184,대법원,2001.10.23,퇴직금,1,0,3,0,0,0,2,0,0,
2001다25184216,,2001da25184216,,,,0,0,0,0,0,0,0,1,0,
2001다27975,,2001da27975,대법원,2001.11.13,해고무효확인등,1,0,3,0,0,0,0,0,0,
2001다29452,,2001da29452,대법원,2002.07.09,해고무효확인,1,0,5,0,0,0,6,0,0,
2001다29452463,,2001da29452463,,,,0,0,0,0,0,0,0,1,0,
2001다31141,,2001da31141,,,,0,0,0,0,0,0,0,1,0,
2001다37941,,2001da37941,,,,0,0,0,0,0,0,0,1,0,
2001다41384,,2001da41384,대법원,2002.04.12,임금,1,0,5,0,0,0,0,0,0,
2001다41568,,2001da41568,,2023.02.14,퇴직금청구권을 사전에 포기하는 계약이나 소송을 제기하지 않겠다는 약속은 무효,0,1,0,3,0,0,0,0,0,
2001다42301,,2001da42301,,,,0,0,0,0,0,0,0,1,0,
2001다53875,,2001da53875,대법원,2004.04.28,경비반환,1,1,2,0,0,0,0,0,1,
2001다53875121,,2001da53875121,,,,0,0,0,0,0,0,0,1,0,
2001다53950,,2001da53950,,2026.01.31,정기적 계속적 일률적으로 지급된 특별생산격려금(특별상여금)은 평균임금에 포함,0,1,0,5,0,0,0,0,0,
2001다539509,,2001da539509,,,,0,0,0,0,0,0,0,1,0,
2001다54977,,2001da54977,대법원,2003.05.16,임금,1,0,4,0,0,0,0,0,0,
2001다58443,,2001da58443,대법원,2002.12.10,약속어음금,1,0,4,0,0,0,0,0,0,
2001다60019,,2001da60019,대법원,2002.01.08,부당이득금,1,0,3,0,0,0,0,0,0,
2001다63599,,2001da63599,대법원,2004.02.12,임금,1,1,4,0,0,0,0,0,1,
2001다63599142,,2001da63599142,,,,0,0,0,0,0,0,0,1,0,
2001다6800,,2001da6800,대법원,2004.01.29,해고무효확인등,1,0,2,0,0,0,0,0,0,
2001다6800544,,2001da6800544,,,,0,0,0,0,0,0,0,1,0,
2001다68891,,2001da68891,,,,0,0,0,0,0,0,0,1,0,
2001다71528,,2001da71528,,2024.03.07,회사 경영방침에 따른 전적시 종전회사와 전적된 회사 근무기간은 단일기간,0,1,0,5,0,0,0,1,1,
2001다71528355,,2001da71528355,,,,0,0,0,0,0,0,0,1,0,
2001다72173,,2001da72173,,,,0,0,0,0,0,0,0,1,0,
2001다76328,,2001da76328,대법원,2004.05.14,임금,1,1,4,0,0,0,0,0,1,
2001다76328174,,2001da76328174,,,,0,0,0,0,0,0,0,1,0,
2001다77970,,2001da77970,대법원,2002.06.28,임금,1,0,5,0,0,0,1,0,0,
2001다77970607,,2001da77970607,,,,0,0,0,0,0,0,0,1,0,
2001다7834,,2001da7834,대법원,2001.09.18,보상금등,1,0,3,0,0,0,0,0,0,
2001다82507,,2001da82507,대법원,2004.03.18,손해배상(기),1,0,3,0,0,0,0,0,0,
2001다83838,,2001da83838,대법원,2002.03.29,배당이의,1,0,3,0,0,0,1,0,0,
2001다83838240,,2001da83838240,,,,0,0,0,0,0,0,0,1,0,
2001다9380,,2001da9380,,,,0,0,0,0,0,0,0,1,0,
2001도204,,2001do204,대법원,2001.02.23,근로기준법위반,1,0,3,0,0,0,1,0,0,
2001도3380,,2001do3380,대법원,2003.12.26,업무방해·폭력행위등처벌에관한법률위반·상해,1,0,3,0,0,0,0,0,0,
2001도3889,,2001do3889,대법원,2002.11.22,특정경제범죄가중처벌등에관한법률위반(횡령)·근로기준법위반,1,0,3,0,0,0,0,0,0,
2001도53,,2001do53,,,,0,0,0,0,0,0,0,1,0,
2001도53736,,2001do53736,,,,0,0,0,0,0,0,0,1,0,
2001두10455,,2001du10455,대법원,2002.05.28,부당해고구제재심판정취소,1,0,4,0,0,0,0,0,0,
2001두10776,,2001du10776,대법원,2003.09.26,부당해고구제재심판정취소,1,0,2,0,0,0,0,0,0,
2001두11069,,2001du11069,,,,0,0,0,0,0,0,0,1,0,
2001두11076,,2001du11076,대법원,2002.06.14,부당해고구제재심판정취소,1,0,3,0,0,0,2,0,0,
2001두1154,,2001du1154,대법원,2004.10.15,부당해고구제재심판정취소,1,0,2,0,0,0,0,0,0,
2001두1161,,2001du1161,,,,0,0,0,0,0,0,0,1,0,
2001두1178,,2001du1178,,,,0,0,0,0,0,0,0,1,0,
2001두2218,,2001du2218,,,,0,0,0,0,0,0,0,1,0,
2001두2365,,2001du2365,,,,0,0,0,0,0,0,0,1,0,
2001두3136,,2001du3136,대법원,2003.06.10,부당해고및부당노동행위구제재심판정취소,1,0,4,0,0,0,1,0,0,
2001두3709,,2001du3709,대법원,2001.7.13.,,0,0,0,0,0,0,1,1,0,
2001두4818,,2001du4818,대법원,2003.07.25,중재재심결정취소,1,0,3,0,0,0,0,0,0,
2001두4825,,2001du4825,,,,0,0,0,0,0,0,0,1,0,
2001두5361,,2001du5361,대법원,2002.07.26,노동조합결의처분시정명령취소,1,0,6,0,0,0,0,0,0,
2001두536578,,2001du536578,,,,0,0,0,0,0,0,0,1,0,
2001두5767,,2001du5767,,,,0,0,0,0,0,0,0,1,0,
2001두5767814,,2001du5767814,,,,0,0,0,0,0,0,0,1,0,
2001두649,,2001du649,,,,0,0,0,0,0,0,0,1,0,
2001두6579,,2001du6579,대법원,2002.05.14,부당해고구제재심판정취소,1,0,3,0,0,0,1,0,0,
2001두6579413,,2001du6579413,,,,0,0,0,0,0,0,0,1,0,
2001두8018,,2001du8018,대법원,2003.07.08,부당해고구제재심판정취소,1,0,3,0,0,0,1,0,0,
2001두8339,,2001du8339,,,,0,0,0,0,0,0,0,1,0,
2001두8568,,2001du8568,대법원,2004.02.27,노동조합설립신고반려처분취소,1,0,3,0,0,0,0,0,0,
2001두8643,,2001du8643,,2023.02.14,항공노동조합과 항공조종사노동조합이 복수노조인지,0,1,0,5,0,0,0,0,0,
2001헌바50,,2001heonba50,헌법재판소,2002.11.28,한국보건산업진흥원법 부칙 제3조   위헌소원,1,0,5,0,0,0,1,0,0,
2001헌바5021,,2001heonba5021,,,,0,0,0,0,0,0,0,1,0,
2001헌바82,,2001heonba82,헌법재판소,2002.08.29,소득세법 제61조  위헌소원,1,0,5,0,0,0,1,0,0,
2002가합12355,,2002gahap12355,,,,0,0,0,0,0,0,0,1,0,
2002가합12355126,,2002gahap12355126,,,,0,0,0,0,0,0,0,1,0,
2002구합2338,,2002guhap2338,,,,0,0,0,0,0,0,0,1,0,
2002구합25874,,2002guhap25874,,,,0,0,0,0,0,0,0,1,0,
2002구합29050,,2002guhap29050,,,,0,0,0,0,0,0,0,1,0,
2002구합32476,,2002guhap32476,,,,0,0,0,0,0,0,0,1,0,
2002구합36034,,2002guhap36034,,,,0,0,0,0,0,0,0,1,0,
2002구합39880,,2002guhap39880,,,,0,0,0,0,0,0,0,1,0,
2002구합6231,,2002guhap6231,,,,0,0,0,0,0,0,0,1,0,
2002구합6309,,2002guhap6309,,,,0,0,0,0,0,0,0,1,0,
2002나24439,,2002na24439,,,,0,0,0,0,0,0,0,1,0,
2002나40400,,2002na40400,,,,0,0,0,0,0,0,0,1,0,
2002나58138,,2002na58138,,,,0,0,0,0,0,0,0,1,0,
2002누14104,,2002nu14104,,,,0,0,0,0,0,0,0,1,0,
2002다10202,,2002da10202,,,,0,0,0,0,0,0,0,1,0,
2002다11458,,2002da11458,대법원,2003.04.25,의원면직무효확인등,1,0,3,0,0,0,4,0,0,
2002다1448,,2002da1448,,,,0,0,0,0,0,0,0,1,0,
2002다16958,,2002da16958,대법원,2002.06.14,임금,1,0,3,0,0,0,2,0,0,
2002다16958287,,2002da16958287,,,,0,0,0,0,0,0,0,1,0,
2002다1832,,2002da1832,,,,0,0,0,0,0,0,0,1,0,
2002다19292,,2002da19292,대법원,2002.7.26.,,0,0,0,0,0,0,1,1,0,
2002다2034,,2002da2034,,,,0,0,0,0,0,0,0,1,0,
2002다23185,,2002da23185,대법원,2004.05.14,임금등,1,1,6,0,0,0,0,0,1,
2002다23185392,,2002da23185392,,,,0,0,0,0,0,0,0,1,0,
2002다23826,,2002da23826,대법원,2003.05.30,해고무효확인및직원지위확인등,1,0,4,0,0,0,0,0,0,
2002다23826396,,2002da23826396,,,,0,0,0,0,0,0,0,1,0,
2002다24935,,2002da24935,,2023.02.04,농지개량조합이 농림부장관의 승인없이 노조와 체결한 임직원 보수 인상 약정은 무효,0,1,0,3,0,0,0,0,0,
2002다2843,,2002da2843,대법원,2003.12.18,임금,1,0,5,0,0,0,0,0,0,
2002다2843165,,2002da2843165,,,,0,0,0,0,0,0,0,1,0,
2002다32332,,2002da32332,대법원,2002.10.25,임금,1,0,3,0,0,0,0,0,0,
2002다35379,,2002da35379,,,,0,0,0,0,0,0,0,1,0,
2002다35867,,2002da35867,대법원,2002.11.08,상여금,1,0,3,0,0,0,1,0,0,
2002다36303,,2002da36303,,,,0,0,0,0,0,0,0,1,0,
2002다4399,,2002da4399,대법원,2002.08.23,퇴직금,1,0,4,0,0,0,0,0,0,
2002다4399172,,2002da4399172,,,,0,0,0,0,0,0,0,1,0,
2002다4429,,2002da4429,대법원,2002.09.04,구상금,1,0,6,0,0,0,1,0,0,
2002다442941,,2002da442941,,,,0,0,0,0,0,0,0,1,0,
2002다48399,,2002da48399,대법원,2002.12.10,배당이의,1,0,5,0,0,0,0,0,0,
2002다50149,,2002da50149,대법원,2002.12.26,구상금,1,0,3,0,0,0,0,0,0,
2002다50828,,2002da50828,,,,0,0,0,0,0,0,0,1,0,
2002다50828177,,2002da50828177,,,,0,0,0,0,0,0,0,1,0,
2002다51555,,2002da51555,대법원,2004.06.25,징계해고무효확인청구등,1,0,6,0,0,0,1,0,0,
2002다52312,,2002da52312,대법원,2004.07.22,부당이득금,1,1,5,0,0,0,0,0,1,
2002다56130,,2002da56130,대법원,2004.06.25,임금,1,0,5,0,0,0,0,0,0,
2002다5613076,,2002da5613076,,,,0,0,0,0,0,0,0,1,0,
2002다57201,,2002da57201,대법원,2002.12.26,불신임결의무효확인등,1,0,3,0,0,0,0,0,0,
2002다57362,,2002da57362,대법원,2004.07.22,손해배상(기),1,1,4,0,0,0,0,0,1,
2002다59702,,2002da59702,대법원,2004.07.22,해고무효확인등,1,0,2,0,0,0,0,0,0,
2002다60528,,2002da60528,대법원,2003.04.11,해고무효,1,1,3,0,0,0,0,0,1,
2002다62432,,2002da62432,대법원,2006.02.24,해고무효확인,1,1,4,0,0,0,0,0,1,
2002다62432136,,2002da62432136,,,,0,0,0,0,0,0,0,1,0,
2002다64681,,2002da64681,대법원,2003.09.26,퇴직금,1,0,4,0,0,0,1,0,0,
2002다6468141,,2002da6468141,,,,0,0,0,0,0,0,0,1,0,
2002다65066,,2002da65066,,,,0,0,0,0,0,0,0,1,0,
2002다65097,,2002da65097,,,,0,0,0,0,0,0,0,1,0,
2002다65905,,2002da65905,대법원,2004.05.27,배당이의,1,0,3,0,0,0,1,0,0,
2002다65905243,,2002da65905243,,,,0,0,0,0,0,0,0,1,0,
2002다69631,,2002da69631,대법원,2003.03.14,임금,1,0,3,0,0,0,1,0,0,
2002다69631139,,2002da69631139,,,,0,0,0,0,0,0,0,1,0,
2002다69822,,2002da69822,,,,0,0,0,0,0,0,0,1,0,
2002다70822,,2002da70822,대법원,2005.06.09,해고무효확인등,1,0,2,0,0,0,0,0,0,
2002다73708,,2002da73708,대법원,2003.05.13,손해배상(기),1,0,3,0,0,0,1,0,0,
2002다73708422,,2002da73708422,,,,0,0,0,0,0,0,0,1,0,
2002도123,,2002do123,대법원,2002.10.08,통신비밀보호법위반,1,0,4,0,0,0,0,0,0,
2002도2211,,2002do2211,대법원,2002.07.12,근로기준법위반,1,0,3,0,0,0,1,0,0,
2002도2243,,2002do2243,대법원,2002.09.24,폭력행위등처벌에관한법률위반,1,0,3,0,0,0,0,0,0,
2002도2243749,,2002do2243749,,,,0,0,0,0,0,0,0,1,0,
2002도3450,,2002do3450,대법원,2006.05.12,집단에너지사업법위반·업무방해·노동조합및노동관계조정법위반,1,0,4,0,0,0,0,0,0,
2002도3450725,,2002do3450725,,,,0,0,0,0,0,0,0,1,0,
2002도3666,,2002do3666,대법원,2002.09.24,근로기준법위반,1,0,3,0,0,0,0,0,0,
2002도3730,,2002do3730,,,,0,0,0,0,0,0,0,1,0,
2002도3883,,2002do3883,대법원,2003.03.14,남녀고용평등법위반,1,1,4,0,0,0,0,0,1,
2002도388372,,2002do388372,,,,0,0,0,0,0,0,0,1,0,
2002도5577,,2002do5577,대법원,2006.05.25,집단에너지사업법위반·업무방해·노동조합및노동관계조정법위반,1,0,3,0,0,0,0,0,0,
2002도5577744,,2002do5577744,,,,0,0,0,0,0,0,0,1,0,
2002도6198,,2002do6198,,,,0,0,0,0,0,0,0,1,0,
2002도649,,2002do649,대법원,2002.11.26,근로기준법위반·노동조합및노동관계조정법위반·근로자참여및협력증진에관한법률위반,1,0,3,0,0,0,1,0,0,
2002도64950,,2002do64950,,,,0,0,0,0,0,0,0,1,0,
2002도7225,,2002do7225,대법원,2003.07.22,업무방해,1,0,3,0,0,0,0,0,0,
2002도7225645,,2002do7225645,,,,0,0,0,0,0,0,0,1,0,
2002두10094,,2002du10094,,,,0,0,0,0,0,0,0,1,0,
2002두11349,,2002du11349,,,,0,0,0,0,0,0,0,1,0,
2002두12809,,2002du12809,대법원,2003.12.12,부당노동행위구제재심판정취소,1,0,3,0,0,0,1,0,0,
2002두2857,,2002du2857,,,,0,0,0,0,0,0,0,1,0,
2002두3706,,2002du3706,,,,0,0,0,0,0,0,0,1,0,
2002두3959,,2002du3959,,,,0,0,0,0,0,0,0,1,0,
2002두5948,,2002du5948,대법원,2002.11.26,전임계약해지무효확인,1,0,3,0,0,0,0,0,0,
2002두6552,,2002du6552,대법원,2002.10.25.,,0,0,0,0,0,0,1,1,0,
2002두6927,,2002du6927,,2023.02.04,성추행 파출소장 해임 정당,0,1,0,1,0,0,0,0,0,
2002두738,,2002du738,,,,0,0,0,0,0,0,0,1,0,
2002두7425,,2002du7425,,2023.02.13,쟁의행위가 금지되는 안전보호시설의 의미 및 판단기준,0,1,0,4,0,0,0,0,0,
2002두7425744,,2002du7425744,,,,0,0,0,0,0,0,0,1,0,
2002두7715,,2002du7715,,,,0,0,0,0,0,0,0,1,0,
2002두8138,,2002du8138,대법원,2003.5.16.,,0,0,0,0,0,0,1,1,0,
2002두8138338,,2002du8138338,,,,0,0,0,0,0,0,0,1,0,
2002두8640,,2002du8640,,2023.02.13,계약직 근로자가 재임용 제외조치의 유효 여부를 다툴 법률상 이익을 가지는 경우,0,1,0,3,0,0,0,0,0,
2002두8640840,,2002du8640840,,,,0,0,0,0,0,0,0,1,0,
2002두9063,,2002du9063,,2023.02.05,"단체협약이 취업규칙보다 근로자에게 더 불리하게 개정된 경우, 취업규칙의 적용이 배제되는지 여부",0,2,0,9,0,0,0,0,0,
2002두906317,,2002du906317,,,,0,0,0,0,0,0,0,1,0,
2002두9179,,2002du9179,대법원,2003.01.24,해임변경처분취소,1,0,5,0,0,0,0,0,0,
2002두9919,,2002du9919,,,,0,0,0,0,0,0,0,1,0,
2002두9919664,,2002du9919664,,,,0,0,0,0,0,0,0,1,0,
2002두9919666,,2002du9919666,,,,0,0,0,0,0,0,0,1,0,
2002마4380,,2002ma4380,,2024.04.14,영업비밀보호 필요가 인정되면 사전 전직금지약정이 없더라도 전직금지를 청구할 수 있다.,0,1,0,7,0,0,0,0,0,
2002마438099,,2002ma438099,,,,0,0,0,0,0,0,0,1,0,
2002재다388,,2002jaeda388,,,,0,0,0,0,0,0,0,1,0,
2002헌바11,,2002heonba11,헌법재판소,2005.09.29,"근로기준법 제36조 등 위헌소원 (동법 제42조, 회사정리법 제208조의 제10호)",1,0,6,0,0,0,0,0,0,
2002헌바51,,2002heonba51,헌법재판소,2003.07.24,산업재해보상보험법 제5조 단서 등 위헌소원,1,0,6,0,0,0,0,0,0,
2002헌바95,,2002heonba95,헌법재판소,2005.11.24,노동조합및노동관계조정법 제81조 제2호 단서 위헌소원,1,0,5,0,0,0,1,0,0,
2002헌바9532,,2002heonba9532,,,,0,0,0,0,0,0,0,1,0,
2003가합15221,,2003gahap15221,,,,0,0,0,0,0,0,0,1,0,
2003가합6980,,2003gahap6980,,2023.02.13,대표이사 지휘아래 있는 비등기이사는 근로기준법상 근로자에 해당한다,0,1,0,6,0,0,0,0,0,
2003구합1196,,2003guhap1196,,,,0,0,0,0,0,0,0,1,0,
2003구합12578,,2003guhap12578,,,,0,0,0,0,0,0,0,1,0,
2003구합23769,,2003guhap23769,,,,0,0,0,0,0,0,0,1,0,
2003구합24632,,2003guhap24632,,,,0,0,0,0,0,0,0,1,0,
2003구합25611,,2003guhap25611,,,,0,0,0,0,0,0,0,1,0,
2003구합25826,,2003guhap25826,,,,0,0,0,0,0,0,0,1,0,
2003구합27860,,2003guhap27860,,,,0,0,0,0,0,0,0,1,0,
2003구합28856,,2003guhap28856,,,,0,0,0,0,0,0,0,1,0,
2003구합31005,,2003guhap31005,,,,0,0,0,0,0,0,0,1,0,
2003구합35656,,2003guhap35656,,,,0,0,0,0,0,0,0,1,0,
2003구합5143,,2003guhap5143,,,,0,0,0,0,0,0,0,1,0,
2003누14675,,2003nu14675,,,,0,0,0,0,0,0,0,1,0,
2003누19007,,2003nu19007,,,,0,0,0,0,0,0,0,1,0,
2003누3316,,2003nu3316,,,,0,0,0,0,0,0,0,1,0,
2003누9772,,2003nu9772,,,,0,0,0,0,0,0,0,1,0,
2003다10421,,2003da10421,대법원,2003.06.27,임금,1,0,2,0,0,0,0,0,0,
2003다10421177,,2003da10421177,,,,0,0,0,0,0,0,0,1,0,
2003다10650,,2003da10650,대법원,2003.04.22,임금등,1,0,4,0,0,0,2,0,0,
2003다11387,,2003da11387,,,,0,0,0,0,0,0,0,1,0,
2003다13307,,2003da13307,대법원,2003.12.26,구상금,1,0,4,0,0,0,0,0,0,
2003다14935,,2003da14935,,,,0,0,0,0,0,0,0,1,0,
2003다16092,,2003da16092,,2023.02.13,이사의 퇴직금을 이사회의 결의가 없었음을 이유로 지급거절할 수 없다,0,1,0,4,0,0,0,0,0,
2003다16108,,2003da16108,,,,0,0,0,0,0,0,0,1,0,
2003다24147,,2003da24147,대법원,2005.10.13,구상금,1,0,4,0,0,0,0,0,0,
2003다26044,,2003da26044,,,,0,0,0,0,0,0,0,1,0,
2003다264,,2003da264,대법원,2004.11.12,임금등,1,0,3,0,0,0,0,0,0,
2003다264544,,2003da264544,,,,0,0,0,0,0,0,0,1,0,
2003다264799,,2003da264799,,,,0,0,0,0,0,0,0,1,0,
2003다27429,,2003da27429,,2023.02.13,노사협의회의 협의를 거친 단체협약의 효력 여부,0,1,0,4,0,0,0,0,0,
2003다27429654,,2003da27429654,,,,0,0,0,0,0,0,0,1,0,
2003다2802,,2003da2802,대법원,2005.03.17,손해배상(자),1,0,4,0,0,0,0,0,0,
2003다30777,,2003da30777,,,,0,0,0,0,0,0,0,1,0,
2003다33691,,2003da33691,,2023.02.14,동료근로자의 행위로 업무상 재해가 발생한 경우 그 동료근로자에게 구상권을 행사할 수 없다,0,1,0,4,0,0,0,0,0,
2003다38597,,2003da38597,,,,0,0,0,0,0,0,0,1,0,
2003다40538,,2003da40538,대법원,2003.12.11,임금,1,0,3,0,0,0,0,0,0,
2003다40538202,,2003da40538202,,,,0,0,0,0,0,0,0,1,0,
2003다40538495,,2003da40538495,,,,0,0,0,0,0,0,0,1,0,
2003다40798,,2003da40798,대법원,2005.07.08,퇴직금등·부당이득금,1,0,2,0,0,0,0,0,0,
2003다40798498,,2003da40798498,,,,0,0,0,0,0,0,0,1,0,
2003다44363,,2003da44363,,,,0,0,0,0,0,0,0,1,0,
2003다44691,,2003da44691,,,,0,0,0,0,0,0,0,1,0,
2003다4815,,2003da4815,대법원,2003.09.02,임금,1,0,5,0,0,0,0,0,0,
2003다4815297,,2003da4815297,,,,0,0,0,0,0,0,0,1,0,
2003다48549,,2003da48549,대법원,2005.05.27,임금·부당이득금반환,1,1,2,0,0,0,0,0,1,
2003다48556,,2003da48556,,,,0,0,0,0,0,0,0,1,0,
2003다50580,,2003da50580,대법원,2005.07.15,해고무효확인등,1,0,2,0,0,0,3,0,0,
2003다50580135,,2003da50580135,,,,0,0,0,0,0,0,0,1,0,
2003다51675,,2003da51675,대법원,2004.02.27,해고무효확인등,1,0,3,0,0,0,1,0,0,
2003다52456,,2003da52456,,2023.02.13,"노사결의 또는 취업규칙 개정에 의한 상여금, 휴가비 반납의 효력",0,2,0,9,0,0,0,0,0,
2003다54322,,2003da54322,대법원,2006.05.26,임금·임금등,1,1,4,0,0,0,0,0,1,
2003다54322177,,2003da54322177,,,,0,0,0,0,0,0,0,1,0,
2003다55493,,2003da55493,,,,0,0,0,0,0,0,0,1,0,
2003다5955,,2003da5955,,2023.02.14,시용 중에 있는 근로자도 객관적이고 합리적 이유 없이 해고해선 안된다,0,1,0,4,0,0,0,0,0,
2003다63029,,2003da63029,대법원,2005.02.18,임금등,1,1,4,0,0,0,0,0,1,
2003다63029331,,2003da63029331,,,,0,0,0,0,0,0,0,1,0,
2003다66523,,2003da66523,,,,0,0,0,0,0,0,0,1,0,
2003다69393,,2003da69393,대법원,2006.01.26,해고무효확인,1,1,5,0,0,0,0,0,1,
2003다69393464,,2003da69393464,,,,0,0,0,0,0,0,0,1,0,
2003다7005,,2003da7005,대법원,2003.04.25,임금등,1,0,3,0,0,0,1,0,0,
2003다7388,,2003da7388,,2023.10.20,해외연수목적이 교육이 아닌 출장이라면 의무재직기간 이전 퇴직시 연수비용을 상환하지 않아도 된다,0,1,0,12,0,0,0,0,0,
2003다7623,,2003da7623,대법원,2003.06.27,추심금,1,0,2,0,0,0,0,0,0,
2003다9254,,2003da9254,대법원,2005.07.29,임금,1,0,3,0,0,0,0,0,0,
2003도3000,,2003do3000,대법원,2003.09.26,폭력행위등처벌에관한법률위반,1,0,3,0,0,0,0,0,0,
2003도300011,,2003do300011,,,,0,0,0,0,0,0,0,1,0,
2003도3344,,2003do3344,,,,0,0,0,0,0,0,0,1,0,
2003두1042,,2003du1042,,,,0,0,0,0,0,0,0,1,0,
2003두1097,,2003du1097,대법원,2003.06.13,부당노동행위구제재심판정취소,1,0,3,0,0,0,0,0,0,
2003두1097748,,2003du1097748,,,,0,0,0,0,0,0,0,1,0,
2003두10978,,2003du10978,,,,0,0,0,0,0,0,0,1,0,
2003두11247,,2003du11247,,,,0,0,0,0,0,0,0,1,0,
2003두11339,,2003du11339,대법원,2004.01.15,부당해고구제재심판정취소,1,0,3,0,0,0,1,0,0,
2003두11599,,2003du11599,,,,0,0,0,0,0,0,0,1,0,
2003두11834,,2003du11834,,,,0,0,0,0,0,0,0,1,0,
2003두12530,,2003du12530,대법원,2004.04.09,요양불승인처분취소,1,0,2,0,0,0,0,0,0,
2003두12639,,2003du12639,대법원,2005.04.15,부당해고구제재심판정취소,1,0,2,0,0,0,0,0,0,
2003두12844,,2003du12844,대법원,2004.03.26,유족보상및장의비부지급처분취소,1,0,2,0,0,0,1,0,0,
2003두12912,,2003du12912,대법원,2004.09.03,유족급여및장의비부지급처분취소,1,0,2,0,0,0,4,0,0,
2003두13250,,2003du13250,,,,0,0,0,0,0,0,0,1,0,
2003두13663,,2003du13663,,,,0,0,0,0,0,0,0,1,0,
2003두13939,,2003du13939,대법원,2004.03.26,유족보상및장의비부지급처분취소,1,0,4,0,0,0,0,0,0,
2003두1393940,,2003du1393940,,,,0,0,0,0,0,0,0,1,0,
2003두13991,,2003du13991,,,,0,0,0,0,0,0,0,1,0,
2003두14338,,2003du14338,,,,0,0,0,0,0,0,0,1,0,
2003두15317,,2003du15317,대법원,2004.06.25,부당해고구제재심판정취소,1,0,2,0,0,0,0,0,0,
2003두3420,,2003du3420,대법원,2003.09.23,부당해고구제재심판정취소,1,0,3,0,0,0,1,0,0,
2003두342050,,2003du342050,,,,0,0,0,0,0,0,0,1,0,
2003두4119,,2003du4119,대법원,2003.11.13,부당해고등구제재심판정취소,1,0,4,0,0,0,1,0,0,
2003두4287,,2003du4287,,,,0,0,0,0,0,0,0,1,0,
2003두5198,,2003du5198,,,,0,0,0,0,0,0,0,1,0,
2003두5563,,2003du5563,,,,0,0,0,0,0,0,0,1,0,
2003두5600,,2003du5600,,,,0,0,0,0,0,0,0,1,0,
2003두6634,,2003du6634,,,,0,0,0,0,0,0,0,1,0,
2003두6665,,2003du6665,대법원,2004.10.28,부당해고구제재심판정취소,1,0,2,0,0,0,0,0,0,
2003두7385,,2003du7385,,,,0,0,0,0,0,0,0,1,0,
2003두8210,,2003du8210,대법원,2005.11.25,부당해고구제재심판정취소,1,0,2,0,0,0,1,0,0,
2003두8906,,2003du8906,대법원,2003.12.26,부당해고등구제재심판정취소,1,0,4,0,0,0,0,0,0,
2003두896,,2003du896,대법원,2005.09.09,단체협약해석재심판정취소,1,0,4,0,0,0,0,0,0,
2003두896682,,2003du896682,,,,0,0,0,0,0,0,0,1,0,
2003두902,,2003du902,대법원,2004.02.27,부당해고등구제재심판정취소,1,0,2,0,0,0,1,0,0,
2003두902435,,2003du902435,,,,0,0,0,0,0,0,0,1,0,
2003두9282,,2003du9282,,,,0,0,0,0,0,0,0,1,0,
2003두9336,,2003du9336,,,,0,0,0,0,0,0,0,1,0,
2003헌바12,,2003heonba12,헌법재판소,2005.03.31,근로기준법 제110조 위헌소원,1,0,11,0,0,0,1,0,0,
2003헌바9,,2003heonba9,,,,0,0,0,0,0,0,0,1,0,
2004가단273036,,2004gadan273036,,,,0,0,0,0,0,0,0,1,0,
2004가합68903,,2004gahap68903,,,,0,0,0,0,0,0,0,1,0,
2004구합13257,,2004guhap13257,,,,0,0,0,0,0,0,0,1,0,
2004구합16430,,2004guhap16430,,,,0,0,0,0,0,0,0,1,0,
2004구합18689,,2004guhap18689,,,,0,0,0,0,0,0,0,1,0,
2004구합2387,,2004guhap2387,,,,0,0,0,0,0,0,0,1,0,
2004구합25229,,2004guhap25229,,,,0,0,0,0,0,0,0,1,0,
2004구합26062,,2004guhap26062,,,,0,0,0,0,0,0,0,1,0,
2004구합2859,,2004guhap2859,,2023.02.11,산재요양기간에 고용보험료를 납부해도 피보험단위기간에 포함시킬 수 없다,0,1,0,4,0,0,0,0,0,
2004구합30122,,2004guhap30122,,2024.04.16,수습 중인 근로자에 대한 채용거절(=해고)의 정당성,0,1,0,5,0,0,0,0,0,
2004구합31002,,2004guhap31002,,,,0,0,0,0,0,0,0,1,0,
2004구합37185,,2004guhap37185,,,,0,0,0,0,0,0,0,1,0,
2004구합37253,,2004guhap37253,,,,0,0,0,0,0,0,0,1,0,
2004구합38027,,2004guhap38027,,,,0,0,0,0,0,0,0,1,0,
2004구합39723,,2004guhap39723,,,,0,0,0,0,0,0,0,1,0,
2004구합39976,,2004guhap39976,,,,0,0,0,0,0,0,0,1,0,
2004구합5287,,2004guhap5287,,,,0,0,0,0,0,0,0,1,0,
2004나5882,,2004na5882,,2023.02.13,근로계약을 반복체결하는 경우 공백기간에도 계속근로관계가 인정될 수 있다,0,1,0,4,0,0,0,0,0,
2004나704,,2004na704,,2023.12.18,포괄임금계약이 유효하다는 사례(시간외 근무·휴일근무가 당연히 예상되는 경우),0,1,0,5,0,0,0,0,0,
2004노583,,2004no583,,,,0,0,0,0,0,0,0,1,0,
2004노583521,,2004no583521,,,,0,0,0,0,0,0,0,1,0,
2004누11901,,2004nu11901,,,,0,0,0,0,0,0,0,1,0,
2004누13587,,2004nu13587,,,,0,0,0,0,0,0,0,1,0,
2004누16494,,2004nu16494,,,,0,0,0,0,0,0,0,1,0,
2004누2362,,2004nu2362,,,,0,0,0,0,0,0,0,1,0,
2004누23638,,2004nu23638,,,,0,0,0,0,0,0,0,1,0,
2004누23638137,,2004nu23638137,,,,0,0,0,0,0,0,0,1,0,
2004누8462,,2004nu8462,,2023.02.13,노조와 협의 없이 급여규정을 개정한 행위는 부당노동행위에 해당한다,0,1,0,6,0,0,0,0,0,
2004다11032,,2004da11032,,,,0,0,0,0,0,0,0,1,0,
2004다11070,,2004da11070,대법원,2006.10.26,손해배상(기)등,1,0,3,0,0,0,0,0,0,
2004다11070807,,2004da11070807,,,,0,0,0,0,0,0,0,1,0,
2004다12240,,2004da12240,대법원,2006.10.27,손해배상(기),1,0,3,0,0,0,0,0,0,
2004다12660,,2004da12660,대법원,2005.04.28,구상금등,1,0,3,0,0,0,0,0,0,
2004다13762,,2004da13762,대법원,2005.10.13,임금,1,0,2,0,0,0,1,0,0,
2004다22742,,2004da22742,대법원,2005.11.10,손해배상(기),1,1,3,0,0,0,0,0,1,
2004다24854,,2004da24854,,2023.02.14,복수노조 설립이 제한되는 ‘하나의 사업 또는 사업장’의 의미,0,1,0,4,0,0,0,0,0,
2004다24854542,,2004da24854542,,,,0,0,0,0,0,0,0,1,0,
2004다25123,,2004da25123,대법원,2004.12.10,퇴직금등,1,0,4,0,0,0,0,0,0,
2004다26799,,2004da26799,대법원,2005.10.13,배당이의,1,0,4,0,0,0,2,0,0,
2004다29736,,2004da29736,대법원,2006.12.07,퇴직금,1,1,6,0,0,0,0,0,1,
2004다2973637,,2004da2973637,,,,0,0,0,0,0,0,0,1,0,
2004다34790,,2004da34790,대법원,2005.02.25,퇴직금,1,1,5,0,0,0,0,0,1,
2004다37676,,2004da37676,대법원,2005.11.10,전부금,1,0,7,0,0,0,1,0,0,
2004다37744,,2004da37744,,,,0,0,0,0,0,0,0,1,0,
2004다37775,,2004da37775,대법원,2006.04.20,소유권말소등기,1,0,11,0,0,0,0,0,0,
2004다41217,,2004da41217,대법원,2005.09.09,임금,1,2,4,10,0,0,0,0,1,
2004다41217177,,2004da41217177,,,,0,0,0,0,0,0,0,1,0,
2004다43824,,2004da43824,대법원,2005.05.27,구상금등,1,0,4,0,0,0,1,0,0,
2004다44506,,2004da44506,대법원,2006.09.28,손해배상(산)등,1,0,2,0,0,0,2,0,0,
2004다4683,,2004da4683,대법원,2006.4.27.,,0,0,0,0,0,0,1,1,0,
2004다48836,,2004da48836,대법원,2007.06.29,임금,1,0,2,0,0,0,0,0,0,
2004다49570,,2004da49570,대법원,2006.11.23,약정금,1,0,4,0,0,0,0,0,0,
2004다51139,,2004da51139,,,,0,0,0,0,0,0,0,1,0,
2004다51139526,,2004da51139526,,,,0,0,0,0,0,0,0,1,0,
2004다62597,,2004da62597,대법원,2006.05.26,가처분이의,1,0,10,0,0,0,0,0,0,
2004다66995,,2004da66995,대법원,2006.04.28,퇴직금,1,0,2,0,0,0,0,0,0,
2004다68250,,2004da68250,,,,0,0,0,0,0,0,0,1,0,
2004다68953,,2004da68953,,,,0,0,0,0,0,0,0,1,0,
2004도1108,,2004do1108,,2023.02.13,단체협약의 적용을 받게 되는 동종의 근로자의 의미,0,1,0,4,0,0,0,0,0,
2004도227,,2004do227,대법원,2005.01.28,공직선거및선거부정방지법위반,1,0,5,0,0,0,0,0,0,
2004도227571,,2004do227571,,,,0,0,0,0,0,0,0,1,0,
2004도3891,,2004do3891,,2023.02.14,부당노동행위에서 근로자에게 불이익을 주는 행위의 의미,0,1,0,6,0,0,0,0,0,
2004도3891788,,2004do3891788,,,,0,0,0,0,0,0,0,1,0,
2004도4641,,2004do4641,,2023.02.14,노동조합의 지부가 파업하는 경우 쟁의행위 결의를 할 조합원의 범위,0,1,0,4,0,0,0,0,0,
2004도7218,,2004do7218,대법원,2005.06.09,근로기준법위반·폭력행위등처벌에관한법률위반(야간·공동폭행)·노동조합및노동관계조정법위반,1,0,3,0,0,0,0,0,0,
2004도7218749,,2004do7218749,,,,0,0,0,0,0,0,0,1,0,
2004도746,,2004do746,대법원,2008.09.11,업무방해·노동조합및노동관계조정법위반·집회및시위에관한법률위반·국가공무원법위반(인정된죄명:청원경찰법위반),1,0,2,0,0,0,0,0,0,
2004도8620,,2004do8620,,,,0,0,0,0,0,0,0,1,0,
2004두10548,,2004du10548,대법원,2005.06.10,부당해고구제재심판정취소,1,0,3,0,0,0,1,0,0,
2004두12582,,2004du12582,,,,0,0,0,0,0,0,0,1,0,
2004두12766,,2004du12766,,,,0,0,0,0,0,0,0,1,0,
2004두14090,,2004du14090,,2023.02.09,"회사방침에 따라 사직서 제출 후 퇴사처리하고 즉시 재입사한 경우, 재직기간은 단절되지 않는다",0,1,0,6,0,0,0,0,0,
2004두1728,,2004du1728,,,,0,0,0,0,0,0,0,1,0,
2004두1728857,,2004du1728857,,,,0,0,0,0,0,0,0,1,0,
2004두2103,,2004du2103,,2023.02.13,임금 소급인상시 휴업급여 산정의 기초가 되는 평균임금의 증액 여부,0,1,0,4,0,0,0,0,0,
2004두2714,,2004du2714,,,,0,0,0,0,0,0,0,1,0,
2004두4765,,2004du4765,,,,0,0,0,0,0,0,0,1,0,
2004두6549,,2004du6549,대법원,2004.12.24,유족급여등부지급처분취소,1,0,2,0,0,0,1,0,0,
2004두6709,,2004du6709,,2023.02.14,출장의 종료시점과 업무상 재해 해당 여부에 관한 판단기준,0,1,0,4,0,0,0,0,0,
2004두916,,2004du916,대법원,2004.03.11,요양신청반려처분취소,1,0,2,0,0,0,0,0,0,
2004두91643,,2004du91643,,,,0,0,0,0,0,0,0,1,0,
2004두9975,,2004du9975,,,,0,0,0,0,0,0,0,1,0,
2004헌마554,,2004heonma554,헌법재판소,2004.10.21,신행정수도의건설을위한특별조치법 위헌확인,1,0,26,0,0,0,0,0,0,
2004헌마55410,,2004heonma55410,,,,0,0,0,0,0,0,0,1,0,
2004헌마670,,2004heonma670,헌법재판소,2007.08.30,산업기술연수생 도입기준완화결정 등 위헌확인,1,0,6,0,0,0,2,0,0,
2004헌마67020,,2004heonma67020,,,,0,0,0,0,0,0,0,1,0,
2004헌마675,,2004heonma675,헌법재판소,2006.02.23,국가유공자등예우및지원에관한법률 제31조 제1항 등 위헌확인,1,0,11,0,0,0,0,0,0,
2004헌마67522,,2004heonma67522,,,,0,0,0,0,0,0,0,1,0,
2004헌바9,,2004heonba9,헌법재판소,2008.07.31,노동조합및노동관계조정법 제7조 제3항 등 위헌소원,1,0,9,0,0,0,0,0,0,
2004헌바9536,,2004heonba9536,,,,0,0,0,0,0,0,0,1,0,
2005가단35270,,2005gadan35270,울산지법,2006.12.21,손해배상(기),1,0,4,0,0,0,0,0,0,
2005가단42764,,2005gadan42764,,,,0,0,0,0,0,0,0,1,0,
2005가합33355,,2005gahap33355,,2023.02.13,해외연수중이었던 기간도 계속근로연수에 산입되어야 한다,0,1,0,4,0,0,0,0,0,
2005가합50541,,2005gahap50541,,2023.02.13,"명예퇴직 신청에 대한 심사,결정 권한 행사의 범위",0,1,0,4,0,0,0,0,0,
2005가합57290,,2005gahap57290,,2023.02.13,가족수당 중식대 교통비는 통상임금에 포함된다,0,1,0,12,0,0,0,0,0,
2005구합10576,,2005guhap10576,,,,0,0,0,0,0,0,0,1,0,
2005구합13582,,2005guhap13582,,,,0,0,0,0,0,0,0,1,0,
2005구합13605,,2005guhap13605,서울행법,2005.12.27,부당해고구제재심판정취소,1,0,3,0,0,0,0,0,0,
2005구합14158,,2005guhap14158,,,,0,0,0,0,0,0,0,1,0,
2005구합15700,,2005guhap15700,,,,0,0,0,0,0,0,0,1,0,
2005구합16390,,2005guhap16390,,,,0,0,0,0,0,0,0,1,0,
2005구합16468,,2005guhap16468,,,,0,0,0,0,0,0,0,1,0,
2005구합16888,,2005guhap16888,,,,0,0,0,0,0,0,0,1,0,
2005구합1718,,2005guhap1718,,,,0,0,0,0,0,0,0,1,0,
2005구합22654,,2005guhap22654,,,,0,0,0,0,0,0,0,1,0,
2005구합28584,,2005guhap28584,,,,0,0,0,0,0,0,0,1,0,
2005구합30709,,2005guhap30709,,,,0,0,0,0,0,0,0,1,0,
2005구합34015,,2005guhap34015,,,,0,0,0,0,0,0,0,1,0,
2005구합34701,,2005guhap34701,서울행법,2006.08.08,유족급여등부지급처분취소,1,0,4,0,0,0,0,0,0,
2005구합37182,,2005guhap37182,,,,0,0,0,0,0,0,0,1,0,
2005구합41143,,2005guhap41143,,,,0,0,0,0,0,0,0,1,0,
2005구합4168,,2005guhap4168,,,,0,0,0,0,0,0,0,1,0,
2005구합42061,,2005guhap42061,,,,0,0,0,0,0,0,0,1,0,
2005구합4649,,2005guhap4649,,,,0,0,0,0,0,0,0,1,0,
2005구합5079,,2005guhap5079,,,,0,0,0,0,0,0,0,1,0,
2005구합5536,,2005guhap5536,,,,0,0,0,0,0,0,0,1,0,
2005나9133,,2005na9133,,,,0,0,0,0,0,0,0,1,0,
2005누12,,2005nu12,,,,0,0,0,0,0,0,0,1,0,
2005누23413,,2005nu23413,,,,0,0,0,0,0,0,0,1,0,
2005다10531,,2005da10531,대법원,2005.09.15,구상금,1,0,6,0,0,0,1,0,0,
2005다14861,,2005da14861,대법원,2005.06.10,원인무효로인한소유권이전등기말소등기,1,0,3,0,0,0,0,0,0,
2005다16034,,2005da16034,대법원,2007.11.15,손해배상(기),1,0,4,0,0,0,0,0,0,
2005다20910,,2005da20910,,2023.02.13,레미콘차주 겸 운송기사는 노동조합및노동관계조정법상의 근로자가 아니다,0,1,0,7,0,0,0,0,0,
2005다2091043,,2005da2091043,,,,0,0,0,0,0,0,0,1,0,
2005다22701,,2005da22701,대법원,2009.04.23,합병철회·주주총회결의취소,1,0,16,0,0,0,0,0,0,
2005다25113,,2005da25113,대법원,2007.07.12,퇴직금,1,0,5,0,0,0,1,0,0,
2005다28358,,2005da28358,대법원,2007.11.29,임금,1,1,5,0,0,0,0,0,1,
2005다30580,,2005da30580,대법원,2006.09.22,해고무효확인,1,1,3,0,0,0,1,0,1,
2005다30610,,2005da30610,대법원,2006.09.22,손해배상(기),1,0,4,0,0,0,0,0,0,
2005다30610757,,2005da30610757,,,,0,0,0,0,0,0,0,1,0,
2005다3229,,2005da3229,대법원,2007.11.16,손해배상(기),1,0,2,0,0,0,0,0,0,
2005다34407,,2005da34407,대법원,2005.09.09,해고무효확인,1,0,2,0,0,0,0,0,0,
2005다38270,,2005da38270,,2023.02.14,사직의사 없는 근로자에게 사직서를 작성 제출하게 하였다면 해고에 해당,0,1,0,8,0,0,0,0,0,
2005다3991,,2005da3991,대법원,2007.02.23,부당전보무효확인등,1,1,2,0,0,0,0,0,1,
2005다45827,,2005da45827,대법원,2005.10.28,면직해임무효확인등,1,1,4,0,0,0,0,0,1,
2005다45827478,,2005da45827478,,,,0,0,0,0,0,0,0,1,0,
2005다50034,,2005da50034,,2023.02.13,"산업연수생(외국인)은 근로자 (근로기준법, 최저임금법 적용여부)",0,1,0,7,0,0,0,0,0,
2005다54029,,2005da54029,,,,0,0,0,0,0,0,0,1,0,
2005다54463,,2005da54463,,,,0,0,0,0,0,0,0,1,0,
2005다64385,,2005da64385,대법원,2006.10.13,근로자지위부존재확인등,1,0,2,0,0,0,0,0,0,
2005다72386,,2005da72386,대법원,2007.08.23,보험금·보험금반환등,1,0,4,0,0,0,0,0,0,
2005다75088,,2005da75088,대법원,2008.07.10,종업원지위확인,1,1,2,0,0,0,0,0,1,
2005다77558,,2005da77558,대법원,2006.12.07,배당이의,1,0,4,0,0,0,0,0,0,
2005다9227,,2005da9227,,2023.02.11,예산편성범위를 초과하였더라도 실제로 초과근무한 시간에 대한 임금을 지급해야,0,1,0,3,0,0,0,0,0,
2005도1089,,2005do1089,대법원,2005.06.09,근로기준법위반,1,0,3,0,0,0,0,0,0,
2005도467,,2005do467,,2023.07.10,연봉에 퇴직금을 포함시켜 임금을 지급했다 하더라도 퇴직금 지급으로서의 효력은 없다,0,1,0,5,0,0,0,0,0,
2005도6223,,2005do6223,,2023.10.07,"퇴사하면서 원료 배합비율, 제조공정,각종 실험결과를 가져간 것은 절도",0,1,0,5,0,0,0,0,0,
2005도7309,,2005do7309,대법원,2006.03.24,정보통신망이용촉진및정보보호등에관한법률위반(정보통신망침해등),1,0,4,0,0,0,0,0,0,
2005도8005,,2005do8005,대법원,2007.05.11,업무방해·노동조합및노동관계조정법위반,1,0,2,0,0,0,0,0,0,
2005도8005732,,2005do8005732,,,,0,0,0,0,0,0,0,1,0,
2005도8364,,2005do8364,,2023.02.13,임금체불에 대해 임금지급 위반죄와 별도로 금품청산 위반죄가 성립한다,0,1,0,7,0,0,0,0,0,
2005도836448,,2005do836448,,,,0,0,0,0,0,0,0,1,0,
2005도8606,,2005do8606,,2023.02.13,회사측의 단체교섭 거부의 정당성 유무의 판단 기준,0,1,0,4,0,0,0,0,0,
2005도8606595,,2005do8606595,,,,0,0,0,0,0,0,0,1,0,
2005도9230,,2005do9230,대법원,2006.02.09,근로기준법위반,1,1,4,0,0,0,0,0,1,
2005두11418,,2005du11418,대법원,2007.03.29,요양불승인처분취소,1,0,3,0,0,0,0,0,0,
2005두11418564,,2005du11418564,,,,0,0,0,0,0,0,0,1,0,
2005두1152,,2005du1152,,,,0,0,0,0,0,0,0,1,0,
2005두12091,,2005du12091,대법원,2008.02.01,유족급여및장의비조정지급처분취소,1,0,2,0,0,0,0,0,0,
2005두12572,,2005du12572,대법원,2007.09.28,유족급여등부지급처분취소,1,0,10,0,0,0,1,0,0,
2005두12862,,2005du12862,,,,0,0,0,0,0,0,0,1,0,
2005두12992,,2005du12992,대법원,2007.04.26,중재재심결정취소,1,0,4,0,0,0,0,0,0,
2005두12992747,,2005du12992747,,,,0,0,0,0,0,0,0,1,0,
2005두13018,,2005du13018,대법원,2007.03.29,산업재해보상보험료등부과처분취소,1,1,6,0,0,0,0,0,1,
2005두13247,,2005du13247,대법원,2007.11.30.,,0,0,0,0,0,0,1,1,0,
2005두13384,,2005du13384,,,,0,0,0,0,0,0,0,1,0,
2005두13414,,2005du13414,대법원,2006.12.21,남녀차별개선위원회결정내지재결취소,1,0,4,0,0,0,0,0,0,
2005두13841,,2005du13841,대법원,2006.03.09,요양불승인처분취소,1,0,4,0,0,0,0,0,0,
2005두14767,,2005du14767,,,,0,0,0,0,0,0,0,1,0,
2005두14806,,2005du14806,,,,0,0,0,0,0,0,0,1,0,
2005두14813,,2005du14813,,,,0,0,0,0,0,0,0,1,0,
2005두16499,,2005du16499,대법원,2006.2.24.,,0,0,0,0,0,0,1,1,0,
2005두16772,,2005du16772,,,,0,0,0,0,0,0,0,1,0,
2005두16901,,2005du16901,,2023.02.12,"계약직근로가 형식에 불과하다면, 정당한 사유 없는 갱신계약 거절은 무효",0,1,0,4,0,0,0,0,0,
2005두2506,,2005du2506,대법원,2006.09.22,보험약가인하처분취소,1,0,4,0,0,0,0,0,0,
2005두2810,,2005du2810,대법원,2007.04.26,평균임금결정처분등취소,1,0,5,0,0,0,0,0,0,
2005두3608,,2005du3608,,,,0,0,0,0,0,0,0,1,0,
2005두4120,,2005du4120,대법원,2007.11.15,부당노동행위및부당해고구제재심판정취소,1,0,3,0,0,0,0,0,0,
2005두4120792,,2005du4120792,,,,0,0,0,0,0,0,0,1,0,
2005두4403,,2005du4403,,,,0,0,0,0,0,0,0,1,0,
2005두4403465,,2005du4403465,,,,0,0,0,0,0,0,0,1,0,
2005두4991,,2005du4991,대법원,2005.9.9.,,0,0,0,0,0,0,1,1,0,
2005두5093,,2005du5093,,,,0,0,0,0,0,0,0,1,0,
2005두524,,2005du524,대법원,2005.05.27,부당해고구제재심판정취소,1,0,4,0,0,0,1,0,0,
2005두5390,,2005du5390,대법원,2007.10.11,재외국민2세지정취소처분취소,1,0,3,0,0,0,0,0,0,
2005두5673,,2005du5673,대법원,2006.02.24,부당해고및부당노동행위구제재심판정취소,1,0,4,0,0,0,1,0,0,
2005두6423,,2005du6423,,,,0,0,0,0,0,0,0,1,0,
2005두6461,,2005du6461,대법원,2007.06.14,성희롱결정처분취소,1,0,4,0,0,0,1,0,0,
2005두6522,,2005du6522,,,,0,0,0,0,0,0,0,1,0,
2005두739,,2005du739,,2023.02.13,"문서유출, 출근거부가 징계사유에 해당한다고 하더라도 해고처분은 징계권 남용이라는 사례",0,1,0,3,0,0,0,0,0,
2005두7501,,2005du7501,대법원,2007.06.15,장해보상연금부지급처분취소,1,0,4,0,0,0,0,0,0,
2005두7945,,2005du7945,,,,0,0,0,0,0,0,0,1,0,
2005두8009,,2005du8009,,2023.02.13,"업무와 재해 사이의 인과관계를 증명할 책임 소재, 판단 기준, 증명 정도",0,1,0,3,0,0,0,0,0,
2005두8047,,2005du8047,,,,0,0,0,0,0,0,0,1,0,
2005두8436,,2005du8436,대법원,2007.01.25,산업재해보상보험료등부과처분취소,1,0,2,0,0,0,2,0,0,
2005두8788,,2005du8788,대법원,2007.09.06,부당해고구제재심판정취소,1,0,5,0,0,0,1,0,0,
2005두8788376,,2005du8788376,,,,0,0,0,0,0,0,0,1,0,
2005두9019,,2005du9019,,,,0,0,0,0,0,0,0,1,0,
2005두9217,,2005du9217,,,,0,0,0,0,0,0,0,1,0,
2005두9729,,2005du9729,,,,0,0,0,0,0,0,0,1,0,
2005두9873,,2005du9873,대법원,2006.01.12,부당해고구제재심판정취소,1,1,3,0,0,0,0,0,1,
2005두9873353,,2005du9873353,,,,0,0,0,0,0,0,0,1,0,
2005마30,,2005ma30,대법원,2005.08.19,개발제한구역의지정및관리에관한특별조치법위반(이의),1,0,2,0,0,0,0,0,0,
2005카합411,,2005kahap411,,,,0,0,0,0,0,0,0,1,0,
2005헌마1156,,2005heonma1156,헌법재판소,2008.10.30,군인사법 제48조 제3항 위헌확인,1,0,6,0,0,0,1,0,0,
2005헌마586,,2005heonma586,헌법재판소,2008.09.25,국가공무원복무규정 제17조 제1항 위헌확인,1,0,4,0,0,0,1,0,0,
2005헌마855,,2005heonma855,헌법재판소,2006.11.30,군미필자 응시자격 제한 위헌확인,1,0,5,0,0,0,1,0,0,
2005헌마971,,2005heonma971,헌법재판소,2008.12.26,공무원의노동조합설립및운영등에관한법률   위헌확인,1,0,14,0,0,0,0,0,0,
2005헌바20,,2005heonba20,헌법재판소,2009.05.28,산업재해보상보험법 제38조 제6항 위헌소원,1,0,6,0,0,0,1,0,0,
2006가단2947,,2006gadan2947,,2023.07.10,퇴직금을 12개월로 나누어 월급에 포함하여 매월 미리 지급받는다는 약정은 무효,0,1,0,7,0,0,0,0,0,
2006가합1639311,,2006gahap1639311,,,,0,0,0,0,0,0,0,1,0,
2006가합17954,,2006gahap17954,서울중앙지법,2006.07.14,해고무효확인등,1,0,4,0,0,0,0,0,0,
2006구합13138,,2006guhap13138,,,,0,0,0,0,0,0,0,1,0,
2006구합14179,,2006guhap14179,,,,0,0,0,0,0,0,0,1,0,
2006구합16311,,2006guhap16311,,,,0,0,0,0,0,0,0,1,0,
2006구합1818,,2006guhap1818,,2023.02.12,출퇴근 과정에서 발생한 교통사고가 업무상 재해에 해당하는지 여부,0,1,0,9,0,0,0,0,0,
2006구합20655,,2006guhap20655,서울행법,2006.09.26,부당해고구제재심판정취소,1,0,3,0,0,0,0,0,0,
2006구합2084,,2006guhap2084,,,,0,0,0,0,0,0,0,1,0,
2006구합2466,,2006guhap2466,,,,0,0,0,0,0,0,0,1,0,
2006구합24701,,2006guhap24701,,,,0,0,0,0,0,0,0,1,0,
2006구합27519,,2006guhap27519,,,,0,0,0,0,0,0,0,1,0,
2006구합32474,,2006guhap32474,,,,0,0,0,0,0,0,0,1,0,
2006구합33644,,2006guhap33644,,,,0,0,0,0,0,0,0,1,0,
2006구합4119,,2006guhap4119,,,,0,0,0,0,0,0,0,1,0,
2006구합42945,,2006guhap42945,서울행정법원,2007.07.13,부당해고구제재심판정취소,1,0,0,0,0,0,0,0,0,원장미수록(섹션없음)
2006구합45067,,2006guhap45067,,,,0,0,0,0,0,0,0,1,0,
2006구합45852,,2006guhap45852,,2023.02.12,부당해고된 기간은 연차휴가 부여시 출근일에 포함,0,1,0,3,0,0,0,0,0,
2006구합45968,,2006guhap45968,,,,0,0,0,0,0,0,0,1,0,
2006구합46657,,2006guhap46657,,,,0,0,0,0,0,0,0,1,0,
2006나100181,,2006na100181,,,,0,0,0,0,0,0,0,1,0,
2006나12992,,2006na12992,,2023.02.12,퇴직금을 일당 속에 포함하여 지급하는 약정의 효력 (무효),0,1,0,4,0,0,0,0,0,
2006나2710,,2006na2710,,,,0,0,0,0,0,0,0,1,0,
2006노879,,2006no879,,2023.02.12,해고절차를 거치지 않은 것만으로 사용자를 처벌 할 수 없다,0,1,0,3,0,0,0,0,0,
2006누11455,,2006nu11455,,,,0,0,0,0,0,0,0,1,0,
2006누13741,,2006nu13741,,,,0,0,0,0,0,0,0,1,0,
2006누23496,,2006nu23496,,,,0,0,0,0,0,0,0,1,0,
2006누25980,,2006nu25980,,,,0,0,0,0,0,0,0,1,0,
2006누26075,,2006nu26075,,,,0,0,0,0,0,0,0,1,0,
2006누4648,,2006nu4648,,,,0,0,0,0,0,0,0,1,0,
2006누7548,,2006nu7548,,,,0,0,0,0,0,0,0,1,0,
2006다13070,,2006da13070,,2023.02.12,통상임금에 포함되어야 할 수당을 통상임금에서 제외키로 한 노사합의는 무효,0,1,0,8,0,0,0,0,0,
2006다16215,,2006da16215,대법원,2009.05.28,손해배상(기),1,0,3,0,0,0,1,0,0,
2006다16215328,,2006da16215328,,,,0,0,0,0,0,0,0,1,0,
2006다17287,,2006da17287,대법원,2009.05.28,임금,1,1,5,0,0,0,0,0,1,
2006다17287186,,2006da17287186,,,,0,0,0,0,0,0,0,1,0,
2006다17287191,,2006da17287191,,,,0,0,0,0,0,0,0,1,0,
2006다17355,,2006da17355,대법원,2006.07.28,인사부대기역발령무효확인등,1,0,2,0,0,0,0,0,0,
2006다1930,,2006da1930,대법원,2008.06.26,배당이의,1,0,3,0,0,0,1,0,0,
2006다25240,,2006da25240,대법원,2007.09.21,직권면직무효확인등,1,0,2,0,0,0,0,0,0,
2006다27093,,2006da27093,대법원,2008.05.15,구상금,1,0,2,0,0,0,0,0,0,
2006다30730,,2006da30730,대법원,2008.06.26,위자료등,1,0,4,0,0,0,0,0,0,
2006다32910,,2006da32910,대법원,2008.04.10,구상금,1,0,4,0,0,0,2,0,0,
2006다33531,,2006da33531,대법원,2006.09.14,손해배상(기),1,1,3,0,0,0,0,0,1,
2006다33531328,,2006da33531328,,,,0,0,0,0,0,0,0,1,0,
2006다33999,,2006da33999,대법원,2007.12.28,직위해제및정직무효확인등,1,0,2,0,0,0,1,0,0,
2006다37274,,2006da37274,대법원,2008.10.23,약정금,1,1,4,0,0,0,0,0,1,
2006다381,,2006da381,대법원,2006.4.27.,,0,0,0,0,0,0,1,1,0,
2006다40935,,2006da40935,,2023.02.12,국가가 노동조합법에서 정한 사용자에 해당하는지 여부,0,1,0,3,0,0,0,0,0,
2006다41990,,2006da41990,,2023.02.12,24시간 격일제 근무자의 실제 근로시간에서 휴게시간 심야 수면시간 제외 여부,0,1,0,4,0,0,0,0,0,
2006다42313,,2006da42313,대법원,2006.11.09,퇴직금,1,0,2,0,0,0,0,0,0,
2006다48069,,2006da48069,대법원,2006.11.23,해고무효확인및임금,1,0,3,0,0,0,1,0,0,
2006다48069372,,2006da48069372,,,,0,0,0,0,0,0,0,1,0,
2006다48489,,2006da48489,,,,0,0,0,0,0,0,0,1,0,
2006다49372,,2006da49372,,,,0,0,0,0,0,1,0,0,0,예시확정
2006다49653,,2006da49653,,,,0,0,0,0,0,1,0,0,0,
2006다49901,,2006da49901,대법원,2006.11.23,해고무효확인및임금,1,1,2,0,0,0,0,0,1,
2006다53627,,2006da53627,대법원,2006.12.07,임금,1,1,3,0,0,0,0,0,1,
2006다59748,,2006da59748,대법원,2007.10.12,해고무효확인,1,0,2,0,0,0,0,0,0,
2006다60793,,2006da60793,,2023.02.12,근로자에 해당하는지 여부의 판단 기준(학습지 영업사원),0,1,0,9,0,0,0,0,0,
2006다64245,,2006da64245,대법원,2007.01.11,임금등,1,0,5,0,0,0,0,0,0,
2006다66968,,2006da66968,대법원,2007.1.25.,,0,0,0,0,0,0,1,1,0,
2006다66968394,,2006da66968394,,,,0,0,0,0,0,0,0,1,0,
2006다75088,,2006da75088,,,,0,0,0,0,0,0,0,1,0,
2006다81035,,2006da81035,대법원,2009.04.23,건물명도등,1,0,4,0,0,0,0,0,0,
2006다81523,,2006da81523,대법원,2007.11.29.,,0,0,0,0,0,0,1,1,0,
2006다83246,,2006da83246,대법원,2007.09.06,임금,1,0,2,0,0,0,0,0,0,
2006도1513,,2006do1513,,,,0,0,0,0,0,0,0,1,0,
2006도388,,2006do388,대법원,2006.09.08,노동조합및노동관계조정법위반·산업안전보건법위반,1,0,6,0,0,0,0,0,0,
2006도388794,,2006do388794,,,,0,0,0,0,0,0,0,1,0,
2006도4981,,2006do4981,대법원,2006.10.12,통신비밀보호법위반,1,0,3,0,0,0,0,0,0,
2006도6389,,2006do6389,대법원,2007.06.28,사기·정보통신망이용촉진및정보보호등에관한법률위반(정보통신망침해등),1,0,2,0,0,0,0,0,0,
2006도638911,,2006do638911,,,,0,0,0,0,0,0,0,1,0,
2006도6479,,2006do6479,대법원,2007.03.30,근로기준법위반,1,0,2,0,0,0,0,0,0,
2006도6479112,,2006do6479112,,,,0,0,0,0,0,0,0,1,0,
2006도7233,,2006do7233,,2023.02.12,노조활동에 대한 불이익처분을 할 만한 정당한 이유가 있다면 부당노동행위가 아니다.,0,1,0,4,0,0,0,0,0,
2006도7329,,2006do7329,대법원,2007.11.30,근로기준법위반·강제집행면탈·명예훼손·라디오에의한명예훼손,1,0,2,0,0,0,0,0,0,
2006도7660,,2006do7660,대법원,2008.09.25,근로기준법위반,1,1,3,0,0,0,0,0,1,
2006도777,,2006do777,대법원,2007.09.07,근로기준법위반,1,0,4,0,0,0,0,0,0,
2006도7916,,2006do7916,,2023.10.07,영업비밀의 의미와 그 요건,0,1,0,5,0,0,0,0,0,
2006도8644,,2006do8644,대법원,2008.04.24,정보통신망이용촉진및정보보호등에관한법률위반(정보통신망침해등),1,0,5,0,0,0,0,0,0,
2006도9089,,2006do9089,대법원,2008.04.24,업무상배임,1,0,4,0,0,0,0,0,0,
2006두1074,,2006du1074,,,,0,0,0,0,0,0,0,1,0,
2006두11644,,2006du11644,,,,0,0,0,0,0,0,0,1,0,
2006두11644340,,2006du11644340,,,,0,0,0,0,0,0,0,1,0,
2006두13220,,2006du13220,,,,0,0,0,0,0,0,0,1,0,
2006두13626,,2006du13626,대법원,2008.10.09,파면처분등취소,1,0,3,0,0,0,0,0,0,
2006두15172,,2006du15172,,,,0,0,0,0,0,0,0,1,0,
2006두15400,,2006du15400,,2023.02.11,산별노조는 기존 기업별 노동조합과 조직대상이 중복되는 복수노조가 아니다.,0,1,0,3,0,0,0,0,0,
2006두15622,,2006du15622,대법원,2007.02.08,보험급여금대체지급부지급취소,1,0,3,0,0,0,0,0,0,
2006두1715,,2006du1715,,,,0,0,0,0,0,0,0,1,0,
2006두18423,,2006du18423,대법원,2008.09.25,부당노동행위및부당해고구제재심판정취소,1,0,2,0,0,0,0,0,0,
2006두18812,,2006du18812,,,,0,0,0,0,0,0,0,1,0,
2006두2701,,2006du2701,,,,0,0,0,0,0,0,0,1,0,
2006두3476,,2006du3476,대법원,2006.07.28,부당해고구제재심판정취소,1,0,2,0,0,0,0,0,0,
2006두3568,,2006du3568,대법원,2006.10.27,평균임금증감불승인처분취소,1,0,2,0,0,0,0,0,0,
2006두4127,,2006du4127,대법원,2008.09.25,유족급여등부지급처분취소,1,0,2,0,0,0,0,0,0,
2006두4233,,2006du4233,,,,0,0,0,0,0,0,0,1,0,
2006두4912,,2006du4912,대법원,2007.04.12,요양불승인처분취소,1,0,3,0,0,0,0,0,0,
2006두4912902,,2006du4912902,,,,0,0,0,0,0,0,0,1,0,
2006두5335,,2006du5335,대법원,2006.6.16.,,0,0,0,0,0,0,1,1,0,
2006두6956,,2006du6956,대법원,2006.8.25.,,0,0,0,0,0,0,1,1,0,
2006두6956137,,2006du6956137,,,,0,0,0,0,0,0,0,1,0,
2006두8341,,2006du8341,대법원,2006.09.22,유족급여및장의비부지급처분취소,1,0,2,0,0,0,0,0,0,
2006두9269,,2006du9269,,,,0,0,0,0,0,0,0,1,0,
2006두9771,,2006du9771,대법원,2008.07.24,산업재해요양불승인처분취소,1,0,2,0,0,0,0,0,0,
2006두9873,,2006du9873,,,,0,0,0,0,0,0,0,1,0,
2006마1303,,2006ma1303,대법원,2007.03.29,경업금지가처분,1,0,2,0,0,0,0,0,0,
2006마851,,2006ma851,대법원,2008.06.12,양수금,1,0,2,0,0,0,0,0,0,
2007가합10338,,2007gahap10338,,,,0,0,0,0,0,0,0,1,0,
2007가합24292,,2007gahap24292,,2023.02.11,통상임금에 산입될 수당을 통상임금에서 제외하는 노사간 합의의 효력,0,1,0,5,0,0,0,0,0,
2007가합86803,,2007gahap86803,,,,0,0,0,0,0,0,0,1,0,
2007구합13968,,2007guhap13968,,,,0,0,0,0,0,0,0,1,0,
2007구합14619,,2007guhap14619,,,,0,0,0,0,0,0,0,1,0,
2007구합15810,,2007guhap15810,,,,0,0,0,0,0,0,0,1,0,
2007구합16042,,2007guhap16042,,,,0,0,0,0,0,0,0,1,0,
2007구합290,,2007guhap290,,,,0,0,0,0,0,0,0,1,0,
2007구합29352,,2007guhap29352,,,,0,0,0,0,0,0,0,1,0,
2007구합30710,,2007guhap30710,,2023.02.11,과장급 직원이 노조법에서 정한 비조합원에 해당하는지 여부,0,1,0,4,0,0,0,0,0,
2007구합34125,,2007guhap34125,,,,0,0,0,0,0,0,0,1,0,
2007구합45583,,2007guhap45583,,2024.04.29,회사분할로 분할대상 사업에 종사하던 근로자들의 근로관계는 신설회사에 포괄적으로 승계된다,0,1,0,6,0,0,0,0,0,
2007구합8935,,2007guhap8935,,,,0,0,0,0,0,0,0,1,0,
2007나17199,,2007na17199,,,,0,0,0,0,0,0,0,1,0,
2007나9102,,2007na9102,,,,0,0,0,0,0,0,0,1,0,
2007나9102126,,2007na9102126,,,,0,0,0,0,0,0,0,1,0,
2007노209,,2007no209,,,,0,0,0,0,0,0,0,1,0,
2007노4706,,2007no4706,,2023.02.12,포괄임금제 근로계약서를 미작성했더라도 전반적인 사정으로 보아 포괄임금계약으로 인정한 사례,0,1,0,8,0,0,0,0,0,
2007누11124,,2007nu11124,,,,0,0,0,0,0,0,0,1,0,
2007누12738,,2007nu12738,,,,0,0,0,0,0,0,0,1,0,
2007누1273851,,2007nu1273851,,,,0,0,0,0,0,0,0,1,0,
2007누13571,,2007nu13571,,,,0,0,0,0,0,0,0,1,0,
2007누29224,,2007nu29224,,,,0,0,0,0,0,0,0,1,0,
2007누30057,,2007nu30057,,,,0,0,0,0,0,0,0,1,0,
2007누34226,,2007nu34226,,,,0,0,0,0,0,0,0,1,0,
2007누3451,,2007nu3451,,,,0,0,0,0,0,0,0,1,0,
2007누9084,,2007nu9084,,,,0,0,0,0,0,0,0,1,0,
2007다1418,,2007da1418,대법원,2008.03.14,해고무효확인,1,1,5,0,0,0,0,0,1,
2007다18584,,2007da18584,대법원,2007.12.14,임금,1,0,4,0,0,0,0,0,0,
2007다29379,,2007da29379,대법원,2007.12.27,손해배상(기),1,0,8,0,0,0,1,0,0,
2007다37165,,2007da37165,대법원,2007.09.06,퇴직금,1,0,2,0,0,0,0,0,0,
2007다51017,,2007da51017,대법원,2007.12.27,근로자지위확인등,1,0,2,0,0,0,0,0,0,
2007다51758,,2007da51758,대법원,2007.12.27,해고무효확인등,1,0,3,0,0,0,1,0,0,
2007다54498,,2007da54498,대법원,2009.03.26,업무추진역발령무효확인등,1,0,2,0,0,0,1,0,0,
2007다590,,2007da590,대법원,2008.11.13,임금,1,1,2,0,0,0,0,0,1,
2007다62840,,2007da62840,대법원,2009.02.12,해고무효확인등,1,1,3,0,0,0,0,0,1,
2007다63012,,2007da63012,,,,0,0,0,0,0,0,0,1,0,
2007다72519,,2007da72519,대법원,2009.10.15,퇴직금,1,1,5,0,0,0,0,0,1,
2007다72519191,,2007da72519191,,,,0,0,0,0,0,0,0,1,0,
2007다73277,,2007da73277,대법원,2009.12.24,임금,1,1,2,0,0,0,0,0,1,
2007다73277275,,2007da73277275,,,,0,0,0,0,0,0,0,1,0,
2007다7973,,2007da7973,대법원,2008.10.23,임금,1,0,2,0,0,0,0,0,0,
2007다82059,,2007da82059,대법원,2010.05.13,구상금,1,0,4,0,0,0,0,0,0,
2007다85997,,2007da85997,대법원,2008.02.29,해고무효확인등,1,0,5,0,0,0,1,0,0,
2007다90692,,2007da90692,,,,0,0,0,0,0,0,0,1,0,
2007다90760,,2007da90760,대법원,2010.05.20,퇴직금,1,1,10,0,0,0,0,0,1,
2007도10873,,2007do10873,,,,0,0,0,0,0,0,0,1,0,
2007도1199,,2007do1199,대법원,2008.04.10,근로기준법위반·노동조합및노동관계조정법위반,1,1,4,0,0,0,0,0,1,
2007도1539,,2007do1539,대법원,2007.06.28,근로기준법위반,1,0,4,0,0,0,0,0,0,
2007도1539220,,2007do1539220,,,,0,0,0,0,0,0,0,1,0,
2007도1557,,2007do1557,대법원,2008.01.18,업무방해·절도·상해·폭력행위등처벌에관한법률위반(야간·공동협박)·폭행·모욕·특수협박(일부인정된죄명:협박)·공무집행방해·집회및시위에관한법률위반,1,0,2,0,0,0,0,0,0,
2007도3081,,2007do3081,,,,0,0,0,0,0,0,0,1,0,
2007도3192,,2007do3192,대법원,2007.08.23,근로기준법위반,1,0,3,0,0,0,2,0,0,
2007도319277,,2007do319277,,,,0,0,0,0,0,0,0,1,0,
2007도319278,,2007do319278,,,,0,0,0,0,0,0,0,1,0,
2007도3725,,2007do3725,,2023.02.12,사전에 미리 중간정산하여 매월지급하는 퇴직금의 효력,0,1,0,4,0,0,0,0,0,
2007도4171,,2007do4171,,2023.07.10,"월급,일당 속에 퇴직금을 포함하는 것은 무효이고, 퇴직금 사전포기 약정도 무효이다.",0,1,0,7,0,0,0,0,0,
2007도482,,2007do482,대법원,2011.03.17,업무방해,1,0,12,0,0,0,0,0,0,
2007도482764,,2007do482764,,,,0,0,0,0,0,0,0,1,0,
2007도4904,,2007do4904,대법원,2007.09.06,근로기준법위반,1,0,2,0,0,0,1,0,0,
2007도5204,,2007do5204,대법원,2007.12.28,업무방해·폭력행위등처벌에관한법률위반(공동주거침입),1,0,5,0,0,0,0,0,0,
2007도6243,,2007do6243,대법원,2009.12.24,전자기록등내용탐지,1,0,3,0,0,0,0,0,0,
2007도97,,2007do97,,,,0,0,0,0,0,0,0,1,0,
2007두10174,,2007du10174,대법원,2008.09.11,부당해고구제재심판정취소,1,0,2,0,0,0,0,0,0,
2007두10440,,2007du10440,대법원,2009.09.10,재심판정취소,1,1,4,0,0,0,0,0,1,
2007두10440330,,2007du10440330,,,,0,0,0,0,0,0,0,1,0,
2007두11153,,2007du11153,,,,0,0,0,0,0,0,0,1,0,
2007두11566,,2007du11566,대법원,2007.10.11,부당해고구제재심판정취소,1,0,2,0,0,0,0,0,0,
2007두12101,,2007du12101,,,,0,0,0,0,0,0,0,1,0,
2007두12859,,2007du12859,,2023.02.11,산별노조 산하 지회의 쟁의행위 찬반투표 실시 대상,0,1,0,4,0,0,0,0,0,
2007두12859735,,2007du12859735,,,,0,0,0,0,0,0,0,1,0,
2007두14411,,2007du14411,,,,0,0,0,0,0,0,0,1,0,
2007두1460,,2007du1460,대법원,2007.05.31,부당해고·부당대기발령등구제재심판정취소,1,0,2,0,0,0,2,0,0,
2007두1479426,,2007du1479426,,,,0,0,0,0,0,0,0,1,0,
2007두15506,,2007du15506,,2023.02.12,제공하던 노조사무실을 폐쇄하는 등 편의제공을 일방적으로 거절하는 것은 부당노동행위,0,1,0,6,0,0,0,0,0,
2007두15612,,2007du15612,,,,0,0,0,0,0,0,0,1,0,
2007두15797,,2007du15797,대법원,2010.07.15,부당해고구제재심판정취소,1,1,4,0,0,0,0,0,1,
2007두1729,,2007du1729,대법원,2011.04.14,부당해고및부당노동행위구제재심판정취소,1,1,4,0,0,0,0,0,1,
2007두18406,,2007du18406,대법원,2010.07.29,부당해고구제재심판정중직위해제부분취소,1,1,4,0,0,0,0,0,1,
2007두1840616,,2007du1840616,,,,0,0,0,0,0,0,0,1,0,
2007두18406342,,2007du18406342,,,,0,0,0,0,0,0,0,1,0,
2007두18437,,2007du18437,,,,0,0,0,0,0,0,0,1,0,
2007두1897,,2007du1897,,,,0,0,0,0,0,0,0,1,0,
2007두20157,,2007du20157,대법원,2009.04.23,부당인사발령구제재심판정취소,1,0,4,0,0,0,0,0,0,
2007두2029,,2007du2029,대법원,2008.03.13,유족급여및장의비부지급처분취소,1,0,2,0,0,0,0,0,0,
2007두2067,,2007du2067,,2024.03.07,당연퇴직 또는 당연면직 처분은 해고처분이므로 합리적으로 판단해야,0,1,0,6,0,0,0,0,0,
2007두21518,,2007du21518,,,,0,0,0,0,0,0,0,1,0,
2007두2173,,2007du2173,대법원,2008.09.18,휴업급여부지급처분취소,1,0,6,0,0,0,0,0,0,
2007두22306,,2007du22306,대법원,2009.03.12,부당해고구제재심판정취소,1,0,2,0,0,0,0,0,0,
2007두22320,,2007du22320,대법원,2008.09.18,부당해고구제재심판정취소,1,1,4,0,0,0,0,0,1,
2007두2234,,2007du2234,,,,0,0,0,0,0,0,0,1,0,
2007두22344,,2007du22344,,,,0,0,0,0,0,0,0,1,0,
2007두22498,,2007du22498,대법원,2008.07.10,부당해고구제재심판정취소,1,1,4,0,0,0,0,0,1,
2007두25695,,2007du25695,,2023.02.11,조합원을 이유로 정리해고한 것이 부당노동행위에 해당하는지 여부의 판단 방법,0,1,0,3,0,0,0,0,0,
2007두2623022,,2007du2623022,,,,0,0,0,0,0,0,0,1,0,
2007두2784,,2007du2784,대법원,2009.05.28,요양불승인처분취소,1,0,2,0,0,0,0,0,0,
2007두3077,,2007du3077,,,,0,0,0,0,0,0,0,1,0,
2007두34,,2007du34,,,,0,0,0,0,0,0,0,1,0,
2007두3695,,2007du3695,,2023.02.12,회사밖의 행사나 모임 중 발생한 재해가 업무상 재해에 해당하기 위한 요건,0,1,0,4,0,0,0,0,0,
2007두3695896,,2007du3695896,,,,0,0,0,0,0,0,0,1,0,
2007두4810,,2007du4810,대법원,2008.09.25,요양연기불승인처분취소,1,0,2,0,0,0,0,0,0,
2007두4995,,2007du4995,대법원,2015.06.25,노동조합설립신고서반려처분취소,1,0,6,0,0,0,0,0,0,
2007두4995517,,2007du4995517,,,,0,0,0,0,0,0,0,1,0,
2007두7093,,2007du7093,대법원,2007.10.12,부당노동행위및부당해고구제재심판정취소,1,0,2,0,0,0,0,0,0,
2007두8881,,2007du8881,,2023.02.10,원청회사도 부당노동행위 구제명령의 시정주체가 될 수 있다.,0,1,0,4,0,0,0,0,0,
2007두8881520,,2007du8881520,,,,0,0,0,0,0,0,0,1,0,
2007두9471,,2007du9471,대법원,2010.05.27,유족보상등청구서반려처분취소,1,0,5,0,0,0,1,0,0,
2007두947137,,2007du947137,,,,0,0,0,0,0,0,0,1,0,
2007두955621,,2007du955621,,,,0,0,0,0,0,0,0,1,0,
2007두9587,,2007du9587,,,,0,0,0,0,0,0,0,1,0,
2007헌마1359,,2007heonma1359,헌법재판소,2009.10.29,경비업법 제15조 제3항 등 위헌확인,1,0,6,0,0,0,0,0,0,
2007헌마135924,,2007heonma135924,,,,0,0,0,0,0,0,0,1,0,
2007헌바27,,2007heonba27,헌법재판소,2009.02.26,지방세법 제245조의2 제1항 위헌소원,1,0,0,0,0,0,1,0,0,원장미수록(섹션없음)
2007헌바36,,2007heonba36,헌법재판소,2008.11.27,근로기준법 제37조 제2항 등 위헌소원,1,0,4,0,0,0,1,0,0,
2008가단120633,,2008gadan120633,,2023.02.10,매월 일정하게 지급된 근속가산금과 가계보조비 명절휴가비는 통상임금에 포함된다,0,1,0,6,0,0,0,0,0,
2008가단13531,,2008gadan13531,,2023.02.11,잘못된 업무처리를 지시한 회사는 정신적 고통에 대한 손해배상 책임이 있다,0,1,0,3,0,0,0,0,0,
2008가단167281,,2008gadan167281,,,,0,0,0,0,0,0,0,1,0,
2008가합42794,,2008gahap42794,,2023.02.10,해외연수 중인 근로자에게 이메일로 보낸 해고통지는 유효,0,1,0,3,0,0,0,0,0,
2008가합5589,,2008gahap5589,,2023.02.11,강의수입을 5:5로 배분하고 사업자등록을 한 학원강사를 근로자로 인정한 사례,0,1,0,6,0,0,0,0,0,
2008가합61153,,2008gahap61153,,2023.02.10,"계약기간을 반복갱신하는 경우, 갱신기대권이 인정되는지 여부의 판단 기준",0,1,0,3,0,0,0,0,0,
2008구단10891,,2008gudan10891,,2023.02.10,해외 자회사에 파견근무 중 발생한 업무상재해도 산재,0,1,0,3,0,0,0,0,0,
2008구합11549,,2008guhap11549,,,,0,0,0,0,0,0,0,1,0,
2008구합11556,,2008guhap11556,,,,0,0,0,0,0,0,0,1,0,
2008구합12382,,2008guhap12382,,,,0,0,0,0,0,0,0,1,0,
2008구합14715,,2008guhap14715,,,,0,0,0,0,0,0,0,1,0,
2008구합15367,,2008guhap15367,,2023.02.11,집행유예를 당연퇴직으로 하는 인사규정은 위법하므로 무효이다,0,1,0,5,0,0,0,0,0,
2008구합15701,,2008guhap15701,,,,0,0,0,0,0,0,0,1,0,
2008구합19611,,2008guhap19611,,,,0,0,0,0,0,0,0,1,0,
2008구합22396,,2008guhap22396,,,,0,0,0,0,0,0,0,1,0,
2008구합24712,,2008guhap24712,,,,0,0,0,0,0,0,0,1,0,
2008구합24743,,2008guhap24743,,2023.02.11,기간제근로자 차별여부에 있어 '동종 또는 유사한 업무'에 대한 판단기준,0,1,0,3,0,0,0,0,0,
2008구합25197,,2008guhap25197,,2023.02.11,해고회피 노력 및 노조와 성실한 협의를 거쳤더라도 해고기준이 불공정한 정리해고는 위법,0,1,0,8,0,0,0,0,0,
2008구합2941,,2008guhap2941,,2023.02.10,연차휴가를 이용한 부적법 쟁의행위에 대해 무단결근 처리 및 임금삭감은 부당노동행위가 아니다,0,1,0,7,0,0,0,0,0,
2008구합32218,,2008guhap32218,,,,0,0,0,0,0,0,0,1,0,
2008구합32744,,2008guhap32744,,2023.02.11,산별노조 지부가 있더라도 새로운 기업별 단위노조를 설립한 것은 복수노조가 아니다.,0,1,0,3,0,0,0,0,0,
2008구합34979,,2008guhap34979,,2023.02.11,재계약 심사를 통해 계약갱신을 거절하려면 사회통념상 상당한 합리적인 이유가 있어야 한다,0,1,0,6,0,0,0,0,0,
2008구합35835,,2008guhap35835,,2023.02.11,근로계약기간이 단지 형식에 불과한 무기계약직에 대한 계약기간 만료통지는 해고이다.,0,1,0,5,0,0,0,0,0,
2008구합46477,,2008guhap46477,,,,0,0,0,0,0,0,0,1,0,
2008구합47494,,2008guhap47494,,2023.02.09,근속승진누락도 구제신청 대상이다,0,1,0,4,0,0,0,0,0,
2008구합48718,,2008guhap48718,,,,0,0,0,0,0,0,0,1,0,
2008나21324,,2008na21324,,2023.02.11,퇴직금으로 매월 지급받은 돈은 통상임금의 일부로 부당이득이 아니다.,0,1,0,4,0,0,0,0,0,
2008나6243,,2008na6243,,,,0,0,0,0,0,0,0,1,0,
2008나6950,,2008na6950,,2023.02.12,파견근로자의 산재사고에 대한 사용사업주와 파견사업주의 손해배상책임 부담 여부,0,1,0,1,0,0,0,0,0,
2008누16430,,2008nu16430,,,,0,0,0,0,0,0,0,1,0,
2008누22787,,2008nu22787,,,,0,0,0,0,0,0,0,1,0,
2008다12408,,2008da12408,대법원,2011.07.28,구상금,1,0,5,0,0,0,1,0,0,
2008다13104,,2008da13104,대법원,2009.05.21,양수금,1,0,3,0,0,0,1,0,0,
2008다13104910,,2008da13104910,,,,0,0,0,0,0,0,0,1,0,
2008다13623,,2008da13623,대법원,2011.01.27,배당이의,1,0,4,0,0,0,1,0,0,
2008다2241,,2008da2241,대법원,2009.03.12,해고무효확인등,1,0,2,0,0,0,0,0,0,
2008다29123,,2008da29123,,2023.02.09,노조활동의 표현물이 일부 과장 왜곡이라도 전체적으로 진실한 것이면 징계사유에 해당하지 않는다,0,2,0,13,0,0,0,0,0,
2008다33399,,2008da33399,,2023.02.10,파업기간 중에 포함된 유급휴일에 대한 임금지급을 청구할 수 없다,0,1,0,4,0,0,0,0,0,
2008다38288,,2008da38288,대법원,2010.04.22,손해배상(기),1,0,17,0,0,0,0,0,0,
2008다40847,,2008da40847,대법원,2008.11.27,손해배상(산),1,0,4,0,0,0,0,0,0,
2008다41666,,2008da41666,대법원,2008.10.09,임금,1,1,3,0,0,0,0,0,1,
2008다41777,,2008da41777,,,,0,0,0,0,0,0,0,1,0,
2008다45101,,2008da45101,,,,0,0,0,0,0,0,0,1,0,
2008다46531,,2008da46531,대법원,2008.11.13,대여금,1,0,2,0,0,0,0,0,0,
2008다49417,,2008da49417,,2023.02.09,재계약을 원하지 않는다는 의사표시를 하거나 재계약 신청을 포기한 것은 당연 퇴직,0,1,0,5,0,0,0,0,0,
2008다57852,,2008da57852,,2024.03.20,포괄임금제의 성립 여부에 관한 판단방법,0,1,0,11,0,2,0,0,0,
2008다6052,,2008da6052,대법원,2010.05.13,임금,1,1,3,0,0,4,0,0,1,
2008다6052287,,2008da6052287,,,,0,0,0,0,0,0,0,1,0,
2008다62724,,2008da62724,,2023.02.11,"인사규정에서 당연퇴직, 징계면직, 직권면직을 규정한 것은 유효하다",0,1,0,4,0,0,0,0,0,
2008다65242,,2008da65242,대법원,2008.12.24,배당이의,1,0,4,0,0,0,0,0,0,
2008다70336,,2008da70336,대법원,2009.02.12,해고무효확인등,1,0,2,0,0,0,2,0,0,
2008다89712,,2008da89712,대법원,2009.02.26,손해배상(기),1,0,4,0,0,0,0,0,0,
2008다9150,,2008da9150,,2023.02.10,퇴직금 매월 분할 지급 계약이 퇴직금을 안주기 위한 목적이라면 반환하지 않아도 된다,0,1,0,6,0,0,0,1,1,
2008도1433,,2008do1433,대법원,2008.07.10,모욕,1,0,3,0,0,0,1,0,0,
2008도2171,,2008do2171,,,,0,0,0,0,0,0,0,1,0,
2008도3435,,2008do3435,,2023.10.07,상당한 노력에 의하여 비밀로 유지된 정보라고 볼 수 없어 영업비밀에 해당하지 않는다고 한 사례,0,1,0,5,0,0,0,0,0,
2008도364,,2008do364,대법원,2008.03.27,근로기준법위반,1,0,2,0,0,0,0,0,0,
2008도4831,,2008do4831,대법원,2008.11.13,노동조합및노동관계조정법위반,1,0,3,0,0,0,0,0,0,
2008도5526,,2008do5526,대법원,2008.10.23,공공기관의개인정보보호에관한법률위반,1,0,2,0,0,0,0,0,0,
2008도5984,,2008do5984,,2024.02.29,‘근로자에 관한 사항에 대하여 사업주를 위하여 행동하는 자’의 의미,0,1,0,4,0,0,0,0,0,
2008도7018,,2008do7018,대법원,2008.11.27,특정경제범죄가중처벌등에관한법률위반(횡령)·특정경제범죄가중처벌등에관한법률위반(사기)·뇌물공여·배임증재·배임수재·상법위반·공전자기록등불실기재·불실기재공전자기록등행사·강요·공갈·신용정보의이용및보호에관한법률위반·통신비밀보호법위반·조세범처벌법위반·뇌물공여의사표시·부동산실권리자명의등기에관한법률위반·횡령·증거변조교사·증거변조·재물손괴·사문서위조·위조사문서행사·무고,1,0,2,0,0,0,1,0,0,
2008도7030,,2008do7030,대법원,2009.05.28,업무상과실치사·산업안전보건법위반,1,0,4,0,0,0,1,0,0,
2008도8280,,2008do8280,,2023.02.11,정기 노사협의회를 개최하지 않는 경우 처벌대상은 사용자의 지위에 있는 의장이다.,0,1,0,3,0,0,0,0,0,
2008두11105,,2008du11105,,,,0,0,0,0,0,0,0,1,0,
2008두11495,,2008du11495,,,,0,0,0,0,0,0,0,1,0,
2008두11693,,2008du11693,대법원,2011.7.28.,,0,0,0,0,0,0,1,1,0,
2008두1191,,2008du1191,대법원,2008.05.29,요양불승인처분취소,1,0,2,0,0,0,0,0,0,
2008두12344,,2008du12344,대법원,2008.11.13.,,0,0,0,0,0,0,1,1,0,
2008두12887,,2008du12887,,,,0,0,0,0,0,0,0,1,0,
2008두13873,,2008du13873,,2023.02.09,비노조원이 되는 '사업주를 위해 행동하는자'와 '사업주의 이익을 대표하여 행동하는자'의 의미,0,1,0,12,0,0,0,0,0,
2008두13873519,,2008du13873519,,,,0,0,0,0,0,0,0,1,0,
2008두13873527,,2008du13873527,,,,0,0,0,0,0,0,0,1,0,
2008두13972,,2008du13972,대법원,2011.01.27,부당해고 구제 재심 판정취소,1,0,2,0,0,0,0,0,0,
2008두1566,,2008du1566,대법원,2008.05.15,유족급여및장의비부지급처분취소,1,0,2,0,0,0,0,0,0,
2008두16094,,2008du16094,,,,0,0,0,0,0,0,0,1,0,
2008두16346,,2008du16346,,,,0,0,0,0,0,0,0,1,0,
2008두16711,,2008du16711,,,,0,0,0,0,0,0,0,1,0,
2008두17066,,2008du17066,,,,0,0,0,0,0,0,0,1,0,
2008두18397,,2008du18397,,,,0,0,0,0,0,0,0,1,0,
2008두20444,,2008du20444,,2023.02.10,국민연금 보험료를 임의로 납부하지 않을 권리는 없다.,0,1,0,5,0,0,0,0,0,
2008두2088,,2008du2088,대법원,2009.03.12,부당해고및부당노동행위구제재심판정취소,1,0,2,0,0,0,2,0,0,
2008두22136,,2008du22136,대법원,2009.12.10,부당승무정지구제재심판정취소,1,0,3,0,0,0,1,0,0,
2008두22211,,2008du22211,대법원,2009.04.09,부당해고및부당노동행위구제재심판정취소,1,1,3,0,0,0,0,0,1,
2008두23948,,2008du23948,,,,0,0,0,0,0,0,0,1,0,
2008두2484,,2008du2484,,2023.02.12,인사규정의 징계시효기간에 관한 규정의 취지와 그 기간의 기산점,0,1,0,4,0,0,0,0,0,
2008두3678,,2008du3678,,,,0,0,0,0,0,0,0,1,0,
2008두3821,,2008du3821,,,,0,0,0,0,0,0,0,1,0,
2008두4367,,2008du4367,대법원,2010.07.22,부당해고및부당노동행위구제재심판정취소,1,0,4,0,0,0,2,0,0,
2008두4923,,2008du4923,,,,0,0,0,0,0,0,0,1,0,
2008두7663,,2008du7663,,,,0,0,0,0,0,0,0,1,0,
2008두8024,,2008du8024,대법원,2009.08.20,중재재정해석결정취소,1,0,5,0,0,0,0,0,0,
2008두8024786,,2008du8024786,,,,0,0,0,0,0,0,0,1,0,
2008두9935,,2008du9935,,,,0,0,0,0,0,0,0,1,0,
2008카합3466,,2008kahap3466,,,,0,0,0,0,0,0,0,1,0,
2008헌마477,,2008heonma477,헌법재판소,2011.08.30,최저임금법 제6조 제5항 위헌확인,1,0,5,0,0,0,0,0,0,
2009가단421267,,2009gadan421267,,,,0,0,0,0,0,0,0,1,0,
2009가단44581,,2009gadan44581,,,,0,0,0,0,0,0,0,1,0,
2009가합13699,,2009gahap13699,,2023.02.08,노동조합의 안전운행 투쟁과 파업에 대한 손해배상책임을 부정한 사례,0,1,0,2,0,0,0,0,0,
2009가합13699704,,2009gahap13699704,,,,0,0,0,0,0,0,0,1,0,
2009가합1761,,2009gahap1761,청주지법,2010.04.21,부당이득금반환,1,0,6,0,0,0,0,0,0,
2009구합14491,,2009guhap14491,,,,0,0,0,0,0,0,0,1,0,
2009구합17100,,2009guhap17100,,,,0,0,0,0,0,0,0,1,0,
2009구합25415,,2009guhap25415,,,,0,0,0,0,0,0,0,1,0,
2009구합2932,,2009guhap2932,,2023.02.10,해고된 근로자도 회사의 도산시 체당금 지급대상에 포함된다.,0,1,0,5,0,0,0,0,0,
2009구합31878,,2009guhap31878,,,,0,0,0,0,0,0,0,1,0,
2009구합37395,,2009guhap37395,,,,0,0,0,0,0,0,0,1,0,
2009구합40193,,2009guhap40193,,,,0,0,0,0,0,0,0,1,0,
2009구합52844,,2009guhap52844,,,,0,0,0,0,0,0,0,1,0,
2009구합55126,,2009guhap55126,,,,0,0,0,0,0,0,0,1,0,
2009누11531,,2009nu11531,,,,0,0,0,0,0,0,0,1,0,
2009누14974,,2009nu14974,,,,0,0,0,0,0,0,0,1,0,
2009누1619,,2009nu1619,,,,0,0,0,0,0,0,0,1,0,
2009누20849,,2009nu20849,,,,0,0,0,0,0,0,0,1,0,
2009누29303,,2009nu29303,,,,0,0,0,0,0,0,0,1,0,
2009누3189,,2009nu3189,,,,0,0,0,0,0,0,0,1,0,
2009누33807,,2009nu33807,,,,0,0,0,0,0,0,0,1,0,
2009누5963,,2009nu5963,,,,0,0,0,0,0,0,0,1,0,
2009누7198,,2009nu7198,,,,0,0,0,0,0,0,0,1,0,
2009누8801,,2009nu8801,,,,0,0,0,0,0,0,0,1,0,
2009누8849,,2009nu8849,,,,0,0,0,0,0,0,0,1,0,
2009누9606,,2009nu9606,,,,0,0,0,0,0,0,0,1,0,
2009다102452,,2009da102452,대법원,2011.10.13,임금등,1,0,5,0,0,0,1,0,0,
2009다102452678,,2009da102452678,,,,0,0,0,0,0,0,0,1,0,
2009다2545,,2009da2545,대법원,2009.05.14,손해배상(기),1,0,2,0,0,0,0,0,0,
2009다32362,,2009da32362,대법원,2010.01.28,임금등,1,1,5,0,0,0,0,0,1,
2009다32362158,,2009da32362158,,,,0,0,0,0,0,0,0,1,0,
2009다32522,,2009da32522,대법원,2010.01.28,종업원지위확인·종업원지위,1,0,2,0,0,0,1,0,0,
2009다35040,,2009da35040,대법원,2011.04.14,퇴직금,1,0,2,0,0,0,0,0,0,
2009다35040493,,2009da35040493,,,,0,0,0,0,0,0,0,1,0,
2009다37923,,2009da37923,,2023.02.09,직원들을 모집하여 교육·관리하고 그 직원들의 판매실적에 따라 수수료를 지급받는다면 근로자가 아니다,0,1,0,6,0,0,0,0,0,
2009다49377,,2009da49377,대법원,2009.11.12,정년확인,1,0,2,0,0,0,1,0,0,
2009다50308,,2009da50308,대법원,2010.07.15,부당이득금반환,1,0,6,0,0,0,1,0,0,
2009다51158,,2009da51158,대법원,2009.12.10,임금,1,1,3,0,0,0,0,0,1,
2009다51158313,,2009da51158313,,,,0,0,0,0,0,0,0,1,0,
2009다51417,,2009da51417,,2023.02.10,기본급 없이 작업량에 따른 성과급만을 지급받은 자(객공)도 근로자이다.,0,1,0,6,0,0,0,0,0,
2009다58364,,2009da58364,,2023.02.09,취업규칙 변경이 무효라도 신규채용자는 변경된 취업규칙이 적용된다,0,1,0,6,0,0,0,0,0,
2009다59350,,2009da59350,,2023.09.29,업무상 손해가 발생한 경우 근로자에게 행사할 수 있는 손해배상청구권의 범위,0,1,0,4,0,0,0,0,0,
2009다63205,,2009da63205,대법원,2011.11.10,해고무효확인,1,0,5,0,0,0,3,0,0,
2009다63205452,,2009da63205452,,,,0,0,0,0,0,0,0,1,0,
2009다68941,,2009da68941,대법원,2011.02.10,보증채무금,1,0,4,0,0,0,0,0,0,
2009다6998,,2009da6998,,2023.10.28,위임계약을 맺고 채권추심업무로 성과수수료만을 받는 자가 근로자가 아니라고 본 사례,0,1,0,4,0,0,0,0,0,
2009다74144,,2009da74144,,,,0,0,0,0,0,0,0,1,0,
2009다76317,,2009da76317,,2024.03.19,이미 발생한 임금채권을 조합원 동의나 수권없이 노조가 반납(반환)할 수 없다.,0,1,0,7,0,0,0,0,0,
2009다82244,,2009da82244,대법원,2010.03.11,손해배상(기),1,1,6,0,0,0,0,0,1,
2009다8224495,,2009da8224495,,,,0,0,0,0,0,0,0,1,0,
2009다86246,,2009da86246,대법원,2011.10.13,임금,1,0,7,0,0,0,4,0,0,
2009다86246183,,2009da86246183,,,,0,0,0,0,0,0,0,1,0,
2009다88303,,2009da88303,대법원,2012.05.24,손해배상(기),1,0,5,0,0,0,2,0,0,
2009다97314,,2009da97314,대법원,2010.02.25,부당이득금,1,0,2,0,0,0,0,0,0,
2009다97611,,2009da97611,대법원,2010.06.10,해고무효확인등,1,1,4,0,0,0,0,0,1,
2009다98652,,2009da98652,대법원,2011.04.28,손해배상(기),1,0,5,0,0,0,0,0,0,
2009다98928,,2009da98928,대법원,2010.04.29,구상금,1,0,2,0,0,0,0,0,0,
2009다99396,,2009da99396,대법원,2010.04.15,퇴직금,1,1,5,0,0,0,0,0,1,
2009도12180,,2009do12180,대법원,2010.06.10,노동조합및노동관계조정법위반,1,0,4,0,0,0,0,0,0,
2009도12180753,,2009do12180753,,,,0,0,0,0,0,0,0,1,0,
2009도13833,,2009do13833,대법원,2010.04.15,근로기준법위반,1,1,3,0,0,0,0,0,1,
2009도13833440,,2009do13833440,,,,0,0,0,0,0,0,0,1,0,
2009도14442,,2009do14442,대법원,2011.05.13,통신비밀보호법위반·명예훼손,1,0,8,0,0,0,0,0,0,
2009도2357,,2009do2357,,2023.02.09,연말정산 환급금은 근로기준법의 '그 밖에 일체의 금품'이다,0,1,0,6,0,0,0,0,0,
2009도4299,,2009do4299,,,,0,0,0,0,0,0,0,1,0,
2009도4558,,2009do4558,대법원,2010.11.11,노동조합및노동관계조정법위반,1,0,2,0,0,0,0,0,0,
2009도5008,,2009do5008,대법원,2010.03.11,폭력행위등처벌에관한법률위반(공동주거침입),1,0,3,0,0,0,0,0,0,
2009도5008740,,2009do5008740,,,,0,0,0,0,0,0,0,1,0,
2009도5261,,2009do5261,,,,0,0,0,0,0,0,0,1,0,
2009도7722,,2009do7722,대법원,2010.05.27,사기·근로기준법위반,1,0,2,0,0,0,1,0,0,
2009도7908,,2009do7908,,2023.02.10,"해고를 취소하면, 퇴직금 지급의무는 없다",0,1,0,3,0,0,0,0,0,
2009도8917,,2009do8917,대법원,2012.01.27,업무방해·노동조합및노동관계조정법위반·집회및시위에관한법률위반,1,0,5,0,0,0,0,0,0,
2009도8917732,,2009do8917732,,,,0,0,0,0,0,0,0,1,0,
2009도9347,,2009do9347,,2023.02.10,노조의 전임자 운용권 행사가 권리남용에 해당하는 경우에는 효력이 없다,0,1,0,4,0,0,0,0,0,
2009두12693,,2009du12693,,,,0,0,0,0,0,0,0,1,0,
2009두12952,,2009du12952,,,,0,0,0,0,0,0,0,1,0,
2009두13627,,2009du13627,대법원,2012.01.27,재심판정처분취소,1,0,5,0,0,0,1,0,0,
2009두13627876,,2009du13627876,,,,0,0,0,0,0,0,0,1,0,
2009두1440,,2009du1440,대법원,2009.08.20,요양불승인처분취소,1,1,3,0,0,0,0,0,1,
2009두14682,,2009du14682,대법원,2011.9.8.,,0,0,0,0,0,0,1,1,0,
2009두15051,,2009du15051,,,,0,0,0,0,0,0,0,1,0,
2009두15401,,2009du15401,,,,0,0,0,0,0,0,0,1,0,
2009두157,,2009du157,대법원,2009.05.14,유족급여및장의비부지급처분취소,1,1,3,0,0,0,0,0,1,
2009두15838,,2009du15838,,,,0,0,0,0,0,0,0,1,0,
2009두15951,,2009du15951,,2023.10.09,전직원이 책임지는 모습을 보이기 위해 형식상으로 제출한 사직서를 수리한 것은 해고에 해당한다,0,1,0,5,0,0,0,0,0,
2009두16398,,2009du16398,,,,0,0,0,0,0,0,0,1,0,
2009두16763,,2009du16763,대법원,2012.07.05,부당해고및부당노동행위구제재심판정취소,1,1,5,0,0,0,0,0,1,
2009두16763109,,2009du16763109,,,,0,0,0,0,0,0,0,1,0,
2009두18509,,2009du18509,,,,0,0,0,0,0,0,0,1,0,
2009두19274,,2009du19274,,2010.07.18,평균임금 산정시 임금실태조사보고서의 기준시기,0,1,0,3,0,0,0,0,0,
2009두19595,,2009du19595,,,,0,0,0,0,0,0,0,1,0,
2009두20977,,2009du20977,,,,0,0,0,0,0,0,0,1,0,
2009두2238,,2009du2238,대법원,2009.05.28,부당해고구제재심판정취소,1,1,3,0,0,0,0,0,1,
2009두2238150,,2009du2238150,,,,0,0,0,0,0,0,0,1,0,
2009두22829,,2009du22829,,,,0,0,0,0,0,0,0,1,0,
2009두2665,,2009du2665,대법원,2011.07.28,재심판정취소,1,0,6,0,0,0,0,0,0,
2009두28051,,2009du28051,,,,0,0,0,0,0,0,0,1,0,
2009두3354,,2009du3354,,,,0,0,0,0,0,0,0,1,0,
2009두3897,,2009du3897,,,,0,0,0,0,0,0,0,1,0,
2009두4180,,2009du4180,,,,0,0,0,0,0,0,0,1,0,
2009두5374,,2009du5374,대법원,2011.07.28,부당 해고 및 부당 노동 행위 구제 재심판정 취소,1,0,3,0,0,0,0,0,0,
2009두5794,,2009du5794,대법원,2010.01.28,유족급여및장의비부지급처분취소,1,0,2,0,0,0,0,0,0,
2009두6063,,2009du6063,,,,0,0,0,0,0,0,0,1,0,
2009두6186,,2009du6186,대법원,2009.07.09,요양불승인처분취소,1,0,2,0,0,0,0,0,0,
2009두6520,,2009du6520,,,,0,0,0,0,0,0,0,1,0,
2009두6605,,2009du6605,대법원,2010.01.14,부당해고및부당노동행위구제재심판정취소,1,1,3,0,0,0,0,0,1,
2009두6605361,,2009du6605361,,,,0,0,0,0,0,0,0,1,0,
2009두7332,,2009du7332,대법원,2009.09.10,재요양연기단축승인(일부불승인)처분취소,1,0,3,0,0,0,0,0,0,
2009두7790,,2009du7790,대법원,2011.07.28,부당해고구제재심판정취소,1,0,4,0,0,0,0,0,0,
2009두77908,,2009du77908,,,,0,0,0,0,0,0,0,1,0,
2009두9574,,2009du9574,대법원,2011.07.28,부당 노동 행위 구제 재심 판정 취소,1,0,3,0,0,0,0,0,0,
2009두9574792,,2009du9574792,,,,0,0,0,0,0,0,0,1,0,
2009두9765,,2009du9765,,,,0,0,0,0,0,0,0,1,0,
2009두9789,,2009du9789,,2024.03.06,기간제 근로계약에서 계약갱신 기대권이 인정되지 않은 경우,0,1,0,7,0,0,0,0,0,
2009두9796,,2009du9796,,,,0,0,0,0,0,0,0,1,0,
2009두9796394,,2009du9796394,,,,0,0,0,0,0,0,0,1,0,
2009헌마408,,2009heonma408,헌법재판소,2011.07.28,근로기준법 제34조 등 위헌확인,1,0,5,0,0,0,1,0,0,
2009헌바168,,2009heonba168,헌법재판소,2010.04.29,형법 제314조 제1항 위헌소원,1,0,4,0,0,0,0,0,0,
2009헌바168708,,2009heonba168708,,,,0,0,0,0,0,0,0,1,0,
2010가합10588,,2010gahap10588,서울동부지법,2010.11.25,경업금지등,1,0,3,0,0,0,0,0,0,
2010가합161,,2010gahap161,서울동부지법,2010.11.03,위약금,1,0,3,0,0,0,0,0,0,
2010가합4196,,2010gahap4196,,2023.02.08,계속적 정기적으로 지급된 능률성과급은 임금에 해당한다,0,1,0,8,0,0,0,0,0,
2010고단478,,2010godan478,,2023.02.09,개별적인 작업거부는 업무방해죄의 ‘위력’에 해당하지 않는다.,0,1,0,4,0,0,0,0,0,
2010구합11269,,2010guhap11269,,2023.02.10,이메일 해고통지는 서면에 의한 해고통지가 아니다,0,1,0,3,0,0,0,0,0,
2010구합15247,,2010guhap15247,,,,0,0,0,0,0,0,0,1,0,
2010구합18024,,2010guhap18024,,,,0,0,0,0,0,0,0,1,0,
2010구합27646,,2010guhap27646,,,,0,0,0,0,0,0,0,1,0,
2010구합2807,,2010guhap2807,,,,0,0,0,0,0,0,0,1,0,
2010구합29802,,2010guhap29802,,,,0,0,0,0,0,0,0,1,0,
2010구합31195,,2010guhap31195,,,,0,0,0,0,0,0,0,1,0,
2010구합31270,,2010guhap31270,,,,0,0,0,0,0,0,0,1,0,
2010구합32587,,2010guhap32587,,,,0,0,0,0,0,0,0,1,0,
2010구합37056,,2010guhap37056,,,,0,0,0,0,0,0,0,1,0,
2010구합39887,,2010guhap39887,,,,0,0,0,0,0,0,0,1,0,
2010구합40571,,2010guhap40571,,,,0,0,0,0,0,0,0,1,0,
2010구합42263,,2010guhap42263,,,,0,0,0,0,0,0,0,1,0,
2010구합8287,,2010guhap8287,,,,0,0,0,0,0,0,0,1,0,
2010나1675,,2010na1675,,,,0,0,0,0,0,0,0,1,0,
2010나32339,,2010na32339,,,,0,0,0,0,0,0,0,1,0,
2010나68215,,2010na68215,,,,0,0,0,0,0,0,0,1,0,
2010나71280,,2010na71280,,,,0,0,0,0,0,0,0,1,0,
2010누11674,,2010nu11674,,,,0,0,0,0,0,0,0,1,0,
2010누1356,,2010nu1356,,,,0,0,0,0,0,0,0,1,0,
2010누15577,,2010nu15577,,,,0,0,0,0,0,0,0,1,0,
2010누18552,,2010nu18552,,,,0,0,0,0,0,0,0,1,0,
2010누19845,,2010nu19845,,,,0,0,0,0,0,0,0,1,0,
2010누21794,,2010nu21794,서울고등법원,2011.01.27,차별시정판정등취소,1,0,0,0,0,0,0,0,0,원장미수록(섹션없음)
2010누26164,,2010nu26164,,,,0,0,0,0,0,0,0,1,0,
2010누32800,,2010nu32800,,,,0,0,0,0,0,0,0,1,0,
2010누41781,,2010nu41781,,,,0,0,0,0,0,0,0,1,0,
2010누5020,,2010nu5020,,,,0,0,0,0,0,0,0,1,0,
2010누6139,,2010nu6139,,,,0,0,0,0,0,0,0,1,0,
2010누7804,,2010nu7804,,,,0,0,0,0,0,0,0,1,0,
2010다100919,,2010da100919,대법원,2012.01.27,해고무효확인등,1,0,5,0,0,0,2,0,0,
2010다100919363,,2010da100919363,,,,0,0,0,0,0,0,0,1,0,
2010다100919382,,2010da100919382,,,,0,0,0,0,0,0,0,1,0,
2010다101011,,2010da101011,대법원,2013.03.14,임금,1,1,4,0,0,0,0,0,1,
2010다10101172,,2010da10101172,,,,0,0,0,0,0,0,0,1,0,
2010다106054,,2010da106054,대법원,2011.08.18,임금,1,0,4,0,0,0,0,0,0,
2010다106436,,2010da106436,대법원,2015.02.26,근로자지위확인,1,0,4,0,0,0,0,0,0,
2010다106436864,,2010da106436864,,,,0,0,0,0,0,0,0,1,0,
2010다109107,,2010da109107,,,,0,0,0,0,0,0,0,1,0,
2010다111757,,2010da111757,,,,0,0,0,0,0,1,0,0,0,
2010다13282,,2010da13282,대법원,2011.03.10,손해배상(기),1,0,6,0,0,0,1,0,0,
2010다13282477,,2010da13282477,,,,0,0,0,0,0,0,0,1,0,
2010다17468,,2010da17468,대법원,2012.06.28,임금,1,0,2,0,0,0,1,0,0,
2010다2196,,2010da2196,,,,0,0,0,0,0,0,0,1,0,
2010다21962,,2010da21962,대법원,2011.03.24,해고등무효확인,1,1,5,0,0,0,0,0,1,
2010다2196370,,2010da2196370,,,,0,0,0,0,0,0,0,1,0,
2010다2428,,2010da2428,대법원,2010.07.15,채무부존재확인·손해배상(자),1,0,3,0,0,0,0,0,0,
2010다24534,,2010da24534,대법원,2014.04.24,손해배상(기),1,0,2,0,0,0,0,0,0,
2010다24534606,,2010da24534606,,,,0,0,0,0,0,0,0,1,0,
2010다25698,,2010da25698,대법원,2011.01.27,청구이의,1,0,3,0,0,0,0,0,0,
2010다25698231,,2010da25698231,,,,0,0,0,0,0,0,0,1,0,
2010다33279,,2010da33279,,,,0,0,0,0,0,0,0,1,0,
2010다33279448,,2010da33279448,,,,0,0,0,0,0,0,0,1,0,
2010다3629,,2010da3629,,,,0,0,0,0,0,0,0,1,0,
2010다3629458,,2010da3629458,,,,0,0,0,0,0,0,0,1,0,
2010다36407,,2010da36407,대법원,2010.10.14,징계처분무효확인,1,0,3,0,0,0,1,0,0,
2010다3735,,2010da3735,대법원,2012.02.23,임금,1,0,2,0,0,0,1,0,0,
2010다38007,,2010da38007,대법원,2012.06.28,근로자지위확인등,1,0,7,0,0,0,0,0,0,
2010다38007673,,2010da38007673,,,,0,0,0,0,0,0,0,1,0,
2010다41089,,2010da41089,대법원,2010.09.30,해고무효확인등,1,0,2,0,0,0,3,0,0,
2010다42495,,2010da42495,대법원,2011.01.27,분양대금등,1,0,2,0,0,0,0,0,0,
2010다50601,,2010da50601,,2023.02.09,근로자인지 여부를 판단하는 기준과 방법,0,1,0,4,0,0,0,0,0,
2010다52010,,2010da52010,,,,0,0,0,0,0,0,0,1,0,
2010다52010806,,2010da52010806,,,,0,0,0,0,0,0,0,1,0,
2010다52041,,2010da52041,대법원,2013.02.28,전직무효확인등,1,0,2,0,0,0,3,0,0,
2010다52041489,,2010da52041489,,,,0,0,0,0,0,0,0,1,0,
2010다57459,,2010da57459,대법원,2013.06.27,퇴직금,1,0,2,0,0,0,0,0,0,
2010다57978,,2010da57978,,,,0,0,0,0,0,0,0,1,0,
2010다63836,,2010da63836,대법원,2013.03.28,회생담보권조사확정재판이의,1,0,4,0,0,0,0,0,0,
2010다77514,,2010da77514,대법원,2011.03.10,퇴직금,1,1,2,0,0,0,0,0,1,
2010다888880,,2010da888880,,,,0,0,0,0,0,0,0,1,0,
2010다91046,,2010da91046,대법원,2012.03.29,임금,1,1,3,0,0,0,0,0,1,
2010다92148,,2010da92148,대법원,2011.03.24,해고무효확인,1,0,3,0,0,0,0,0,0,
2010다93707,,2010da93707,대법원,2015.02.26,근로자지위확인,1,0,2,0,0,0,1,0,0,
2010다95147,,2010da95147,대법원,2012.10.11,퇴직금등,1,0,2,0,0,0,2,0,0,
2010다95437,,2010da95437,,,,0,0,0,0,0,0,0,1,0,
2010다99279,,2010da99279,대법원,2012.09.27,징계무효확인등,1,1,8,0,0,0,0,0,1,
2010다99279294,,2010da99279294,,,,0,0,0,0,0,0,0,1,0,
2010도10721,,2010do10721,대법원,2011.02.10,노동조합및노동관계조정법위반,1,0,4,0,0,0,0,0,0,
2010도11030,,2010do11030,대법원,2011.01.27,특수공무집행방해치상(피고인10·16·17·19를제외한나머지피고인들에대하여일부인정된죄명:특수공무집행방해)·폭력행위등처벌에관한법률위반(집단·흉기등퇴거불응)·폭력행위등처벌에관한법률위반(집단·흉기등상해)[피고인16·19를제외한나머지피고인들에대하여일부인정된죄명:폭력행위등처벌에관한법률위반(집단·흉기등폭행)]·폭력행위등처벌에관한법률위반(집단·흉기등체포)·특수체포치상·화염병사용등의처벌에관한법률위반·업무방해·폭력행위등처벌에관한법률위반(집단·흉기등재물손괴등)[피고인6·10에대하여일부인정된죄명:폭력행위등처벌에관한법률위반(공동재물손괴등)]·폭력행위등처벌에관한법률위반(공동재물손괴등)·폭력행위등처벌에관한법률위반(공동상해)·폭력행위등처벌에관한법률위반(공동폭행)·총포·도검·화약류등단속법위반,1,0,10,0,0,0,0,0,0,
2010도11030648,,2010do11030648,,,,0,0,0,0,0,0,0,1,0,
2010도12244,,2010do12244,대법원,2013.11.28,공직선거법위반,1,0,5,0,0,0,0,0,0,
2010도13284,,2010do13284,,2023.02.10,국민연금 근로자 부담분을 원천공제한 뒤 납부하지 않았다면 업무상 횡령,0,1,0,6,0,0,0,0,0,
2010도14693,,2010do14693,대법원,2011.10.27,근로기준법위반(인정된죄명:근로자퇴직급여보장법위반),1,0,5,0,0,0,0,0,0,
2010도3249,,2010do3249,대법원,2010.07.22,노동조합및노동관계조정법위반,1,0,2,0,0,0,0,0,0,
2010도3249561,,2010do3249561,,,,0,0,0,0,0,0,0,1,0,
2010두10181,,2010du10181,,2023.02.09,업무상재해와 출퇴근 행위의 의미,0,1,0,5,0,0,0,0,0,
2010두10273,,2010du10273,,,,0,0,0,0,0,0,0,1,0,
2010두10655,,2010du10655,대법원,2011.12.08,평균임금정정불승인및보험급여차액부지급처분취소,1,0,4,0,0,0,0,0,0,
2010두12682,,2010du12682,대법원,2010.10.28,이행강제금부과처분취소,1,0,3,0,0,0,0,0,0,
2010두12682418,,2010du12682418,,,,0,0,0,0,0,0,0,1,0,
2010두12941,,2010du12941,,,,0,0,0,0,0,0,0,1,0,
2010두12941900,,2010du12941900,,,,0,0,0,0,0,0,0,1,0,
2010두14732,,2010du14732,,,,0,0,0,0,0,0,0,1,0,
2010두15964,,2010du15964,,,,0,0,0,0,0,0,0,1,0,
2010두15964488,,2010du15964488,,,,0,0,0,0,0,0,0,1,0,
2010두17205,,2010du17205,대법원,2011.10.27,부당노동행위구제재심판정취소,1,0,3,0,0,0,0,0,0,
2010두1743,,2010du1743,대법원,2010.05.27,부당해고구제재심판정취소,1,0,2,0,0,0,0,0,0,
2010두184,,2010du184,대법원,2010.04.29,요양불승인처분취소,1,0,4,0,0,0,0,0,0,
2010두18505,,2010du18505,대법원,2012.05.24,간병급여지급 제한 처분 취소,1,0,2,0,0,0,0,0,0,
2010두20362,,2010du20362,대법원,2013.02.15,부당해고및부당정직구제재심판정취소,1,0,4,0,0,0,1,0,0,
2010두20362387,,2010du20362387,,,,0,0,0,0,0,0,0,1,0,
2010두20447,,2010du20447,,,,0,0,0,0,0,0,0,1,0,
2010두20447324,,2010du20447324,,,,0,0,0,0,0,0,0,1,0,
2010두23156,,2010du23156,,,,0,0,0,0,0,0,0,1,0,
2010두23705,,2010du23705,대법원,2011.02.24,요양 불승인 처분 취소,1,0,2,0,0,0,0,0,0,
2010두24128,,2010du24128,대법원,2011.11.10,부당해고구제재심판정취소,1,0,2,0,0,0,0,0,0,
2010두27363,,2010du27363,대법원,2012.06.18,국가유공자요건비해당결정처분,1,0,7,0,0,0,1,0,0,
2010두3237,,2010du3237,대법원,2011.12.22,차별시정재심판정취소,1,0,4,0,0,0,1,0,0,
2010두5097,,2010du5097,대법원,2014.12.11,부당노동행위구제재심판정취소,1,0,2,0,0,0,0,0,0,
2010두5097599,,2010du5097599,,,,0,0,0,0,0,0,0,1,0,
2010두5097935,,2010du5097935,,,,0,0,0,0,0,0,0,1,0,
2010두5141,,2010du5141,대법원,2010.08.19,추가상병불승인처분취소,1,0,3,0,0,0,0,0,0,
2010두5479,,2010du5479,,2023.02.10,"해고가 무효라면, 해고된 근로자도 체당금 청구권이 인정된다.",0,1,0,4,0,0,0,0,0,
2010두7628,,2010du7628,,,,0,0,0,0,0,0,0,1,0,
2010두8225,,2010du8225,,2024.03.06,근로계약 갱신 기대권이 인정되는 상황에서 재계약 갱신을 거절하였다면 부당해고,0,1,0,6,0,0,0,0,0,
2010두8393,,2010du8393,대법원,2010.08.19,유족급여등부지급처분취소,1,0,4,0,0,0,0,0,0,
2010두917,,2010du917,,,,0,0,0,0,0,0,0,1,0,
2010마1193,,2010ma1193,,2023.02.09,복수노조와 단체교섭 및 단체협약 체결,0,1,0,4,0,0,0,0,0,
2010마1193686,,2010ma1193686,,,,0,0,0,0,0,0,0,1,0,
2010카합1360,,2010kahap1360,,,,0,0,0,0,0,0,0,1,0,
2010카합188,,2010kahap188,,,,0,0,0,0,0,0,0,1,0,
2010헌마606,,2010heonma606,헌법재판소,2014.05.29,노동조합 및 노동관계조정법 제24조 제2항 등 위헌확인,1,0,5,0,0,0,0,0,0,
2010헌바385,,2010heonba385,헌법재판소,2011.12.29,노동조합 및 노동관계조정법 제42조의2 등 위헌소원,1,0,4,0,0,0,0,0,0,
2011가단394320,,2011gadan394320,,2023.02.08,통상임금에서 제외키로 한 노사간 합의는 무효,0,1,0,5,0,0,0,0,0,
2011가단79826,,2011gadan79826,,2024.03.20,포괄임금제라도 근로시간 산정이 가능하다면 연장근로수당을 지급해야 한다,0,1,0,9,0,0,0,0,0,
2011가단79866,,2011gadan79866,,,,0,0,0,0,0,0,0,1,0,
2011가합105381,,2011gahap105381,,2023.02.06,[통상임금- 기아차] 근로자측이 상여금과 중식대를 통상임금에 가산하여 추가적인 법정수당의 지급을 구하더라도 회사측에 중대한 경영상 어려움을 초래한다고는 단정할 수 없다고 판시한 사례,0,1,0,15,0,0,0,0,0,
2011가합26325,,2011gahap26325,,,,0,0,0,0,0,0,0,1,0,
2011가합30463,,2011gahap30463,,2023.02.15,통상임금에 포함되는 근로자의 급여는 급여의 성질에 따라 객관적으로 결정된다.,0,1,0,13,0,0,0,0,0,
2011가합3576,,2011gahap3576,,,,0,0,0,0,0,0,0,1,0,
2011가합54650,,2011gahap54650,,2024.03.06,휴직기간(파업기간)을 제외한 기간의 하기휴가비는 지급하여야 한다.,0,1,0,6,0,0,0,0,0,
2011고단1935,,2011godan1935,,2023.02.09,사업주는 근로자가 안전장비를 제대로 착용·사용토록 할 관리·감독의무까지 있다,0,1,0,5,0,0,0,0,0,
2011구합19956,,2011guhap19956,,,,0,0,0,0,0,0,0,1,0,
2011구합20932,,2011guhap20932,,2023.02.09,일시적 실업자 구직중인 자도 노동조합의 주체,0,1,0,4,0,0,0,0,0,
2011구합21324,,2011guhap21324,,,,0,0,0,0,0,0,0,1,0,
2011구합26855,,2011guhap26855,,,,0,0,0,0,0,0,0,1,0,
2011구합29441,,2011guhap29441,,,,0,0,0,0,0,0,0,1,0,
2011구합30182,,2011guhap30182,,,,0,0,0,0,0,0,0,1,0,
2011구합3548,,2011guhap3548,,,,0,0,0,0,0,0,0,1,0,
2011구합37787,,2011guhap37787,,,,0,0,0,0,0,0,0,1,0,
2011구합39776,,2011guhap39776,,,,0,0,0,0,0,0,0,1,0,
2011구합796,,2011guhap796,,2023.02.08,"회사가 설치⋅관리하고 지배⋅관리 시설에서 발생한 업무준비, 합리적 필요적 행위 중 발생한 사고는 산재",0,1,0,3,0,0,0,0,0,
2011나10420,,2011na10420,서울서부지방법원,2012.02.10,임금,1,0,0,0,0,0,0,0,0,원장미수록(섹션없음)
2011나10420612,,2011na10420612,,,,0,0,0,0,0,0,0,1,0,
2011나4408,,2011na4408,,,,0,0,0,0,0,0,0,1,0,
2011나85903,,2011na85903,,,,0,0,0,0,0,0,0,1,0,
2011나94099,,2011na94099,,,,0,0,0,0,0,0,0,1,0,
2011누17286,,2011nu17286,,,,0,0,0,0,0,0,0,1,0,
2011누25120,,2011nu25120,,,,0,0,0,0,0,0,0,1,0,
2011누31842,,2011nu31842,,,,0,0,0,0,0,0,0,1,0,
2011누33275,,2011nu33275,,,,0,0,0,0,0,0,0,1,0,
2011누38980,,2011nu38980,,,,0,0,0,0,0,0,0,1,0,
2011누398,,2011nu398,,,,0,0,0,0,0,0,0,1,0,
2011누411,,2011nu411,,,,0,0,0,0,0,0,0,1,0,
2011누41900,,2011nu41900,,,,0,0,0,0,0,0,0,1,0,
2011누4901,,2011nu4901,,,,0,0,0,0,0,0,0,1,0,
2011누8538,,2011nu8538,,,,0,0,0,0,0,0,0,1,0,
2011다101308,,2011da101308,대법원,2012.03.29,임금등,1,0,4,0,0,0,3,0,0,
2011다101308213,,2011da101308213,,,,0,0,0,0,0,0,0,1,0,
2011다112391,,2011da112391,대법원,2018.06.21,임금등,1,0,10,0,0,0,0,0,0,
2011다20034,,2011da20034,대법원,2012.02.09,임금,1,1,5,0,0,0,0,0,1,
2011다20034473,,2011da20034473,,,,0,0,0,0,0,0,0,1,0,
2011다22061,,2011da22061,,2023.02.10,"근속가산금,급량비,교통보조비,위생수당,위험수당,기말수당,정근수당,체력단련비,명절휴가비는 통상임금에 해당",0,1,0,15,0,0,0,0,0,
2011다23149,,2011da23149,대법원,2011.07.14,임금등,1,2,4,6,0,0,0,0,1,
2011다231491,,2011da231491,,,,0,0,0,0,0,0,0,1,0,
2011다26537,,2011da26537,,,,0,0,0,0,0,0,0,1,0,
2011다36725,,2011da36725,,,,0,0,0,0,0,0,0,1,0,
2011다39946,,2011da39946,대법원,2013.11.28,임금,1,0,5,0,0,0,0,0,0,
2011다39946773,,2011da39946773,,,,0,0,0,0,0,0,0,1,0,
2011다41420,,2011da41420,대법원,2014.11.27,징계무효확인,1,0,3,0,0,0,0,0,0,
2011다42324,,2011da42324,대법원,2011.10.27,퇴직금등,1,1,7,0,0,0,0,0,1,
2011다42324446,,2011da42324446,,,,0,0,0,0,0,0,0,1,0,
2011다42348,,2011da42348,대법원,2013.09.26,손해배상(기),1,0,4,0,0,0,0,0,0,
2011다45217,,2011da45217,대법원,2012.05.10,퇴직금,1,0,4,0,0,0,1,0,0,
2011다4629,,2011da4629,대법원,2013.12.26,임금,1,2,5,6,0,0,0,0,1,
2011다4629294,,2011da4629294,,,,0,0,0,0,0,0,0,1,0,
2011다53638,,2011da53638,대법원,2015.05.28,퇴직금,1,0,2,0,0,0,0,0,0,
2011다60193,,2011da60193,대법원,2013.06.13,해고무효확인,1,0,2,0,0,0,2,0,0,
2011다60247,,2011da60247,대법원,2013.11.28,손해배상(산),1,0,5,0,0,0,2,0,0,
2011다60247102,,2011da60247102,,,,0,0,0,0,0,0,0,1,0,
2011다68777,,2011da68777,대법원,2011.12.08,배당이의,1,1,3,0,0,0,0,0,1,
2011다78804,,2011da78804,대법원,2014.02.13,부당징계무효확인,1,0,5,0,0,0,1,0,0,
2011다78804516,,2011da78804516,,,,0,0,0,0,0,0,0,1,0,
2011다80449,,2011da80449,대법원,2013.11.28,낙찰자지위확인등,1,0,4,0,0,0,1,0,0,
2011다81022,,2011da81022,대법원,2013.01.24,야간근무수당등 임금,1,0,2,0,0,0,1,0,0,
2011다86287,,2011da86287,대법원,2014.02.13,임금,1,0,4,0,0,0,0,0,0,
2011다86287680,,2011da86287680,,,,0,0,0,0,0,0,0,1,0,
2011다93858,,2011da93858,,,,0,0,0,0,0,0,0,1,0,
2011다95519,,2011da95519,대법원,2014.03.13,임금,1,1,3,0,0,0,0,0,1,
2011다95519294,,2011da95519294,,,,0,0,0,0,0,0,0,1,0,
2011도10539,,2011do10539,대법원,2011.11.10,근로기준법 위반·사기·사기미수·사문서위조·위조사문서행사,1,0,2,0,0,0,0,0,0,
2011도12114,,2011do12114,대법원,2014.06.26,근로기준법위반,1,0,2,0,0,0,1,0,0,
2011도15497,,2011do15497,,2023.02.08,파업을 예고한 노조를 상대로 한 사용자측의 설명회가 부당노동행위인지 여부,0,1,0,8,0,0,0,0,0,
2011도15497810,,2011do15497810,,,,0,0,0,0,0,0,0,1,0,
2011도34,,2011do34,,2023.02.08,불법파견인 경우 사용자를 처벌할 수 있다,0,1,0,9,0,0,0,0,0,
2011도393,,2011do393,대법원,2014.11.13,업무방해,1,0,2,0,0,0,0,0,0,
2011도468,,2011do468,대법원,2014.08.20,업무방해,1,0,4,0,0,0,0,0,0,
2011도468765,,2011do468765,,,,0,0,0,0,0,0,0,1,0,
2011도7456,,2011do7456,,,,0,0,0,0,0,0,0,1,0,
2011도9077,,2011do9077,대법원,2012.11.15,근로기준법 위반,1,0,2,0,0,0,0,0,0,
2011두11280,,2011du11280,,,,0,0,0,0,0,0,0,1,0,
2011두11310,,2011du11310,대법원,2012.05.24,부당해고구제재심판정취소,1,0,4,0,0,0,2,0,0,
2011두11310463,,2011du11310463,,,,0,0,0,0,0,0,0,1,0,
2011두11792,,2011du11792,,2023.02.10,중식대와 통근비를 차별하여 지급한 것은 불리한 처우에 해당,0,1,0,7,0,0,0,0,0,
2011두12528,,2011du12528,대법원,2014.02.13,부당해고구제재심판정취소,1,0,4,0,0,0,0,0,0,
2011두13392,,2011du13392,대법원,2017.01.12,단체협약시정명령취소,1,0,3,0,0,0,0,0,0,
2011두13392934,,2011du13392934,,,,0,0,0,0,0,0,0,1,0,
2011두14692,,2011du14692,,,,0,0,0,0,0,0,0,1,0,
2011두15404,,2011du15404,대법원,2013.09.27,노동조합규약시정명령취소,1,0,2,0,0,0,0,0,0,
2011두15404606,,2011du15404606,,,,0,0,0,0,0,0,0,1,0,
2011두15640,,2011du15640,대법원,2011.10.27,장해급여부지급처분취소,1,0,5,0,0,0,0,0,0,
2011두17745,,2011du17745,,,,0,0,0,0,0,0,0,1,0,
2011두17745845,,2011du17745845,,,,0,0,0,0,0,0,0,1,0,
2011두17843,,2011du17843,,,,0,0,0,0,0,0,0,1,0,
2011두20192,,2011du20192,대법원,2011.11.10.,,0,0,0,0,0,0,1,1,0,
2011두20208,,2011du20208,,,,0,0,0,0,0,0,0,1,0,
2011두20406,,2011du20406,,2023.02.07,고용안정협약에 반하는 정리해고의 효력,0,1,0,3,0,0,0,0,0,
2011두20406670,,2011du20406670,,,,0,0,0,0,0,0,0,1,0,
2011두20406672,,2011du20406672,,,,0,0,0,0,0,0,0,1,0,
2011두2132,,2011du2132,대법원,2012.3.29.,,0,0,0,0,0,0,2,1,0,
2011두2170,,2011du2170,대법원,2015.06.24,이행강제금부과처분취소,1,0,3,0,0,0,1,0,0,
2011두2306,,2011du2306,,,,0,0,0,0,0,0,0,1,0,
2011두23061,,2011du23061,,,,0,0,0,0,0,0,0,1,0,
2011두24040,,2011du24040,,,,0,0,0,0,0,0,0,1,0,
2011두24040821,,2011du24040821,,,,0,0,0,0,0,0,0,1,0,
2011두24361,,2011du24361,대법원,2013.02.14,부당해고구제재심판정취소,1,0,2,0,0,0,1,0,0,
2011두24644,,2011du24644,대법원,2012.03.15,유족급여및장의비부지급처분취소,1,0,3,0,0,0,1,0,0,
2011두25166,,2011du25166,,,,0,0,0,0,0,0,0,1,0,
2011두25661,,2011du25661,대법원,2012.02.09,요양불승인처분취소,1,0,2,0,0,0,0,0,0,
2011두25661902,,2011du25661902,,,,0,0,0,0,0,0,0,1,0,
2011두27843,,2011du27843,,,,0,0,0,0,0,0,0,1,0,
2011두28165,,2011du28165,,2023.02.08,근로자가 출퇴근 과정 중 교통수단을 선택할 수 없는 상황에서 발생한 재해의 산재 여부,0,1,0,4,0,0,0,0,0,
2011두29823,,2011du29823,,,,0,0,0,0,0,0,0,1,0,
2011두30069,,2011du30069,대법원,2012.11.29,부당해고등구제재심판정취소,1,0,2,0,0,0,0,0,0,
2011두30069484,,2011du30069484,,,,0,0,0,0,0,0,0,1,0,
2011두31505,,2011du31505,,,,0,0,0,0,0,0,0,1,0,
2011두31505481,,2011du31505481,,,,0,0,0,0,0,0,0,1,0,
2011두32690,,2011du32690,,,,0,0,0,0,0,0,0,1,0,
2011두32898,,2011du32898,대법원,2015.06.11,유족보상금부지급처분취소,1,0,4,0,0,0,1,0,0,
2011두3937,,2011du3937,,,,0,0,0,0,0,0,0,1,0,
2011두3944,,2011du3944,대법원,2011.06.09,유족 급여등 부지급 처분 취소,1,0,2,0,0,0,1,0,0,
2011두3944893,,2011du3944893,,,,0,0,0,0,0,0,0,1,0,
2011두4282,,2011du4282,대법원,2013.12.12,부당전적구제재심판정취소,1,0,4,0,0,0,1,0,0,
2011두4282393,,2011du4282393,,,,0,0,0,0,0,0,0,1,0,
2011두5391,,2011du5391,대법원,2014.11.27,차별시정판정등취소,1,0,5,0,0,0,1,0,0,
2011두5391877,,2011du5391877,,,,0,0,0,0,0,0,0,1,0,
2011두6998,,2011du6998,대법원,2014.04.10,노동조합설립신고반려처분취소,1,0,4,0,0,0,0,0,0,
2011두7045,,2011du7045,대법원,2012.10.25,차별시정재심판정취소,1,1,4,0,0,0,0,0,1,
2011두7076,,2011du7076,,2023.02.09,사내 하도급(사내하청)은 불법 근로자 파견에 해당한다,0,1,0,5,0,0,0,0,0,
2011두7076863,,2011du7076863,,,,0,0,0,0,0,0,0,1,0,
2011두7526,,2011du7526,,,,0,0,0,0,0,0,0,1,0,
2011두921,,2011du921,대법원,2016.12.27,통보처분취소,1,0,6,0,0,0,0,0,0,
2011헌마338,,2011heonma338,,2023.02.08,복수노조 교섭창구 단일화 강제 조항은 위헌이 아니다.,0,1,0,4,0,0,0,0,0,
2011헌마338622,,2011heonma338622,,,,0,0,0,0,0,0,0,1,0,
2011헌바395,,2011heonba395,헌법재판소,2013.07.25,구 파견근로자보호 등에 관한 법률 제43조 제1호 등 위헌소원,1,0,5,0,0,0,2,0,0,
2011헌바53,,2011heonba53,헌법재판소,2012.03.29,노동조합 및 노동관계조정법 제12조 제3항 제1호 위헌소원,1,0,4,0,0,0,0,0,0,
2012가합2732,,2012gahap2732,,2023.02.08,단체협약에서 산재사망 조합원 유족의 고용의무를 정한 것은 무효,0,1,0,6,0,0,0,0,0,
2012가합6991,,2012gahap6991,,2023.02.08,"징계해고시 해고사유가 되는 구체적인 사실, 비위내용을 기재하지 않으면 무효",0,1,0,6,0,0,0,0,0,
2012구합12655,,2012guhap12655,,,,0,0,0,0,0,0,0,1,0,
2012구합12815,,2012guhap12815,,,,0,0,0,0,0,0,0,1,0,
2012구합14637,,2012guhap14637,,,,0,0,0,0,0,0,0,1,0,
2012구합15883,,2012guhap15883,,,,0,0,0,0,0,0,0,1,0,
2012구합23617,,2012guhap23617,,,,0,0,0,0,0,0,0,1,0,
2012구합24344,,2012guhap24344,,,,0,0,0,0,0,0,0,1,0,
2012구합2634,,2012guhap2634,,,,0,0,0,0,0,0,0,1,0,
2012구합270,,2012guhap270,,,,0,0,0,0,0,0,0,1,0,
2012구합28346,,2012guhap28346,,,,0,0,0,0,0,0,0,1,0,
2012구합30738,,2012guhap30738,,,,0,0,0,0,0,0,0,1,0,
2012구합36941,,2012guhap36941,,2023.02.07,문자메시지로 해고통보 한 것은 '해고의 서면통지'를 위반한 것,0,1,0,3,0,0,0,0,0,
2012구합39827,,2012guhap39827,,,,0,0,0,0,0,0,0,1,0,
2012구합41134,,2012guhap41134,,,,0,0,0,0,0,0,0,1,0,
2012구합41455,,2012guhap41455,,,,0,0,0,0,0,0,0,1,0,
2012구합42779,,2012guhap42779,,,,0,0,0,0,0,0,0,1,0,
2012구합5053,,2012guhap5053,,,,0,0,0,0,0,0,0,1,0,
2012구합6933,,2012guhap6933,,,,0,0,0,0,0,0,0,1,0,
2012구합8847,,2012guhap8847,,,,0,0,0,0,0,0,0,1,0,
2012구합884717,,2012guhap884717,,,,0,0,0,0,0,0,0,1,0,
2012나10375,,2012na10375,,,,0,0,0,0,0,0,0,1,0,
2012나21609,,2012na21609,서울고등법원,2014.1.10.,,0,0,0,0,0,0,1,1,0,
2012나23773,,2012na23773,,,,0,0,0,0,0,0,0,1,0,
2012나3198,,2012na3198,,,,0,0,0,0,0,0,0,1,0,
2012나4252,,2012na4252,,,,0,0,0,0,0,0,0,1,0,
2012나55091,,2012na55091,,,,0,0,0,0,0,0,0,1,0,
2012나61324,,2012na61324,,,,0,0,0,0,0,0,0,1,0,
2012나61504,,2012na61504,,2023.02.07,휴일근로시간은 모두 휴일근무시간임과 동시에 초과근무시간에 해당한다,0,1,0,4,0,0,0,0,0,
2012나6377,,2012na6377,,,,0,0,0,0,0,0,0,1,0,
2012나7401,,2012na7401,,,,0,0,0,0,0,0,0,1,0,
2012나92571,,2012na92571,,,,0,0,0,0,0,0,0,1,0,
2012나991,,2012na991,,,,0,0,0,0,0,0,0,1,0,
2012누11777,,2012nu11777,,,,0,0,0,0,0,0,0,1,0,
2012누166,,2012nu166,서울고등법원,2012.8.30.,,0,0,0,0,0,0,1,1,0,
2012누19375,,2012nu19375,서울고등법원,2013.01.17,부당해고구제재심판정취소,1,0,0,0,0,0,0,0,0,원장미수록(섹션없음)
2012누19450,,2012nu19450,,,,0,0,0,0,0,0,0,1,0,
2012누22173,,2012nu22173,,,,0,0,0,0,0,0,0,1,0,
2012누25417,,2012nu25417,,,,0,0,0,0,0,0,0,1,0,
2012누28522,,2012nu28522,,,,0,0,0,0,0,0,0,1,0,
2012누34497,,2012nu34497,,,,0,0,0,0,0,0,0,1,0,
2012누34756,,2012nu34756,,,,0,0,0,0,0,0,0,1,0,
2012누36653,,2012nu36653,,,,0,0,0,0,0,0,0,1,0,
2012누623,,2012nu623,,,,0,0,0,0,0,0,0,1,0,
2012누883,,2012nu883,,,,0,0,0,0,0,0,0,1,0,
2012다105505,,2012da105505,대법원,2013.04.11,임금,1,0,2,0,0,0,1,0,0,
2012다107334,,2012da107334,,,,0,0,0,0,0,0,0,1,0,
2012다10733418,,2012da10733418,,,,0,0,0,0,0,0,0,1,0,
2012다108139,,2012da108139,대법원,2016.6.23.,,0,0,0,0,0,0,2,1,0,
2012다108139874,,2012da108139874,,,,0,0,0,0,0,0,0,1,0,
2012다10959,,2012da10959,대법원,2017.11.09,해고무효확인등,1,0,4,0,0,0,0,0,0,
2012다10980,,2012da10980,,,,0,0,0,0,0,0,0,1,0,
2012다116864,,2012da116864,대법원,2014.12.24,해고무효확인,1,0,2,0,0,0,0,0,0,
2012다116871,,2012da116871,,2023.02.06,정기상여금이 통상임금에 해당하는지와 노사 신의성실의 원칙 위반 여부,0,1,0,5,0,0,0,0,0,
2012다118655,,2012da118655,대법원,2015.6.24.,,0,0,0,0,0,0,1,1,0,
2012다119092,,2012da119092,대법원,2013.12.26,구상금,1,0,3,0,0,0,1,0,0,
2012다119351,,2012da119351,,,,0,0,0,0,0,0,0,1,0,
2012다12870,,2012da12870,대법원,2013.10.11,손해배상,1,1,4,0,0,0,0,0,1,
2012다13491,,2012da13491,,,,0,0,0,0,0,0,0,1,0,
2012다14517,,2012da14517,대법원,2014.11.13,해고무효확인,1,0,2,0,0,0,2,0,0,
2012다16871,,2012da16871,대법원,2014.5.29.,,0,0,0,0,0,0,1,1,0,
2012다17806,,2012da17806,대법원,2016.01.28,해고무효확인등,1,0,2,0,0,0,1,0,0,
2012다17936,,2012da17936,,,,0,0,0,0,0,0,0,1,0,
2012다179368,,2012da179368,,,,0,0,0,0,0,0,0,1,0,
2012다28813,,2012da28813,,,,0,0,0,0,0,0,0,1,0,
2012다31949,,2012da31949,대법원,2012.7.12.,,0,0,0,0,0,0,1,1,0,
2012다32690,,2012da32690,대법원,2015.01.29,임금,1,0,3,0,0,0,0,0,0,
2012다32690611,,2012da32690611,,,,0,0,0,0,0,0,0,1,0,
2012다41045,,2012da41045,,2023.02.08,퇴직금 중간정산 합의가 없었던 일부 기간에 대한 퇴직금청구권 발생시기는 최종 퇴직 시점,0,1,0,7,0,0,0,0,0,
2012다42522,,2012da42522,,,,0,0,0,0,0,0,0,1,0,
2012다43522,,2012da43522,대법원,2015.08.13,보직변경발령무효확인등,1,0,5,0,0,0,0,0,0,
2012다48077,,2012da48077,대법원,2013.04.11,퇴직금지급,1,0,2,0,0,0,0,0,0,
2012다55518,,2012da55518,대법원,2015.06.11,전속계약금등반환[사이닝 보너스 사건],1,0,3,0,0,0,1,0,0,
2012다55518125,,2012da55518125,,,,0,0,0,0,0,0,0,1,0,
2012다62899,,2012da62899,,,,0,0,0,0,0,0,0,1,0,
2012다64833,,2012da64833,대법원,2013.05.09,진료정지처분 무효확인등,1,0,5,0,0,0,0,0,0,
2012다70388,,2012da70388,대법원,2014.10.27,퇴직금,1,0,3,0,0,0,0,0,0,
2012다70388182,,2012da70388182,,,,0,0,0,0,0,0,0,1,0,
2012다71138,,2012da71138,대법원,2015.10.29,임금,1,0,5,0,0,0,1,0,0,
2012다71138309,,2012da71138309,,,,0,0,0,0,0,0,0,1,0,
2012다7138,,2012da7138,,,,0,0,0,0,0,0,0,1,0,
2012다71671,,2012da71671,,,,0,0,0,0,0,0,0,1,0,
2012다77006,,2012da77006,,2023.07.10,퇴직금 분할 약정 효력과 그것이 무효화되기 위한 조건,0,1,0,7,0,0,0,0,0,
2012다78316,,2012da78316,,,,0,0,0,0,0,0,0,1,0,
2012다79149,,2012da79149,대법원,2015.7.9.,,0,0,0,0,0,0,1,1,0,
2012다79439,,2012da79439,,2023.02.07,국가중요시설을 경비하는 용역업체 특수경비원들이 시설주의 관리·감독을 받았다는 사실만으로는 근로자파견관계에 있다고 보기 어렵다,0,1,0,4,0,0,0,0,0,
2012다81609,,2012da81609,대법원,2014.12.24.,,0,0,0,0,0,0,1,1,0,
2012다8239,,2012da8239,대법원,2018.04.26,임금등,1,0,5,0,0,0,0,0,0,
2012다8239566,,2012da8239566,,,,0,0,0,0,0,0,0,1,0,
2012다85335,,2012da85335,대법원,2016.05.24,임금,1,0,3,0,0,0,0,0,0,
2012다85472,,2012da85472,대법원,2015.02.12,임금·손해배상(기)·임금·임금,1,0,2,0,0,0,0,0,0,
2012다89399,,2012da89399,대법원,2013.12.18,퇴직금,1,1,18,0,0,1,0,0,1,
2012다94643,,2012da94643,대법원,2013.12.18,임금,1,0,7,0,0,0,1,0,0,
2012다96120,,2012da96120,대법원,2016.02.19,총회결의무효등,1,0,9,0,0,0,0,0,0,
2012다96120581,,2012da96120581,,,,0,0,0,0,0,0,0,1,0,
2012다96885,,2012da96885,대법원,2016.01.14,임금,1,0,2,0,0,0,0,0,0,
2012다96885611,,2012da96885611,,,,0,0,0,0,0,0,0,1,0,
2012다96922,,2012da96922,대법원,2015.02.26,근로자지위확인등,1,0,2,0,0,0,0,0,0,
2012다98072,,2012da98072,,,,0,0,0,0,0,0,0,1,0,
2012다98225,,2012da98225,대법원,2013.02.28,소유권지분 이전 등기,1,0,2,0,0,0,0,0,0,
2012다98720,,2012da98720,대법원,2014.05.29,해고무효확인등,1,0,2,0,0,0,0,0,0,
2012도1283,,2012do1283,,,,0,0,0,0,0,0,0,1,0,
2012도14654,,2012do14654,,,,0,0,0,0,0,0,0,1,0,
2012도14654765,,2012do14654765,,,,0,0,0,0,0,0,0,1,0,
2012도5385,,2012do5385,,2023.02.08,종속관계에서 자신의 차량을 이용하여 근로를 제공하고 포괄적인 형태의 임금을 받아온 경우 근로자에 해당,0,1,0,6,0,0,0,0,0,
2012도538539,,2012do538539,,,,0,0,0,0,0,0,0,1,0,
2012도5875,,2012do5875,대법원,2013.12.26,근로기준법위반,1,0,5,0,0,0,1,0,0,
2012도6537,,2012do6537,대법원,2013.09.26,근로기준법위반,1,0,2,0,0,0,0,0,0,
2012도8694,,2012do8694,대법원,2012.10.25,근로기준법위반,1,0,4,0,0,0,0,0,0,
2012두10666,,2012du10666,대법원,2015.8.27.,,0,0,0,0,0,0,1,1,0,
2012두11126,,2012du11126,,,,0,0,0,0,0,0,0,1,0,
2012두12266,,2012du12266,,,,0,0,0,0,0,0,0,1,0,
2012두12457,,2012du12457,대법원,2016.01.28,단체협약시정명령취소,1,0,3,0,0,0,0,0,0,
2012두12457816,,2012du12457816,,,,0,0,0,0,0,0,0,1,0,
2012두12808,,2012du12808,,,,0,0,0,0,0,0,0,1,0,
2012두13702,,2012du13702,,,,0,0,0,0,0,0,0,1,0,
2012두13955,,2012du13955,,,,0,0,0,0,0,0,0,1,0,
2012두1402,,2012du1402,대법원,2014.02.13,부당해고구제재심판정취소,1,0,2,0,0,0,0,0,0,
2012두14323,,2012du14323,,,,0,0,0,0,0,0,0,1,0,
2012두18530,,2012du18530,,,,0,0,0,0,0,0,0,1,0,
2012두18585,,2012du18585,대법원,2012.12.26,부당해고구제재심판정취소,1,1,4,0,0,0,0,0,1,
2012두18868,,2012du18868,대법원,2015.1.15.,,0,0,0,0,0,0,1,1,0,
2012두18967,,2012du18967,,,,0,0,0,0,0,0,0,1,0,
2012두20281,,2012du20281,,,,0,0,0,0,0,0,0,1,0,
2012두20991,,2012du20991,대법원,2014.07.10,요양불승인처분취소,1,0,3,0,0,0,1,0,0,
2012두20991905,,2012du20991905,,,,0,0,0,0,0,0,0,1,0,
2012두21369,,2012du21369,,,,0,0,0,0,0,0,0,1,0,
2012두21710,,2012du21710,,,,0,0,0,0,0,0,0,1,0,
2012두21857,,2012du21857,,,,0,0,0,0,0,0,0,1,0,
2012두22003,,2012du22003,대법원,2015.02.26,노동쟁의중재재정재심결정취소,1,0,2,0,0,0,0,0,0,
2012두2207,,2012du2207,대법원,2014.09.24,차별시정재심판정취소,1,0,3,0,0,0,2,0,0,
2012두24214,,2012du24214,대법원,2014.06.12,요양불승인처분취소,1,0,3,0,0,0,0,0,0,
2012두25552,,2012du25552,대법원,2014.10.30,정직처분취소등,1,0,2,0,0,0,1,0,0,
2012두25873,,2012du25873,대법원,2015.05.28,부당해고구제재심판정취소,1,0,3,0,0,0,2,0,0,
2012두26142,,2012du26142,대법원,2015.04.16,장해보상연금개시일자결정처분취소,1,0,5,0,0,0,0,0,0,
2012두28193,,2012du28193,,,,0,0,0,0,0,0,0,1,0,
2012두28913,,2012du28913,,,,0,0,0,0,0,0,0,1,0,
2012두3156,,2012du3156,,,,0,0,0,0,0,0,0,1,0,
2012두3859,,2012du3859,대법원,2012.09.13,장해급여부지급결정처분취소,1,0,4,0,0,0,0,0,0,
2012두4036,,2012du4036,대법원,2012.06.28,부당해고 구제명령 재심판정 취소,1,0,2,0,0,0,0,0,0,
2012두4760,,2012du4760,,,,0,0,0,0,0,0,0,1,0,
2012두4852,,2012du4852,대법원,2014.06.12,복직반려처분취소,1,0,4,0,0,0,0,0,0,
2012두5176,,2012du5176,대법원,2015.03.12,산재보험료부과처분취소소송등,1,0,3,0,0,0,1,0,0,
2012두6063,,2012du6063,대법원,2014.08.26,시정명령취소,1,0,3,0,0,0,0,0,0,
2012두6063559,,2012du6063559,,,,0,0,0,0,0,0,0,1,0,
2012두6957,,2012du6957,,,,0,0,0,0,0,0,0,1,0,
2012두9307,,2012du9307,,,,0,0,0,0,0,0,0,1,0,
2012두9758,,2012du9758,대법원,2016.03.10,부당전직구제재심판정취소,1,0,2,0,0,0,1,0,0,
2012헌마494,,2012heonma494,헌법재판소,2015.06.25,교육공무원법 제29조의3 제4항 등 위헌확인,1,0,4,0,0,0,0,0,0,
2012헌바186,,2012heonba186,,2023.02.07,퇴직금지급의무는 영세사업장에 대한 차별이 아닌다(합헌),0,1,0,6,0,0,0,0,0,
2012헌바382,,2012heonba382,헌법재판소,2014.06.26,산업재해보상보험법 제36조 제7항 등 위헌소원,1,0,6,0,0,0,1,0,0,
2012헌바66,,2012heonba66,헌법재판소,2022.05.26,형법 제314조 제1항 위헌소원,1,0,9,0,0,0,0,0,0,
2012헌바66768,,2012heonba66768,,,,0,0,0,0,0,0,0,1,0,
2013가단5076,,2013gadan5076,,,,0,0,0,0,0,0,0,1,0,
2013가소5258885,,2013gaso5258885,,,,0,0,0,0,0,0,0,1,0,
2013가합15846,,2013gahap15846,,,,0,0,0,0,0,0,0,1,0,
2013가합40082,,2013gahap40082,,,,0,0,0,0,0,0,0,1,0,
2013가합4449,,2013gahap4449,,,,0,0,0,0,0,0,0,1,0,
2013가합4708,,2013gahap4708,,,,0,0,0,0,0,0,0,1,0,
2013가합54583,,2013gahap54583,,,,0,0,0,0,0,0,0,1,0,
2013가합7633,,2013gahap7633,,,,0,0,0,0,0,0,0,1,0,
2013구단10176,,2013gudan10176,,2023.02.06,회식을 마친 직후 빙판길에 미끄러져 다친 사고는 업무상 재해,0,1,0,7,0,0,0,0,0,
2013구합17688,,2013guhap17688,,,,0,0,0,0,0,0,0,1,0,
2013구합22338,,2013guhap22338,,,,0,0,0,0,0,0,0,1,0,
2013구합50678,,2013guhap50678,,2023.02.08,교섭창구 단일화 절차 거부 해태는 부당노동행위,0,1,0,3,0,0,0,0,0,
2013구합54038,,2013guhap54038,,,,0,0,0,0,0,0,0,1,0,
2013구합55406,,2013guhap55406,,,,0,0,0,0,0,0,0,1,0,
2013구합61708,,2013guhap61708,,,,0,0,0,0,0,0,0,1,0,
2013구합79,,2013guhap79,,,,0,0,0,0,0,0,0,1,0,
2013구합9427,,2013guhap9427,,,,0,0,0,0,0,0,0,1,0,
2013나11811,,2013na11811,,,,0,0,0,0,0,0,0,1,0,
2013나2025567,,2013na2025567,,,,0,0,0,0,0,0,0,1,0,
2013나20871,,2013na20871,,,,0,0,0,0,0,0,0,1,0,
2013나25400,,2013na25400,,,,0,0,0,0,0,0,0,1,0,
2013나38222,,2013na38222,,,,0,0,0,0,0,0,0,1,0,
2013나8981,,2013na8981,,,,0,0,0,0,0,0,0,1,0,
2013노865,,2013no865,,2023.02.07,방과후학교 강사는 근로자이다,0,1,0,7,0,0,0,0,0,
2013누15202,,2013nu15202,,,,0,0,0,0,0,0,0,1,0,
2013누18942,,2013nu18942,,,,0,0,0,0,0,0,0,1,0,
2013누19310,,2013nu19310,,,,0,0,0,0,0,0,0,1,0,
2013누2353,,2013nu2353,,,,0,0,0,0,0,0,0,1,0,
2013누26325,,2013nu26325,,,,0,0,0,0,0,0,0,1,0,
2013누27243,,2013nu27243,,,,0,0,0,0,0,0,0,1,0,
2013누27298,,2013nu27298,,,,0,0,0,0,0,0,0,1,0,
2013누29034,,2013nu29034,,,,0,0,0,0,0,0,0,1,0,
2013누46619,,2013nu46619,,,,0,0,0,0,0,0,0,1,0,
2013누53679,,2013nu53679,서울고등법원,2014.11.06,부당해고구제재심판정취소,1,0,0,0,0,0,0,0,0,원장미수록(섹션없음)
2013누7874,,2013nu7874,,,,0,0,0,0,0,0,0,1,0,
2013다10017,,2013da10017,,,,0,0,0,0,0,0,0,1,0,
2013다101425,,2013da101425,대법원,2017.04.07,임금,1,0,6,0,0,0,0,0,0,
2013다101425749,,2013da101425749,,,,0,0,0,0,0,0,0,1,0,
2013다1051,,2013da1051,대법원,2015.10.29,임금지급등,1,0,5,0,0,0,2,0,0,
2013다105163,,2013da105163,,,,0,0,0,0,0,0,0,1,0,
2013다13658,,2013da13658,,,,0,0,0,0,0,0,0,1,0,
2013다14965,,2013da14965,대법원,2015.11.26,근로자지위확인,1,0,4,0,0,0,3,0,0,
2013다14965868,,2013da14965868,,,,0,0,0,0,0,0,0,1,0,
2013다204119,,2013da204119,대법원,2016.09.28,퇴직금,1,0,2,0,0,0,0,0,0,
2013다204119125,,2013da204119125,,,,0,0,0,0,0,0,0,1,0,
2013다205778,,2013da205778,대법원,2017.02.09,손해배상(기),1,0,5,0,0,0,0,0,0,
2013다209039,,2013da209039,대법원,2015.12.23.,,0,0,0,0,0,0,1,1,0,
2013다209039218,,2013da209039218,,,,0,0,0,0,0,0,0,1,0,
2013다210299,,2013da210299,대법원,2013.12.12,부당이득금,1,0,3,0,0,0,0,0,0,
2013다22195,,2013da22195,대법원,2015.6.24.,,0,0,0,0,0,0,1,1,0,
2013다25118,,2013da25118,대법원,2013.08.22,채무부존재확인,1,0,4,0,0,0,0,0,0,
2013다25118904,,2013da25118904,,,,0,0,0,0,0,0,0,1,0,
2013다25194,,2013da25194,대법원,2017.12.22,임금·손해배상(기),1,1,5,0,0,1,0,0,1,
2013다25194108,,2013da25194108,,,,0,0,0,0,0,0,0,1,0,
2013다2672,,2013da2672,대법원,2014.11.27,해고무효확인,1,0,3,0,0,0,1,0,0,
2013다28926,,2013da28926,대법원,2018.06.28,임금(버스운전기사가 버스운행을 마친 후 다음 운행 전까지 대기하는 시간이 근로시간에 해당하는지 문제된 사건),1,0,5,0,0,0,1,0,0,
2013다28926261,,2013da28926261,,,,0,0,0,0,0,0,0,1,0,
2013다36347,,2013da36347,대법원,2014.10.27,체불임금,1,0,3,0,0,0,1,0,0,
2013다38695,,2013da38695,대법원,2015.6.11.,,0,0,0,0,0,0,1,1,0,
2013다4174,,2013da4174,,,,0,0,0,0,0,3,0,0,0,
2013다47583,,2013da47583,대법원,2014.9.25.,,0,0,0,0,0,0,1,1,0,
2013다59333,,2013da59333,대법원,2014.10.27.,,0,0,0,0,0,0,1,1,0,
2013다59333176,,2013da59333176,,,,0,0,0,0,0,0,0,1,0,
2013다60807,,2013da60807,대법원,2018.07.12,임금등,1,0,10,0,0,0,3,0,0,
2013다69385,,2013da69385,대법원,2014.01.16,손해배상(기),1,0,2,0,0,0,2,0,0,
2013다69385104,,2013da69385104,,,,0,0,0,0,0,0,0,1,0,
2013다69705,,2013da69705,대법원,2015.11.26.,,0,0,0,0,0,0,1,1,0,
2013다71180,,2013da71180,대법원,2014.01.23,추심금,1,1,4,0,0,0,0,0,1,
2013다74363,,2013da74363,대법원,2014.08.28,임금등,1,0,3,0,0,0,1,0,0,
2013다74592,,2013da74592,대법원,2016.01.14,임금(직접 고용한 것으로 간주되는 파견근로자의 근로조건 사건),1,0,4,0,0,0,1,0,0,
2013다77805,,2013da77805,대법원,2014.11.13,퇴직금,1,0,3,0,0,0,0,0,0,
2013다84643,,2013da84643,대법원,2016.01.14,단체교섭응낙청구·단체교섭응낙청구,1,0,3,0,0,0,0,0,0,
2013다84643624,,2013da84643624,,,,0,0,0,0,0,0,0,1,0,
2013다84650,,2013da84650,,,,0,0,0,0,0,0,0,1,0,
2013다85189,,2013da85189,,,,0,0,0,0,0,0,0,1,0,
2013다85523,,2013da85523,대법원,2018.06.19,해고무효확인,1,0,4,0,0,0,1,0,0,
2013도13070,,2013do13070,대법원,2015.07.09,산업재해보상보험법위반·공공기관의개인정보보호에관한법률위반,1,0,2,0,0,0,0,0,0,
2013도16404,,2013do16404,대법원,2014.05.16,통신비밀보호법위반,1,0,2,0,0,0,0,0,0,
2013도1959,,2013do1959,대법원,2013.11.28,근로기준법위반,1,0,2,0,0,0,0,0,0,
2013도7896,,2013do7896,대법원,2017.07.11,근로기준법위반·노동조합및노동관계조정법위반,1,0,5,0,0,0,2,0,0,
2013도7896215,,2013do7896215,,,,0,0,0,0,0,0,0,1,0,
2013도7896297,,2013do7896297,,,,0,0,0,0,0,0,0,1,0,
2013도7896749,,2013do7896749,,,,0,0,0,0,0,0,0,1,0,
2013도7896795,,2013do7896795,,,,0,0,0,0,0,0,0,1,0,
2013도8417,,2013do8417,대법원,2015.11.12,근로기준법위반,1,0,5,0,0,0,1,0,0,
2013도875,,2013do875,,,,0,0,0,0,0,0,0,1,0,
2013두1089,,2013du1089,,,,0,0,0,0,0,0,0,1,0,
2013두11031,,2013du11031,대법원,2013.9.12.,,0,0,0,0,0,0,1,1,0,
2013두1119,,2013du1119,,,,0,0,0,0,0,0,0,1,0,
2013두1119769,,2013du1119769,,,,0,0,0,0,0,0,0,1,0,
2013두11789,,2013du11789,,,,0,0,0,0,0,0,0,1,0,
2013두11789601,,2013du11789601,,,,0,0,0,0,0,0,0,1,0,
2013두1232,,2013du1232,대법원,2014.09.04,평균임금정정불승인처분취소,1,0,3,0,0,0,1,0,0,
2013두1232186,,2013du1232186,,,,0,0,0,0,0,0,0,1,0,
2013두13198,,2013du13198,대법원,2013.10.31,부당해고구제재심판정취소,1,0,2,0,0,0,0,0,0,
2013두13471,,2013du13471,,,,0,0,0,0,0,0,0,1,0,
2013두14610,,2013du14610,대법원,2016.08.25,보육수당지급,1,0,4,0,0,0,0,0,0,
2013두16418,,2013du16418,,,,0,0,0,0,0,0,0,1,0,
2013두16418740,,2013du16418740,,,,0,0,0,0,0,0,0,1,0,
2013두16647,,2013du16647,,,,0,0,0,0,0,0,0,1,0,
2013두17565,,2013du17565,,,,0,0,0,0,0,0,0,1,0,
2013두19714,,2013du19714,,,,0,0,0,0,0,0,0,1,0,
2013두19714358,,2013du19714358,,,,0,0,0,0,0,0,0,1,0,
2013두20011,,2013du20011,대법원,2019.10.31,공무원지위확인,1,0,5,0,0,0,1,0,0,
2013두2001167,,2013du2001167,,,,0,0,0,0,0,0,0,1,0,
2013두23461,,2013du23461,,,,0,0,0,0,0,0,0,1,0,
2013두23904,,2013du23904,대법원,2014.2.28.,,0,0,0,0,0,0,1,1,0,
2013두24396,,2013du24396,대법원,2016.07.22,부당해고구제재심판정취소,1,0,2,0,0,0,0,0,0,
2013두243967,,2013du243967,,,,0,0,0,0,0,0,0,1,0,
2013두24426,,2013du24426,,,,0,0,0,0,0,0,0,1,0,
2013두24860,,2013du24860,대법원,2015.10.29,요양불승인처분취소,1,2,3,2,0,0,0,0,1,
2013두25276,,2013du25276,대법원,2015.11.12,요양불승인처분취소[회식 음주가 원인인 부상 등의 업무상 재해 사건],1,1,3,0,0,0,0,0,1,
2013두26064,,2013du26064,,,,0,0,0,0,0,0,0,1,0,
2013두26064151,,2013du26064151,,,,0,0,0,0,0,0,0,1,0,
2013두26750,,2013du26750,대법원,2017.03.15,부당해고구제재심판정취소,1,0,4,0,0,0,2,0,0,
2013두3160,,2013du3160,대법원,2016.03.10,단체협약시정명령취소[단체협약 시정명령 사건],1,0,4,0,0,0,0,0,0,
2013두3160690,,2013du3160690,,,,0,0,0,0,0,0,0,1,0,
2013두3351,,2013du3351,대법원,2015.05.28,부당해고구제재심판정취소,1,0,3,0,0,0,1,0,0,
2013두3351379,,2013du3351379,,,,0,0,0,0,0,0,0,1,0,
2013두5845,,2013du5845,대법원,2019.10.31,수당금,1,0,2,0,0,0,0,0,0,
2013두6060,,2013du6060,,,,0,0,0,0,0,0,0,1,0,
2013두802,,2013du802,,,,0,0,0,0,0,0,0,1,0,
2013두8332,,2013du8332,대법원,2014.07.10,재요양휴업급여청구부지급취소,1,0,4,0,0,0,0,0,0,
2013두8561,,2013du8561,,,,0,0,0,0,0,0,0,1,0,
2013므2250,,2013meu2250,대법원,2014.07.16,이혼등,1,0,4,0,0,0,0,0,0,
2013므2250157,,2013meu2250157,,,,0,0,0,0,0,0,0,1,0,
2013카합231,,2013kahap231,,,,0,0,0,0,0,0,0,1,0,
2013헌가12,,2013heonga12,헌법재판소,2014.04.24,근로기준법 제109조 제1항 위헌제청,1,0,5,0,0,0,0,0,0,
2013헌마343,,2013heonma343,헌법재판소,2015.05.28,관공서의 공휴일에 관한 규정 제2조 위헌확인,1,0,4,0,0,0,0,0,0,
2013헌마619,,2013heonma619,헌법재판소,2015.05.28,입법부작위 위헌확인,1,0,5,0,0,0,1,0,0,
2013헌마671,,2013heonma671,헌법재판소,2015.05.28,교원의 노동조합 설립 및 운영 등에 관한 법률 제2조 위헌확인 등,1,0,7,0,0,0,0,0,0,
2013헌바171,,2013heonba171,헌법재판소,2014.05.29,근로기준법 제33조 위헌소원,1,0,3,0,0,0,0,0,0,
2013헌바171491,,2013heonba171491,,,,0,0,0,0,0,0,0,1,0,
2013헌바172,,2013heonba172,헌법재판소,2014.08.28,근로기준법 제56조 위헌소원,1,0,3,0,0,0,1,0,0,
2014가단2058,,2014gadan2058,,,,0,0,0,0,0,0,0,1,0,
2014가단5355819,,2014gadan5355819,,2023.02.06,보험사가 위촉한 대출상담 텔레마케터도 근로자에 해당한다.,0,1,0,5,0,0,0,0,0,
2014가단5356072,,2014gadan5356072,서울중앙지법,2017.03.10,손해배상(산),1,0,4,0,0,0,0,0,0,
2014가합110878,,2014gahap110878,,,,0,0,0,0,0,0,0,1,0,
2014가합20429,,2014gahap20429,,,,0,0,0,0,0,0,0,1,0,
2014가합33869,,2014gahap33869,,,,0,0,0,0,0,0,0,1,0,
2014가합48335,,2014gahap48335,,,,0,0,0,0,0,0,0,1,0,
2014가합543847,,2014gahap543847,,,,0,0,0,0,0,0,0,1,0,
2014가합579273,,2014gahap579273,,,,0,0,0,0,0,0,0,1,0,
2014가합7151,,2014gahap7151,,,,0,0,0,0,0,0,0,1,0,
2014고합207,,2014gohap207,,,,0,0,0,0,0,0,0,1,0,
2014구합100626,,2014guhap100626,,,,0,0,0,0,0,0,0,1,0,
2014구합100862,,2014guhap100862,,,,0,0,0,0,0,0,0,1,0,
2014구합10783,,2014guhap10783,,,,0,0,0,0,0,0,0,1,0,
2014구합14587,,2014guhap14587,,,,0,0,0,0,0,0,0,1,0,
2014구합19322,,2014guhap19322,,,,0,0,0,0,0,0,0,1,0,
2014구합62333,,2014guhap62333,,,,0,0,0,0,0,0,0,1,0,
2014구합63732,,2014guhap63732,,,,0,0,0,0,0,0,0,1,0,
2014구합67086,,2014guhap67086,,,,0,0,0,0,0,0,0,1,0,
2014나11910,,2014na11910,,,,0,0,0,0,0,0,0,1,0,
2014나2045223,,2014na2045223,,,,0,0,0,0,0,0,0,1,0,
2014나46480,,2014na46480,,,,0,0,0,0,0,0,0,1,0,
2014나9327,,2014na9327,,,,0,0,0,0,0,0,0,1,0,
2014누2340,,2014nu2340,,,,0,0,0,0,0,0,0,1,0,
2014누41857,,2014nu41857,,,,0,0,0,0,0,0,0,1,0,
2014누52475,,2014nu52475,,,,0,0,0,0,0,0,0,1,0,
2014누58350,,2014nu58350,,,,0,0,0,0,0,0,0,1,0,
2014다11208,,2014da11208,,,,0,0,0,0,0,0,0,1,0,
2014다11550,,2014da11550,대법원,2016.02.18,교섭대표노동조합지위확인,1,0,3,0,0,0,0,0,0,
2014다11550624,,2014da11550624,,,,0,0,0,0,0,0,0,1,0,
2014다11888,,2014da11888,대법원,2016.01.28,퇴직금등,1,0,3,0,0,0,0,0,0,
2014다12843,,2014da12843,대법원,2014.6.12.,,0,0,0,0,0,0,1,1,0,
2014다13457,,2014da13457,대법원,2017.05.17,해고무효확인등,1,0,2,0,0,0,0,0,0,
2014다1843,,2014da1843,,,,0,0,0,0,0,0,0,1,0,
2014다203045,,2014da203045,대법원,2018.01.24,부당이득금반환,1,0,5,0,0,0,0,0,0,
2014다203045579,,2014da203045579,,,,0,0,0,0,0,0,0,1,0,
2014다204666,,2014da204666,대법원,2016.05.26,구상금,1,0,5,0,0,0,1,0,0,
2014다204666914,,2014da204666914,,,,0,0,0,0,0,0,0,1,0,
2014다20875,,2014da20875,대법원,2014.11.13,해고무효확인등·해고무효확인,1,0,2,0,0,0,0,0,0,
2014다20882,,2014da20882,대법원,2014.11.13.,,0,0,0,0,0,0,1,1,0,
2014다210074,,2014da210074,대법원,2014.09.04,직권면직무효확인등,1,0,2,0,0,0,0,0,0,
2014다211053,,2014da211053,대법원,2016.08.18,해고무효확인,1,0,4,0,0,0,1,0,0,
2014다221074,,2014da221074,,,,0,0,0,0,0,0,0,1,0,
2014다222794,,2014da222794,대법원,2016.7.22.,,0,0,0,0,0,0,1,1,0,
2014다227546,,2014da227546,대법원,2015.2.26.,,0,0,0,0,0,0,1,1,0,
2014다232296,,2014da232296,대법원,2017.05.17,임금,1,1,5,0,0,0,0,0,1,
2014다232296304,,2014da232296304,,,,0,0,0,0,0,0,0,1,0,
2014다232302,,2014da232302,,,,0,0,0,0,0,0,0,1,0,
2014다234971,,2014da234971,,,,0,0,0,0,0,0,0,1,0,
2014다27807,,2014da27807,대법원,2019.04.23,퇴직금,1,0,11,0,0,0,2,0,0,
2014다28305,,2014da28305,대법원,2014.08.26,해고무효확인및임금,1,1,2,0,0,0,0,0,1,
2014다31677,,2014da31677,,,,0,0,0,0,0,0,0,1,0,
2014다41520,,2014da41520,,2020.01.16,휴일근로 판단에 관한 법리 및 휴일근로 여부 판단 사례,0,1,0,0,1,0,0,0,0,
2014다41681,,2014da41681,대법원,2019.07.04,임금,1,0,3,0,0,0,1,0,0,
2014다44376,,2014da44376,대법원,2014.11.27,부당이득금,1,0,5,0,0,0,0,0,0,
2014다44673,,2014da44673,대법원,2018.06.19,임금등,1,0,2,0,0,0,1,0,0,
2014다46969,,2014da46969,대법원,2015.10.29,근로자지위확인등,1,0,2,0,0,0,0,0,0,
2014다49074,,2014da49074,,2024.03.25,통상임금이 최저임금보다 적을 경우 최저임금을 기준으로 곧바로 법정수당을 계산하는 것은 아니다,0,1,0,6,0,0,0,0,0,
2014다5098,,2014da5098,대법원,2016.8.24.,,0,0,0,0,0,0,2,1,0,
2014다5098285,,2014da5098285,,,,0,0,0,0,0,0,0,1,0,
2014다5104,,2014da5104,,,,0,0,0,0,0,0,0,1,0,
2014다52575,,2014da52575,대법원,2015.2.26.,,0,0,0,0,0,0,1,1,0,
2014다5470,,2014da5470,,,,0,0,0,0,0,0,0,1,0,
2014다62749,,2014da62749,대법원,2015.5.28.,,0,0,0,0,0,0,1,1,0,
2014다63087,,2014da63087,대법원,2017.06.19,택시부가세환급금,1,0,5,0,0,0,0,0,0,
2014다63087697,,2014da63087697,,,,0,0,0,0,0,0,0,1,0,
2014다65533,,2014da65533,,,,0,0,0,0,0,0,0,1,0,
2014다65533302,,2014da65533302,,,,0,0,0,0,0,0,0,1,0,
2014다66048,,2014da66048,대법원,2016.12.15.,,0,0,0,0,0,0,1,1,0,
2014다67775,,2014da67775,,,,0,0,0,0,0,0,0,1,0,
2014다74254,,2014da74254,대법원,2017.12.05,임금,1,0,3,0,0,0,1,0,0,
2014다76434,,2014da76434,대법원,2015.7.9.,,0,0,0,0,0,0,1,1,0,
2014다76434447,,2014da76434447,,,,0,0,0,0,0,0,0,1,0,
2014다82354,,2014da82354,,,,0,0,0,0,0,0,0,1,0,
2014다85148,,2014da85148,,,,0,0,0,0,0,0,0,1,0,
2014다87496,,2014da87496,,,,0,0,0,0,0,0,0,1,0,
2014다88161,,2014da88161,대법원,2015.6.11.,,0,0,0,0,0,0,1,1,0,
2014다9632,,2014da9632,대법원,2018.05.30,대기처분무효확인,1,0,5,0,0,0,1,0,0,
2014다9632343,,2014da9632343,,,,0,0,0,0,0,0,0,1,0,
2014도12141,,2014do12141,,,,0,0,0,0,0,0,0,1,0,
2014도12265,,2014do12265,,,,0,0,0,0,0,0,0,1,0,
2014도12753,,2014do12753,대법원,2015.02.12,근로기준법위반·근로자퇴직급여보장법위반,1,0,4,0,0,0,0,0,0,
2014도12753222,,2014do12753222,,,,0,0,0,0,0,0,0,1,0,
2014도15915,,2014do15915,대법원,2015.06.11,근로기준법위반,1,0,2,0,0,0,0,0,0,
2014도211619,,2014do211619,대법원,2017.1.25.,,0,0,0,0,0,0,1,1,0,
2014도3542,,2014do3542,,2023.02.06,원청 사업주는 하도급 근로자에 대해서도 산업보건안전법상 책임이 있다,0,1,0,9,0,0,0,0,0,
2014도4092,,2014do4092,,,,0,0,0,0,0,0,0,1,0,
2014도8873,,2014do8873,,2024.04.16,아무때나 포괄임금제를 적용할 수 없다는 대법원 판례,0,1,0,16,0,4,0,1,1,
2014두10622,,2014du10622,,,,0,0,0,0,0,0,0,1,0,
2014두11137,,2014du11137,대법원,2016.04.28,부당노동행위구제재심판정취소,1,0,5,0,0,0,0,0,0,
2014두12345,,2014du12345,,,,0,0,0,0,0,0,0,1,0,
2014두12598,,2014du12598,대법원,2018.06.15,부당해고및부당노동행위구제재심판정취소·부당해고및부당노동행위구제재심판정취소,1,0,6,0,0,0,0,0,0,
2014두12598511,,2014du12598511,,,,0,0,0,0,0,0,0,1,0,
2014두12598516,,2014du12598516,,,,0,0,0,0,0,0,0,1,0,
2014두12604,,2014du12604,,,,0,0,0,0,0,0,0,1,0,
2014두12765,,2014du12765,대법원,2016.1.28.,,0,0,0,0,0,0,1,1,0,
2014두13867,,2014du13867,,,,0,0,0,0,0,0,0,1,0,
2014두14365,,2014du14365,,,,0,0,0,0,0,0,0,1,0,
2014두3020,,2014du3020,대법원,2019.10.17,임금·임금,1,0,7,0,0,0,0,0,0,
2014두35232,,2014du35232,대법원,2014.05.29,요양불승인처분취소,1,0,3,0,0,0,0,0,0,
2014두35779,,2014du35779,,,,0,0,0,0,0,0,0,1,0,
2014두35799,,2014du35799,대법원,2014.06.26,부당징계구제재심판정취소,1,0,2,0,0,0,1,0,0,
2014두37900,,2014du37900,,,,0,0,0,0,0,0,0,1,0,
2014두38378,,2014du38378,,,,0,0,0,0,0,0,0,1,0,
2014두39890,,2014du39890,,,,0,0,0,0,0,0,0,1,0,
2014두40197,,2014du40197,,,,0,0,0,0,0,0,0,1,0,
2014두40616,,2014du40616,대법원,2015.01.29,제명의결처분무효확인,1,0,3,0,0,0,0,0,0,
2014두42827,,2014du42827,,,,0,0,0,0,0,0,0,1,0,
2014두43288,,2014du43288,대법원,2016.12.01,차별시정재심판정취소[기간제 근로자의 차별시정 사건],1,0,4,0,0,0,2,0,0,
2014두45765,,2014du45765,대법원,2016.11.10,부당해고구제재심판정취소,1,0,5,0,0,0,3,0,0,
2014두46218,,2014du46218,대법원,2015.4.23.,,0,0,0,0,0,0,1,1,0,
2014두47327,,2014du47327,대법원,2016.1.28.,,0,0,0,0,0,0,1,1,0,
2014두4931,,2014du4931,대법원,2014.06.12,부당해고구제재심판정취소,1,0,3,0,0,0,1,0,0,
2014두4931388,,2014du4931388,,,,0,0,0,0,0,0,0,1,0,
2014두724,,2014du724,대법원,2015.01.15,요양급여불승인처분취소,1,0,4,0,0,0,0,0,0,
2014두809,,2014du809,,,,0,0,0,0,0,0,0,1,0,
2014두922,,2014du922,,,,0,0,0,0,0,0,0,1,0,
2014헌가21,,2014heonga21,,,,0,0,0,0,0,0,0,1,0,
2014헌바254,,2014heonba254,,2024.04.16,산재보험 가입 근로자의 통상의 출퇴근 재해를 업무상 재해로 불인정하는 것은 차별,0,1,0,12,0,0,0,0,0,
2014헌바269,,2014heonba269,헌법재판소,2015.06.25,산업재해보상보험법 제37조 제1항 제1호 등 위헌소원,1,0,5,0,0,0,0,0,0,
2014헌바3,,2014heonba3,,2024.04.16,월급근로자로서 6개월 미만자 해고예고 적용예외는 위헌(2014헌바3),0,1,0,6,0,0,0,0,0,
2015가단5324874,,2015gadan5324874,서울중앙지법,2016.07.21,손해배상(기),1,0,4,0,0,0,0,0,0,
2015가합205837,,2015gahap205837,,,,0,0,0,0,0,0,0,1,0,
2015구합3409,,2015guhap3409,,,,0,0,0,0,0,0,0,1,0,
2015구합3423,,2015guhap3423,,,,0,0,0,0,0,0,0,1,0,
2015구합5832,,2015guhap5832,,,,0,0,0,0,0,0,0,1,0,
2015구합63579,,2015guhap63579,,,,0,0,0,0,0,0,0,1,0,
2015구합73392,,2015guhap73392,,,,0,0,0,0,0,0,0,1,0,
2015나11661,,2015na11661,,,,0,0,0,0,0,0,0,1,0,
2015나12436,,2015na12436,,,,0,0,0,0,0,0,0,1,0,
2015나2022593,,2015na2022593,,,,0,0,0,0,0,0,0,1,0,
2015나2046698,,2015na2046698,,,,0,0,0,0,0,0,0,1,0,
2015나2049413,,2015na2049413,,,,0,0,0,0,0,0,0,1,0,
2015나2049413152,,2015na2049413152,,,,0,0,0,0,0,0,0,1,0,
2015나20548420,,2015na20548420,,,,0,0,0,0,0,0,0,1,0,
2015나25909,,2015na25909,,,,0,0,0,0,0,0,0,1,0,
2015나303513,,2015na303513,,,,0,0,0,0,0,0,0,1,0,
2015나305,,2015na305,,,,0,0,0,0,0,0,0,1,0,
2015나5422,,2015na5422,부산고등법원,2017.11.15,임금,1,0,0,0,0,0,0,0,0,원장미수록(섹션없음)
2015나56444,,2015na56444,,,,0,0,0,0,0,0,0,1,0,
2015나8737,,2015na8737,,,,0,0,0,0,0,0,0,1,0,
2015노191,,2015no191,,,,0,0,0,0,0,0,0,1,0,
2015노1996,,2015no1996,,2023.12.18,회사의 포괄임금계약 주장을 인정하지 않는 사례,0,1,0,13,0,0,0,0,0,
2015누10191,,2015nu10191,,,,0,0,0,0,0,0,0,1,0,
2015누10412,,2015nu10412,,,,0,0,0,0,0,0,0,1,0,
2015누11507,,2015nu11507,,,,0,0,0,0,0,0,0,1,0,
2015누41373,,2015nu41373,,,,0,0,0,0,0,0,0,1,0,
2015누71398,,2015nu71398,,,,0,0,0,0,0,0,0,1,0,
2015다14075,,2015da14075,,,,0,0,0,0,0,0,0,1,0,
2015다204762,,2015da204762,대법원,2015.08.19,배당이의,1,0,6,0,0,0,2,0,0,
2015다204762240,,2015da204762240,,,,0,0,0,0,0,0,0,1,0,
2015다20780,,2015da20780,,2020.04.09,통상임금 해당 부정 사례,0,1,0,0,1,0,0,0,0,
2015다209699,,2015da209699,대법원,2018.09.28,취업규칙무효확인,1,0,2,0,0,0,1,0,0,
2015다213568,,2015da213568,대법원,2019.10.17,임금,1,0,2,0,0,0,0,0,0,
2015다217287,,2015da217287,대법원,2019.02.14,임금,1,0,6,0,0,0,1,0,0,
2015다221903,,2015da221903,,,,0,0,0,0,0,0,0,1,0,
2015다221910,,2015da221910,,,,0,0,0,0,0,0,0,1,0,
2015다223862,,2015da223862,,,,0,0,0,0,0,0,0,1,0,
2015다228652,,2015da228652,대법원,2019.4.25.,,0,0,0,0,0,0,1,1,0,
2015다230228,,2015da230228,대법원,2015.12.10,구상금,1,0,2,0,0,0,0,0,0,
2015다232859,,2015da232859,대법원,2017.3.22.,,0,0,0,0,0,0,2,1,0,
2015다233579,,2015da233579,,2020.02.06,포괄임금제 성립 부정 사례,0,1,0,0,1,0,0,0,0,
2015다236578,,2015da236578,,,,0,0,0,0,0,0,0,1,0,
2015다24409,,2015da24409,대법원,2015.9.15.,,0,0,0,0,0,0,1,1,0,
2015다24843,,2015da24843,대법원,2018.04.12,무급휴직무효확인,1,0,2,0,0,0,1,0,0,
2015다252891,,2015da252891,,,,0,0,0,0,0,0,0,1,0,
2015다253986,,2015da253986,,2024.04.16,위탁판매원(야쿠르트 아주머니)는 근로자가 아니다.,0,1,0,7,0,0,0,1,1,
2015다254231,,2015da254231,대법원,2021.02.10,재임용거부무효확인청구[대학교원에 대한 재임용거부처분이 불법행위를 구성함을 이유로 학교법인을 상대로 재산적 손해배상책임 등을 구하는 사건],1,1,6,0,1,0,0,0,1,
2015다254538,,2015da254538,,,,0,0,0,0,0,0,0,1,0,
2015다254873,,2015da254873,대법원,2019.12.24,임금,1,0,6,0,0,0,1,0,0,
2015다44069,,2015da44069,,2020.04.09,통상임금 해당 부정 사례,0,1,0,0,1,0,0,0,0,
2015다5170,,2015da5170,대법원,2016.10.27,해고무효확인등,1,0,11,0,0,0,1,0,0,
2015다51968,,2015da51968,,2023.02.05,이사 등에게 지급하는 퇴직연금도 압류금지채권에 해당한다,0,1,0,6,0,0,0,0,0,
2015다56383,,2015da56383,,,,0,0,0,0,0,0,0,1,0,
2015다59146,,2015da59146,대법원,2017.01.25,퇴직금등,1,0,5,0,0,0,0,0,0,
2015다61415,,2015da61415,,2020.06.25,아시아나항공 통상임금 관련 소송에서 신의칙 적용 인정 사례,0,1,0,0,1,0,0,0,0,
2015다65561,,2015da65561,대법원,2019.06.13,임금,1,0,6,0,0,0,2,0,0,
2015다65561187,,2015da65561187,,,,0,0,0,0,0,0,0,1,0,
2015다66052,,2015da66052,대법원,2019.02.14,임금,1,1,6,0,0,0,0,0,1,
2015다69846,,2015da69846,대법원,2019.06.13,임금,1,0,2,0,0,0,1,0,0,
2015다71917,,2015da71917,,2020.07.09,한국지엠 통상임금 관련 소송에서 신의칙 적용 인정 사례,0,1,0,0,1,0,0,0,0,
2015다73043,,2015da73043,대법원,2020.02.13,임금,1,0,2,0,0,0,0,0,0,
2015다73050,,2015da73050,,2020.03.26,시간급 통상임금 산정 방식,0,1,0,0,1,0,0,0,0,
2015다73067,,2015da73067,대법원,2020.01.22,임금,1,1,9,0,1,0,0,0,1,
2015다75285,,2015da75285,,2020.03.26,시간급 통상임금 산정 방식,0,1,0,0,1,0,0,0,0,
2015다7879,,2015da7879,,,,0,0,0,0,0,0,0,1,0,
2015다8803,,2015da8803,,2020.06.25,포괄임금제 유효성 인정 사례,0,1,0,0,1,0,0,0,0,
2015도11659,,2015do11659,대법원,2016.01.28,파견근로자보호등에관한법률위반·근로기준법위반,1,0,2,0,0,0,0,0,0,
2015도11659112,,2015do11659112,,,,0,0,0,0,0,0,0,1,0,
2015도12632,,2015do12632,,2021.09.16,쟁의행위로 인한 업무방해에 대한 방조죄 성립 여부,0,1,0,0,1,0,0,0,0,
2015도12632451,,2015do12632451,,,,0,0,0,0,0,0,0,1,0,
2015도13909,,2015do13909,대법원,2017.07.11,최저임금법위반·근로기준법위반,1,0,2,0,0,0,0,0,0,
2015도15317,,2015do15317,대법원,2018.04.24,근로기준법위반·근로자퇴직급여보장법위반,1,0,2,0,0,0,0,0,0,
2015도1681,,2015do1681,대법원,2018.1.15.,,0,0,0,0,0,0,1,1,0,
2015도17326,,2015do17326,,,,0,0,0,0,0,0,0,1,0,
2015도17326743,,2015do17326743,,,,0,0,0,0,0,0,0,1,0,
2015도1927,,2015do1927,,2020.09.03,제3자의 사업장에서 진행한 쟁의행위의 정당성 인정 사례,0,1,0,0,1,0,0,0,0,
2015도464,,2015do464,대법원,2018.07.12,산업기술의유출방지및보호에관한법률위반·업무상배임,1,0,6,0,0,0,0,0,0,
2015도5825,,2015do5825,,,,0,0,0,0,0,0,0,1,0,
2015도5825767,,2015do5825767,,,,0,0,0,0,0,0,0,1,0,
2015도6173,,2015do6173,,,,0,0,0,0,0,0,0,1,0,
2015도6326,,2015do6326,,2022.01.13,공인노무사의 변호사법 위반 인정 사례,0,1,0,0,1,0,0,0,0,
2015도6329,,2015do6329,,2022.01.13,공인노무사의 변호사법 위반 인정 사례,0,1,0,0,1,0,0,0,0,
2015도676,,2015do676,대법원,2019.05.10,"최저임금법위반(변경된 취업규칙상 소정근로시간 단축 조항이 탈법행위로 무효인 경우, 사용자의 최저임금법위반죄의 고의 인정 여부에 관한 사건)",1,0,4,0,0,0,1,0,0,
2015도8190,,2015do8190,,2022.12.16,MBC노조 공정방송 확보 목적 파업 정당성 인정 사례,0,1,0,0,1,0,0,0,0,
2015두2011,,2015du2011,,,,0,0,0,0,0,0,0,1,0,
2015두21554,,2015du21554,대법원,2017.1.12.,,0,0,0,0,0,0,1,1,0,
2015두35727,,2015du35727,,,,0,0,0,0,0,0,0,1,0,
2015두36126,,2015du36126,대법원,2015.11.26,부당해고구제재심판정취소,1,0,2,0,0,0,3,0,0,
2015두36157,,2015du36157,대법원,2018.10.12,평균임금정정불승인및보험급여차액부지급처분취소,1,1,5,0,0,0,0,0,1,
2015두36157174,,2015du36157174,,,,0,0,0,0,0,0,0,1,0,
2015두38092,,2015du38092,대법원,2018.10.12,교섭단위분리재심결정취소[방송연기자의 노동조합법상 근로자성 인정 여부가 문제된 사건],1,0,6,0,0,0,0,0,0,
2015두38092512,,2015du38092512,,,,0,0,0,0,0,0,0,1,0,
2015두3867,,2015du3867,대법원,2017.08.29,요양불승인처분취소,1,0,5,0,0,0,0,0,0,
2015두3867900,,2015du3867900,,,,0,0,0,0,0,0,0,1,0,
2015두39361,,2015du39361,대법원,2018.09.13,교섭단위분리결정재심결정취소,1,0,4,0,0,0,0,0,0,
2015두39361628,,2015du39361628,,,,0,0,0,0,0,0,0,1,0,
2015두39897,,2015du39897,대법원,2019.04.25,장해급여부지급처분취소,1,0,6,0,0,0,1,0,0,
2015두41401,,2015du41401,대법원,2015.09.10,부당해고구제재심판정취소,1,0,5,0,0,0,1,0,0,
2015두41401445,,2015du41401445,,,,0,0,0,0,0,0,0,1,0,
2015두41845,,2015du41845,,,,0,0,0,0,0,0,0,1,0,
2015두42541,,2015du42541,,,,0,0,0,0,0,0,0,1,0,
2015두43377,,2015du43377,,,,0,0,0,0,0,0,0,1,0,
2015두44097,,2015du44097,,,,0,0,0,0,0,0,0,1,0,
2015두44493,,2015du44493,대법원,2017.10.12,해고무효확인,1,0,5,0,0,0,1,0,0,
2015두45113,,2015du45113,대법원,2016.04.12,직권면직처분취소,1,0,3,0,0,0,1,0,0,
2015두46321,,2015du46321,대법원,2019.03.14,시간강사료반환처분등무효확인[비전업 시간강사 강사료 차등지급 사건],1,0,7,0,0,0,4,0,0,
2015두4632167,,2015du4632167,,,,0,0,0,0,0,0,0,1,0,
2015두4632169,,2015du4632169,,,,0,0,0,0,0,0,0,1,0,
2015두46550,,2015du46550,대법원,2015.11.26.,,0,0,0,0,0,0,1,1,0,
2015두48136,,2015du48136,대법원,2015.11.27,부당해고구제재심판정취소,1,0,3,0,0,0,2,0,0,
2015두48136137,,2015du48136137,,,,0,0,0,0,0,0,0,1,0,
2015두48976,,2015du48976,,2021.06.24,육아휴직급여청구권의 소멸시효 기산점,0,1,0,0,1,0,0,0,0,
2015두49016,,2015du49016,,,,0,0,0,0,0,0,0,1,0,
2015두49122,,2015du49122,,,,0,0,0,0,0,0,0,1,0,
2015두49481,,2015du49481,,2021.06.03,육아휴직급여 청구권의 소멸시효 기산점,0,1,0,0,1,0,0,0,0,
2015두51088,,2015du51088,,,,0,0,0,0,0,0,0,1,0,
2015두51651,,2015du51651,대법원,2017.08.23,육아휴직급여제한및반환ㆍ추가징수처분취소(육아휴직 중 해외 체류 등을 원인으로 한 육아휴직 급여 제한 및 반환처분 등이 적법한지 여부가 다투어진 사건),1,0,5,0,0,0,0,0,0,
2015두52531,,2015du52531,대법원,2019.11.14,해고무효확인,1,0,4,0,0,0,0,0,0,
2015두53237,,2015du53237,,,,0,0,0,0,0,0,0,1,0,
2015두54759,,2015du54759,대법원,2016.11.24,부당해고구제재심판정취소,1,0,2,0,0,0,1,0,0,
2015두55721,,2015du55721,,,,0,0,0,0,0,0,0,1,0,
2015두56144,,2015du56144,,,,0,0,0,0,0,0,0,1,0,
2015두56366,,2015du56366,대법원,2018.11.9.,,0,0,0,0,0,0,1,1,0,
2015두57611,,2015du57611,대법원,2017.11.09,근로자지위확인의소,1,0,5,0,0,0,0,0,0,
2015두57673,,2015du57673,,,,0,0,0,0,0,0,0,1,0,
2015두59907,,2015du59907,대법원,2017.10.12,부당해고구제재심판정취소,1,0,4,0,0,0,1,0,0,
2015두776,,2015du776,대법원,2016.12.29,부당정직구제재심판정취소,1,0,2,0,0,0,0,0,0,
2015두776485,,2015du776485,,,,0,0,0,0,0,0,0,1,0,
2015헌바413,,2015heonba413,헌법재판소,2016.11.24,근로기준법 제2조 제1항 제1호 위헌소원,1,0,4,0,0,0,1,0,0,
2016가단505758,,2016gadan505758,,,,0,0,0,0,0,0,0,1,0,
2016가합23386,,2016gahap23386,,,,0,0,0,0,0,0,0,1,0,
2016가합511776,,2016gahap511776,,2023.02.14,정규직과 계약직의 근로조건 체계가 다른 경우 취업규칙 불이익변경에 대한 동의방법,0,1,0,7,0,0,0,0,0,
2016고단863,,2016godan863,,,,0,0,0,0,0,0,0,1,0,
2016구합65121,,2016guhap65121,,,,0,0,0,0,0,0,0,1,0,
2016구합72624,,2016guhap72624,,,,0,0,0,0,0,0,0,1,0,
2016나10826,,2016na10826,,,,0,0,0,0,0,0,0,1,0,
2016나2016215,,2016na2016215,,,,0,0,0,0,0,0,0,1,0,
2016나2036339,,2016na2036339,,,,0,0,0,0,0,0,0,1,0,
2016나2083847,,2016na2083847,,,,0,0,0,0,0,0,0,1,0,
2016나2087702,,2016na2087702,,,,0,0,0,0,0,0,0,1,0,
2016나210391,,2016na210391,,,,0,0,0,0,0,0,0,1,0,
2016나3920,,2016na3920,,,,0,0,0,0,0,0,0,1,0,
2016나54360,,2016na54360,부산고등법원,2017.04.19,해고무효확인,1,0,0,0,0,0,0,0,0,원장미수록(섹션없음)
2016누12637,,2016nu12637,,,,0,0,0,0,0,0,0,1,0,
2016누45280,,2016nu45280,,,,0,0,0,0,0,0,0,1,0,
2016누48234,,2016nu48234,,,,0,0,0,0,0,0,0,1,0,
2016누48234629,,2016nu48234629,,,,0,0,0,0,0,0,0,1,0,
2016누50206,,2016nu50206,서울고등법원,2017.02.08,부당비행정지구제재심판정취소,1,0,0,0,0,0,0,0,0,원장미수록(섹션없음)
2016누51223,,2016nu51223,,,,0,0,0,0,0,0,0,1,0,
2016누62223,,2016nu62223,,,,0,0,0,0,0,0,0,1,0,
2016누67242,,2016nu67242,,,,0,0,0,0,0,0,0,1,0,
2016누79078,,2016nu79078,,,,0,0,0,0,0,0,0,1,0,
2016누79085,,2016nu79085,,,,0,0,0,0,0,0,0,1,0,
2016다10254,,2016da10254,대법원,2016.6.10.,,0,0,0,0,0,0,1,1,0,
2016다10544,,2016da10544,,2021.12.16,통상임금 관련 추가청구의 신의칙 위반 부정 사례,0,1,0,0,1,0,0,0,0,
2016다11226,,2016da11226,대법원,2018.11.29,손해배상(기)등,1,0,2,0,0,0,0,0,0,
2016다11226759,,2016da11226759,,,,0,0,0,0,0,0,0,1,0,
2016다12748,,2016da12748,대법원,2018.11.29,손해배상(기)등,1,0,2,0,0,0,0,0,0,
2016다12748759,,2016da12748759,,,,0,0,0,0,0,0,0,1,0,
2016다13437,,2016da13437,대법원,2020.11.26,우선재고용의무위반등,1,1,7,0,1,0,0,0,1,
2016다15549,,2016da15549,대법원,2017.02.03,부당이득금,1,0,2,0,0,0,0,0,0,
2016다16054,,2016da16054,,2020.08.27,추가지급 여력 판단은 사업부 아닌 법인 전체 재정상황 기준,0,1,0,0,1,0,0,0,0,
2016다200200,,2016da200200,대법원,2021.06.24,약정금,1,1,3,0,0,0,0,0,1,
2016다202,,2016da202,,,,0,0,0,0,0,0,0,1,0,
2016다202947,,2016da202947,대법원,2017.12.22,손해배상(기),1,0,11,0,0,0,0,0,0,
2016다204271,,2016da204271,,,,0,0,0,0,0,0,0,1,0,
2016다205908,,2016da205908,대법원,2018.07.26,손해배상등,1,0,5,0,0,0,0,0,0,
2016다205908609,,2016da205908609,,,,0,0,0,0,0,0,0,1,0,
2016다212166,,2016da212166,,,,0,0,0,0,0,0,0,1,0,
2016다212869,,2016da212869,대법원,2018.09.28,연장근로수당등청구의소·연장근로수당등청구의소·연장근로수당등청구의소·연장근로수당등청구의소,1,0,3,0,0,0,0,0,0,
2016다212876,,2016da212876,,,,0,0,0,0,0,0,0,1,0,
2016다220808,,2016da220808,대법원,2018.04.24,구상금,1,0,2,0,0,0,0,0,0,
2016다228802,,2016da228802,대법원,2018.08.30,퇴직금청구의소,1,0,4,0,0,0,1,0,0,
2016다235480,,2016da235480,,2020.09.03,퇴직금 중간정산의 합의 유효 인정 사례,0,1,0,0,1,0,0,0,0,
2016다236407,,2016da236407,대법원,2020.01.30,임금,1,1,2,0,1,0,0,0,1,
2016다238120,,2016da238120,,,,0,0,0,0,0,0,0,1,0,
2016다239024,,2016da239024,대법원,2020.05.14,근로자지위확인등·근로자지위확인등·근로자지위확인등·근로자지위확인등·근로자지위확인등[원고용주에게 고용되어 피고를 위한 업무를 수행한 근로자들이 피고에 대해 파견근로관계임을 주장하면서 직접고용의무의 이행 및 손해배상 등을 청구하는 사건],1,1,12,0,1,0,0,0,1,
2016다239024868,,2016da239024868,,,,0,0,0,0,0,0,0,1,0,
2016다239031,,2016da239031,,,,0,0,0,0,0,0,0,1,0,
2016다239048,,2016da239048,,,,0,0,0,0,0,0,0,1,0,
2016다239055,,2016da239055,,,,0,0,0,0,0,0,0,1,0,
2016다239062,,2016da239062,,,,0,0,0,0,0,0,0,1,0,
2016다240093,,2016da240093,대법원,2016.12.01,손해배상(기),1,0,2,0,0,0,0,0,0,
2016다240406,,2016da240406,대법원,2018.12.13.,,0,0,0,0,0,0,1,1,0,
2016다241515,,2016da241515,,2020.06.04,주식회사 이사의 보수 결정에 관한 법리,0,1,0,0,1,0,0,0,0,
2016다242884,,2016da242884,,,,0,0,0,0,0,0,0,1,0,
2016다242884380,,2016da242884380,,,,0,0,0,0,0,0,0,1,0,
2016다243078,,2016da243078,대법원,2017.12.13,임금,1,0,2,0,0,2,1,0,0,
2016다243078260,,2016da243078260,,,,0,0,0,0,0,0,0,1,0,
2016다243085,,2016da243085,대법원,2017.12.13,임금,1,0,2,0,0,0,0,0,0,
2016다2451,,2016da2451,대법원,2019.04.18,임금,1,1,11,0,0,0,0,0,1,
2016다2451154,,2016da2451154,,,,0,0,0,0,0,0,0,1,0,
2016다248998,,2016da248998,,2020.08.27,현대기아차 특별채용 단체협약 유효 인정 1심 2심 파기,0,1,0,0,1,0,0,0,0,
2016다249236,,2016da249236,대법원,2017.03.09,정년확인청구(가족관계등록부상 생년월일 정정 허가결정 후 인사기록상 정년퇴직 예정일 변경 요청이 거부된 사건),1,1,5,0,0,0,0,0,1,
2016다254009,,2016da254009,,,,0,0,0,0,0,0,0,1,0,
2016다255910,,2016da255910,대법원,2017.02.03,해고무효확인,1,1,6,0,0,0,0,0,1,
2016다255910421,,2016da255910421,,,,0,0,0,0,0,0,0,1,0,
2016다255941,,2016da255941,대법원,2023.09.21,임금,1,1,6,0,1,0,0,0,1,
2016다264037,,2016da264037,,,,0,0,0,0,0,0,0,1,0,
2016다264037547,,2016da264037547,,,,0,0,0,0,0,0,0,1,0,
2016다26532,,2016da26532,대법원,2017.3.22.,,0,0,0,0,0,0,1,1,0,
2016다26532679,,2016da26532679,,,,0,0,0,0,0,0,0,1,0,
2016다26662,,2016da26662,,2022.11.30,쌍용자동차노조에 대한 경찰청의 손해배상청구 사건,0,1,0,0,1,0,0,0,0,
2016다271226,,2016da271226,대법원,2017.04.27,구상금,1,0,3,0,0,0,1,0,0,
2016다271455,,2016da271455,,2020.07.23,근로자재해보장보험과 산업재해보상보험 사이의 구상관계,0,1,0,0,1,0,0,0,0,
2016다277538,,2016da277538,대법원,2019.04.23,근로자지위확인등,1,0,6,0,0,0,1,0,0,
2016다29890,,2016da29890,,2024.04.16,텔레마케터(전화상담원)의 근로기준법상 근로자성을 인정한 사례,0,1,0,14,0,0,0,0,0,
2016다31272,,2016da31272,대법원,2017.3.30.,,0,0,0,0,0,0,1,1,0,
2016다32193,,2016da32193,대법원,2017.02.15,임금등,1,1,7,0,0,0,0,0,1,
2016다32193662,,2016da32193662,,,,0,0,0,0,0,0,0,1,0,
2016다3386,,2016da3386,,2020.06.25,휴일과 비번일에 관한 법리,0,1,0,0,1,0,0,0,0,
2016다3386280,,2016da3386280,,,,0,0,0,0,0,0,0,1,0,
2016다3850,,2016da3850,,,,0,0,0,0,0,0,0,1,0,
2016다39538,,2016da39538,,,,0,0,0,0,0,0,0,1,0,
2016다39545,,2016da39545,,,,0,0,0,0,0,0,0,1,0,
2016다40439,,2016da40439,,2022.07.28,포스코 협력회사 직원들의 직접고용 의무 인정 사례,0,1,0,0,1,0,0,0,0,
2016다4747,,2016da4747,,2024.03.17,임금인상 소급분은 고정성을 갖추고 있어 통상임금에 해당한다,0,1,0,6,0,0,0,0,0,
2016다48297,,2016da48297,대법원,2018.06.28,임금,1,0,5,0,0,0,1,0,0,
2016다48785,,2016da48785,대법원,2019.08.22,임금등,1,0,6,0,0,0,0,0,0,
2016다48785175,,2016da48785175,,,,0,0,0,0,0,0,0,1,0,
2016다54995,,2016da54995,,,,0,0,0,0,0,0,0,1,0,
2016다56120,,2016da56120,,,,0,0,0,0,0,0,0,1,0,
2016다7647,,2016da7647,대법원,2020.04.29,임금,1,1,2,0,1,0,0,0,1,
2016다7647173,,2016da7647173,,,,0,0,0,0,0,0,0,1,0,
2016다7975,,2016da7975,대법원,2021.12.16,임금,1,1,11,0,0,0,0,0,1,
2016다9261,,2016da9261,대법원,2018.07.11,임금등ㆍ부당이득금반환(이른바 도급제 방식의 근로계약을 체결한 택시운전근로자들이 최저임금법 특례 조항에 따른 최저임금의 지급을 구한 사건),1,0,7,0,0,0,0,0,0,
2016다9704,,2016da9704,대법원,2019.08.14,임금·임금,1,0,5,0,0,0,0,0,0,
2016도1060,,2016do1060,대법원,2016.10.13,근로기준법위반·근로자퇴직급여보장법위반[포괄임금약정에 관한 사건],1,0,3,0,0,0,1,0,0,
2016도1060286,,2016do1060286,,,,0,0,0,0,0,0,0,1,0,
2016도11744,,2016do11744,,2022.06.09,방산업체 쟁의행위 부정 사례,0,1,0,0,1,0,0,0,0,
2016도11847,,2016do11847,,,,0,0,0,0,0,0,0,1,0,
2016도11847923,,2016do11847923,,,,0,0,0,0,0,0,0,1,0,
2016도12876,,2016do12876,,,,0,0,0,0,0,0,0,1,0,
2016도14559,,2016do14559,,2020.04.09,실질적인 고용관계가 없는 경우의 재해방지의무 적용 사례,0,1,0,0,1,0,0,0,0,
2016도14559923,,2016do14559923,,,,0,0,0,0,0,0,0,1,0,
2016도1690,,2016do1690,,,,0,0,0,0,0,0,0,1,0,
2016도18138,,2016do18138,,,,0,0,0,0,0,0,0,1,0,
2016도2446,,2016do2446,,,,0,0,0,0,0,0,0,1,0,
2016도2446811,,2016do2446811,,,,0,0,0,0,0,0,0,1,0,
2016도3048,,2016do3048,,2020.06.11,대체근로 금지 위반행위자의 형사책임에 관한 법리,0,1,0,0,1,0,0,0,0,
2016도3048712,,2016do3048712,,,,0,0,0,0,0,0,0,1,0,
2016도3185,,2016do3185,대법원,2017.07.18,노동조합및노동관계조정법위반,1,0,7,0,0,0,0,0,0,
2016도3185717,,2016do3185717,,,,0,0,0,0,0,0,0,1,0,
2016도8729,,2016do8729,,,,0,0,0,0,0,0,0,1,0,
2016도88,,2016do88,,2021.09.09,노조위원장을 어용으로 지칭한 경우 모욕죄 인정 사례,0,1,0,0,1,0,0,0,0,
2016두1066,,2016du1066,대법원,2017.11.14,요양불승인처분취소,1,0,2,0,0,0,1,0,0,
2016두148,,2016du148,,,,0,0,0,0,0,0,0,1,0,
2016두31272,,2016du31272,대법원,2017.03.30,요양급여부지급처분취소,1,0,3,0,0,0,0,0,0,
2016두31272892,,2016du31272892,,,,0,0,0,0,0,0,0,1,0,
2016두32749,,2016du32749,,,,0,0,0,0,0,0,0,1,0,
2016두32992,,2016du32992,,2020.09.03,전교조에 대한 법외노조 통보는 위법무효,0,1,0,0,1,0,0,0,0,
2016두33278,,2016du33278,대법원,2017.10.26,근로자지위확인의소,1,0,2,0,0,0,0,0,0,
2016두36956,,2016du36956,대법원,2017.10.31,부당노동행위구제재심판정취소,1,0,4,0,0,0,0,0,0,
2016두36956626,,2016du36956626,,,,0,0,0,0,0,0,0,1,0,
2016두38280,,2016du38280,대법원,2016.8.17.,,0,0,0,0,0,0,1,1,0,
2016두41071,,2016du41071,대법원,2020.04.29,요양급여신청반려처분취소[근로자의 업무상 재해 해당 여부 사건],1,1,3,0,1,0,0,0,1,
2016두41224,,2016du41224,대법원,2018.12.27,공정대표의무위반시정재심판정취소,1,0,2,0,0,0,0,0,0,
2016두41224638,,2016du41224638,,,,0,0,0,0,0,0,0,1,0,
2016두41248,,2016du41248,대법원,2018.12.27,공정대표의무위반시정재심판정취소,1,0,2,0,0,0,0,0,0,
2016두41361,,2016du41361,대법원,2019.02.14,교섭요구사실의공고에대한재심결정취소,1,0,2,0,0,0,0,0,0,
2016두42654,,2016du42654,대법원,2019.04.23,공정대표의무위반심판취소,1,0,2,0,0,0,0,0,0,
2016두42654631,,2016du42654631,,,,0,0,0,0,0,0,0,1,0,
2016두47857,,2016du47857,대법원,2019.09.26,차별시정재심판정취소,1,0,5,0,0,0,3,0,0,
2016두47857877,,2016du47857877,,,,0,0,0,0,0,0,0,1,0,
2016두50563,,2016du50563,대법원,2017.02.03,부당해고구제재심판정취소,1,2,2,6,0,0,0,0,1,
2016두50563840,,2016du50563840,,,,0,0,0,0,0,0,0,1,0,
2016두52194,,2016du52194,대법원,2017.06.29,부당해고구제재심판정취소,1,0,2,0,0,0,0,0,0,
2016두52194459,,2016du52194459,,,,0,0,0,0,0,0,0,1,0,
2016두54114,,2016du54114,,2021.06.10,출퇴근재해 개정법 적용시점에 관한 법리,0,1,0,0,1,0,0,0,0,
2016두54589,,2016du54589,대법원,2017.05.30,요양급여불승인처분취소,1,0,4,0,0,0,0,0,0,
2016두559010,,2016du559010,대법원,2019.5.10.,,0,0,0,0,0,0,1,1,0,
2016두55919,,2016du55919,대법원,2017.04.27,유족급여및장의비부지급처분취소(업무상 재해 여부가 문제된 사건),1,0,3,0,0,0,1,0,0,
2016두55919892,,2016du55919892,,,,0,0,0,0,0,0,0,1,0,
2016두56042,,2016du56042,,2020.06.25,집단 괴롭힘 및 따돌림 사유 징계 정당성 인정 사례,0,1,0,0,1,0,0,0,0,
2016두56042377,,2016du56042377,,,,0,0,0,0,0,0,0,1,0,
2016두56134,,2016du56134,대법원,2017.04.28,요양·보험급여결정승인처분취소,1,0,3,0,0,0,1,0,0,
2016두57045,,2016du57045,대법원,2021.04.29,부당해고구제재심판정취소,1,1,3,0,0,0,0,0,1,
2016두57502,,2016du57502,대법원,2017.05.11,유족급여및장의비부지급처분취소,1,0,2,0,0,0,1,0,0,
2016두58840,,2016du58840,대법원,2017.05.31,유족급여및장의비부지급처분취소,1,0,4,0,0,0,1,0,0,
2016두58949,,2016du58949,,,,0,0,0,0,0,0,0,1,0,
2016두58949629,,2016du58949629,,,,0,0,0,0,0,0,0,1,0,
2016두62795,,2016du62795,대법원,2018.06.15,부당해고구제재심판정취소,1,0,2,0,0,0,0,0,0,
2016두62795836,,2016du62795836,,,,0,0,0,0,0,0,0,1,0,
2016두63705,,2016du63705,대법원,2019.10.17,부당해고구제재심판정취소,1,0,3,0,0,0,1,0,0,
2016두64876,,2016du64876,대법원,2021.07.29,부당해고구제재심판정취소,1,0,8,0,0,0,2,0,0,
2016라21261,,2016ra21261,,,,0,0,0,0,0,0,0,1,0,
2016마1630,,2016ma1630,대법원,2017.04.13,경업금지및영업비밀침해금지가처분,1,0,2,0,0,0,0,0,0,
2016마16397,,2016ma16397,,,,0,0,0,0,0,0,0,1,0,
2016헌마404,,2016heonma404,헌법재판소,2017.08.31,공무원수당 등에 관한 규정 제15조 제2항 등 위헌확인,1,0,3,0,0,0,0,0,0,
2016헌바466,,2016heonba466,헌법재판소,2018.01.25,산업재해보상보험법 제6조 단서 위헌소원,1,0,4,0,0,0,0,0,0,
2017가단5217727,,2017gadan5217727,,,,0,0,0,0,0,0,0,1,0,
2017가합298,,2017gahap298,,,,0,0,0,0,0,0,0,1,0,
2017가합507736,,2017gahap507736,서울중앙지법,2018.06.14,임금,1,0,4,0,0,0,0,0,0,
2017가합548478,,2017gahap548478,,,,0,0,0,0,0,0,0,1,0,
2017구합57493,,2017guhap57493,,,,0,0,0,0,0,0,0,1,0,
2017나2025282,,2017na2025282,서울고등법원,2018.12.18,임금,1,0,0,0,0,0,0,0,0,원장미수록(섹션없음)
2017나2043532,,2017na2043532,,,,0,0,0,0,0,0,0,1,0,
2017나28858,,2017na28858,,2023.02.06,일정한 지급주기에 따라 일정액이 확정적으로 지급된 상여금은 통상임금에 해당한다,0,1,0,9,0,0,0,0,0,
2017누12,,2017nu12,,,,0,0,0,0,0,0,0,1,0,
2017누12443,,2017nu12443,,,,0,0,0,0,0,0,0,1,0,
2017다14581,,2017da14581,대법원,2022.10.27,근로자지위확인등·근로자지위확인등·근로자지위확인등·근로자지위확인등·근로자지위확인등·근로자지위확인등·근로자지위확인등·근로자지위확인등,1,1,8,0,1,0,0,0,1,
2017다16778,,2017da16778,대법원,2018.09.13,부당이득금,1,1,5,0,0,0,0,0,1,
2017다17436,,2017da17436,대법원,2019.07.04,손해배상(기)등,1,0,4,0,0,0,0,0,0,
2017다17955,,2017da17955,대법원,2020.04.09,근로자지위확인등의소,1,1,5,0,1,0,0,0,1,
2017다202272,,2017da202272,대법원,2022.03.11,위로금반환,1,1,5,0,1,0,0,0,1,
2017다202272122,,2017da202272122,,,,0,0,0,0,0,0,0,1,0,
2017다204087,,2017da204087,대법원,2021.10.14.,,0,0,0,0,0,0,1,1,0,
2017다206670,,2017da206670,,2020.06.11,공공기관 내부평가급의 통상임금성 부정 사례,0,1,0,0,1,0,0,0,0,
2017다209129,,2017da209129,대법원,2017.5.31.,,0,0,0,0,0,0,1,1,0,
2017다209129152,,2017da209129152,,,,0,0,0,0,0,0,0,1,0,
2017다215728,,2017da215728,,2020.02.06,단체협약의 단체보험 수익자에 관한 조항 해석 사례,0,1,0,0,1,0,0,0,0,
2017다217724,,2017da217724,대법원,2020.03.26,근로에관한소송·근로자지위확인등,1,1,2,0,1,0,0,0,1,
2017다217724865,,2017da217724865,,,,0,0,0,0,0,0,0,1,0,
2017다218642,,2017da218642,대법원,2018.08.30,노동조합사무실제공등,1,0,4,0,0,0,0,0,0,
2017다218642632,,2017da218642632,,,,0,0,0,0,0,0,0,1,0,
2017다219072,,2017da219072,대법원,2019.08.29,근로자지위확인등·근로자지위확인등·근로자지위확인등·근로자지위확인등·근로자지위확인등·근로자지위확인등·근로자지위확인등,1,0,10,0,0,0,2,0,0,
2017다219072864,,2017da219072864,,,,0,0,0,0,0,0,0,1,0,
2017다22315,,2017da22315,,,,0,0,0,0,0,0,0,1,0,
2017다226605,,2017da226605,대법원,2021.02.25,해고무효확인[근로자에 대한 계약종료통지서에 해고사유가 전혀 기재되어 있지 않았던 사건],1,1,4,0,1,0,0,0,1,
2017다227325,,2017da227325,대법원,2017.08.18,징계처분무효확인,1,0,4,0,0,0,0,0,0,
2017다228083,,2017da228083,대법원,2017.11.09,손해배상(기),1,0,8,0,0,0,0,0,0,
2017다231119,,2017da231119,대법원,2017.10.12,구상금[근로복지공단이 산업재해보상보험법에 따라 지급한 보험급여에 기하여 자동차손해배상 보장법상 피해자의 보험자에 대한 위자료청구권을 대위할 수 있는지 문제된 사건],1,0,5,0,0,0,0,0,0,
2017다232020,,2017da232020,,,,0,0,0,0,0,0,0,1,0,
2017다2359,,2017da2359,대법원,2017.12.28,임금,1,0,5,0,0,0,0,0,0,
2017다236718,,2017da236718,,2025.01.09,지급일 현재 재직 조건부 정기상여금은 통상임금 해당,0,1,0,0,1,0,0,0,0,
2017다238004,,2017da238004,,2022.02.11,포괄임금제 해당 여부 판단 사례,0,1,0,0,1,0,0,0,0,
2017다238004287,,2017da238004287,,,,0,0,0,0,0,0,0,1,0,
2017다239984,,2017da239984,대법원,2020.11.26,임금,1,1,5,0,1,0,0,0,1,
2017다239994,,2017da239994,,,,0,0,0,0,0,0,0,1,0,
2017다242867,,2017da242867,대법원,2017.10.26,손해배상(기),1,0,5,0,0,0,1,0,0,
2017다242928,,2017da242928,대법원,2022.09.29,미지급임금청구[택시회사가 운송수입금 전액관리제와 정액급여제를 시행하되 단체협약에 따라 소속 택시기사들의 실제 운송수입금 납부액이 기준 운송수입금액에 미치지 못하면 월 정액급여에서 그 미달액을 공제한 것의 효력 등이 문제된 사건],1,1,8,0,1,0,0,0,1,
2017다257869,,2017da257869,대법원,2019.11.28,해고무효확인,1,0,5,0,0,0,1,0,0,
2017다257869380,,2017da257869380,,,,0,0,0,0,0,0,0,1,0,
2017다257869381,,2017da257869381,,,,0,0,0,0,0,0,0,1,0,
2017다259513,,2017da259513,,2021.03.11,법정수당 추가청구의 신의칙 위반 부정 사례,0,1,0,0,1,0,0,0,0,
2017다261387,,2017da261387,,,,0,0,0,0,0,1,0,1,0,
2017다263192,,2017da263192,,2020.10.29,공정대표의무 위반 여부 판단 사례,0,1,0,0,1,0,0,0,0,
2017다264416,,2017da264416,,,,0,0,0,0,0,0,0,1,0,
2017다269145,,2017da269145,,,,0,0,0,0,0,0,0,1,0,
2017다273663,,2017da273663,,2020.08.20,통상임금의 개념적 징표로서 일률성 및 고정성의 의미,0,1,0,0,1,0,0,0,0,
2017다290613,,2017da290613,,2020.08.27,실질적인 퇴직금 분할 약정의 존재 부정 사례,0,1,0,0,1,0,0,0,0,
2017다292343,,2017da292343,대법원,2022.05.26,임금등,1,1,5,0,0,0,0,0,1,
2017다29234373,,2017da29234373,,,,0,0,0,0,0,0,0,1,0,
2017다292718,,2017da292718,대법원,2022.08.19,부당이득금,1,1,3,0,1,0,0,0,1,
2017다292725,,2017da292725,,2022.08.19,승진이 무효인 경우 지급된 임금의 부당이득 헤당 여부,0,1,0,0,1,0,0,0,0,
2017다293629,,2017da293629,,,,0,0,0,0,0,0,0,1,0,
2017다35588,,2017da35588,대법원,2023.05.11,부당이득금반환·부당이득금,1,1,11,0,0,0,0,0,1,
2017다35595,,2017da35595,,,,0,0,0,0,0,0,0,1,0,
2017다46274,,2017da46274,,2023.06.15,현대차 불법파업 손해배상 책임 주체에 관한 법리,0,1,0,0,1,0,0,0,0,
2017다46496,,2017da46496,,2021.06.10,통상임금 해당 업적연봉 포함 추가청구의 신의칙 위반 부정 사례,0,1,0,0,1,0,0,0,0,
2017다49013,,2017da49013,,2023.06.29,불법파업에 대한 손해배상액 산정에 관한 법리,0,1,0,0,1,0,0,0,0,
2017다49020,,2017da49020,,2023.06.29,불법파업에 대한 손해배상액 산정에 관한 법리,0,1,0,0,1,0,0,0,0,
2017다49037,,2017da49037,,2023.06.29,불법파업에 대한 손해배상액 산정에 관한 법리,0,1,0,0,1,0,0,0,0,
2017다51603,,2017da51603,,2020.12.24,지배개입의 부당노동행위에 대한 손해배상책임 인정 사례,0,1,0,0,1,0,0,0,0,
2017다51610,,2017da51610,,2021.02.25,자주성 결여 이유 노조설립 무효 사례,0,1,0,0,1,0,0,0,0,
2017다52712,,2017da52712,대법원,2021.06.10,"임금[업적연봉 등이 통상임금에 해당되는지, 업적연봉을 통상임금에 포함하여 계산한 추가 법정수당의 지급청구가 신의칙에 반하는지 쟁점이 된 사건]",1,1,4,0,1,0,0,0,1,
2017다53210,,2017da53210,대법원,2018.09.28,임금·임금·임금,1,0,2,0,0,0,0,0,0,
2017다54008,,2017da54008,,,,0,0,0,0,0,0,0,1,0,
2017다55933,,2017da55933,,2022.10.14,택시운전자 최저임금의 비교대상 임금 판단 사례,0,1,0,0,1,0,0,0,0,
2017다56226,,2017da56226,대법원,2021.08.19,임금,1,1,5,0,0,0,0,0,1,
2017다6498,,2017da6498,,2023.06.15,현대차 불법파업 손해배상액 추정에 관한 법리,0,1,0,0,1,0,0,0,0,
2017다7170,,2017da7170,,2020.07.09,쌍용자동차 통상임금 관련 소송에서 신의칙 적용 인정 사례,0,1,0,0,1,0,0,0,0,
2017다9732,,2017da9732,대법원,2022.10.27,근로자지위확인등·근로자지위확인등·근로자지위확인등,1,1,8,0,1,0,0,0,1,
2017다9732867,,2017da9732867,,,,0,0,0,0,0,0,0,1,0,
2017도10554,,2017do10554,,,,0,0,0,0,0,0,0,1,0,
2017도15175,,2017do15175,,2021.12.30,전교조 규약 시정명령 위반죄 면소 판결,0,1,0,0,1,0,0,0,0,
2017도15226,,2017do15226,대법원,2018.12.27,정보통신망이용촉진및정보보호등에관한법률위반(정보통신망침해등)[컴퓨터에 저장되어 있던 직장 동료의 사내 메신저 대화내용을 몰래 열람·복사한 행위가 정보통신망에 의해 처리·보관·전송되는 타인 비밀의 침해·누설 행위에 해당하는지 여부에 관한 사건],1,0,7,0,0,0,0,0,0,
2017도16384,,2017do16384,,2022.01.14,퇴사 시 자료 인수인계 없이 삭제한 경우 업무방해죄 인정,0,1,0,0,1,0,0,0,0,
2017도16384100,,2017do16384100,,,,0,0,0,0,0,0,0,1,0,
2017도16388,,2017do16388,,2021.03.25,도급사업에서 안전조치의무 위반 및 업무상과실치사 인정 사례,0,1,0,0,1,0,0,0,0,
2017도19516,,2017do19516,,2022.01.13,성희롱 가해자에 대한 명예훼손 무죄 사례,0,1,0,0,1,0,0,0,0,
2017도20455,,2017do20455,,2020.03.27,회사 도로 바닥에 경영진을 비난하는 욕설을 쓰면 모욕죄,0,1,0,0,1,0,0,0,0,
2017도2478,,2017do2478,,2020.07.29,노조활동과 시설관리권의 관계에 관한 법리,0,1,0,0,1,0,0,0,0,
2017도2478586,,2017do2478586,,,,0,0,0,0,0,0,0,1,0,
2017도3808,,2017do3808,대법원,2017.06.29,부정경쟁방지및영업비밀보호에관한법률위반(영업비밀누설등)·업무상배임,1,0,4,0,0,0,0,0,0,
2017도4343,,2017do4343,대법원,2017.7.1.,,0,0,0,0,0,0,1,1,0,
2017도9835,,2017do9835,,2023.06.29,고공농성 지원행위의 업무방해방조죄 부정 사례,0,1,0,0,1,0,0,0,0,
2017두33510,,2017du33510,대법원,2019.04.25,부당노동행위구제재심판정취소,1,0,4,0,0,0,0,0,0,
2017두36618,,2017du36618,대법원,2017.06.19,휴업급여부지급처분취소,1,0,3,0,0,0,0,0,0,
2017두37772,,2017du37772,대법원,2019.10.31,공정대표의무위반시정재심판정취소,1,0,8,0,0,0,0,0,0,
2017두37772634,,2017du37772634,,,,0,0,0,0,0,0,0,1,0,
2017두37772639,,2017du37772639,,,,0,0,0,0,0,0,0,1,0,
2017두38560,,2017du38560,대법원,2018.09.13,부당비행정지구제재심판정취소,1,0,7,0,0,0,1,0,0,
2017두3856062,,2017du3856062,,,,0,0,0,0,0,0,0,1,0,
2017두45933,,2017du45933,대법원,2021.09.09,유족급여및장의비부지급처분취소,1,1,6,0,1,0,0,0,1,
2017두45933891,,2017du45933891,,,,0,0,0,0,0,0,0,1,0,
2017두46899,,2017du46899,대법원,2017.09.07,요양불승인처분취소,1,0,4,0,0,0,0,0,0,
2017두47878,,2017du47878,대법원,2017.09.21,공무상요양불승인처분취소,1,0,4,0,0,0,0,0,0,
2017두49119,,2017du49119,대법원,2018.06.15,장해급여청구,1,0,4,0,0,0,1,0,0,
2017두51303,,2017du51303,,,,0,0,0,0,0,0,0,1,0,
2017두52153,,2017du52153,대법원,2020.08.20,부당해고구제재심판정취소,1,1,3,0,1,0,0,0,1,
2017두52924,,2017du52924,대법원,2017.11.14,부당해고및부당노동행위구제재심판정취소,1,0,2,0,0,0,0,0,0,
2017두54005,,2017du54005,,2022.05.12,부당노동행위의 주체인 사용자의 범위에 관한 법리,0,1,0,0,1,0,0,0,0,
2017두54005820,,2017du54005820,,,,0,0,0,0,0,0,0,1,0,
2017두54975,,2017du54975,대법원,2018.06.19,근로자지위확인,1,0,2,0,0,0,1,0,0,
2017두56179,,2017du56179,대법원,2017.11.23,부당해고구제재심판정취소,1,0,2,0,0,0,0,0,0,
2017두56575,,2017du56575,대법원,2018.09.13,종합소득세경정청구거부처분취소청구의소,1,0,3,0,0,0,1,0,0,
2017두57318,,2017du57318,대법원,2019.11.28,부당해고구제재심판정취소,1,0,3,0,0,0,0,0,0,
2017두57318369,,2017du57318369,,,,0,0,0,0,0,0,0,1,0,
2017두59,,2017du59,,,,0,0,0,0,0,0,0,1,0,
2017두59987,,2017du59987,대법원,2018.1.25.,,0,0,0,0,0,0,1,1,0,
2017두61874,,2017du61874,대법원,2020.08.27,부당해고구제재심판정취소등,1,1,3,0,1,0,0,0,1,
2017두62235,,2017du62235,대법원,2019.05.30,부당해고구제재심판정취소,1,0,6,0,0,0,1,0,0,
2017두64606,,2017du64606,대법원,2018.02.28,퇴직금환수처분취소소송,1,0,3,0,0,0,0,0,0,
2017두70793,,2017du70793,대법원,2020.11.26,부당해고구제재심판정취소,1,1,3,0,1,0,0,0,1,
2017두71604,,2017du71604,대법원,2022.06.09,부당해고구제재심판정취소,1,1,3,0,1,0,0,0,1,
2017두74702,,2017du74702,대법원,2018.04.12,교원소청심사위원회결정취소,1,0,6,0,0,0,0,0,0,
2017두74719,,2017du74719,대법원,2018.04.26,산재보험료부과처분취소,1,0,2,0,0,0,1,0,0,
2017두76005,,2017du76005,대법원,2022.06.30,부당전직구제재심판정취소청구의소,1,1,5,0,1,0,0,0,1,
2017두76005329,,2017du76005329,,,,0,0,0,0,0,0,0,1,0,
2017마499,,2017ma499,대법원,2017.08.21,채권압류및전부명령,1,0,3,0,0,0,0,0,0,
2017마5737,,2017ma5737,,2021.01.14,긴급이행명령 위반에 대한 과태료 재판의 관할,0,1,0,0,1,0,0,0,0,
2017헌바127,,2017heonba127,헌법재판소,2019.04.11,형법 제269조 제1항 등 위헌소원,1,0,13,0,0,1,0,0,0,예시확정
2018가소1358597,,2018gaso1358597,,,,0,0,0,0,0,0,0,1,0,
2018구합7747,,2018guhap7747,,,,0,0,0,0,0,0,0,1,0,
2018나18485,,2018na18485,,,,0,0,0,0,0,0,0,1,0,
2018나2065317,,2018na2065317,,,,0,0,0,0,0,0,0,1,0,
2018나51471,,2018na51471,,,,0,0,0,0,0,0,0,1,0,
2018나55282,,2018na55282,,,,0,0,0,0,0,0,0,1,0,
2018노676,,2018no676,,,,0,0,0,0,0,0,0,1,0,
2018누57171,,2018nu57171,,,,0,0,0,0,0,0,0,1,0,
2018다11053,,2018da11053,,,,0,0,0,0,0,0,0,1,0,
2018다11053761,,2018da11053761,,,,0,0,0,0,0,0,0,1,0,
2018다20,,2018da20,,,,0,0,0,0,0,0,0,1,0,
2018다200709,,2018da200709,대법원,2019.11.14,임금및퇴직금청구,1,1,7,0,0,1,1,0,1,
2018다20070914,,2018da20070914,,,,0,0,0,0,0,0,0,1,0,
2018다206899,,2018da206899,대법원,2024.02.08,임금·임금·임금,1,1,8,0,1,0,0,0,1,
2018다206899207,,2018da206899207,,,,0,0,0,0,0,0,0,1,0,
2018다206936,,2018da206936,,,,0,0,0,0,0,0,0,1,0,
2018다207588,,2018da207588,대법원,2018.09.28,해고무효확인등,1,0,4,0,0,0,1,0,0,
2018다207588413,,2018da207588413,,,,0,0,0,0,0,0,0,1,0,
2018다207847,,2018da207847,대법원,2022.01.27,해고무효확인,1,1,4,0,1,0,0,0,1,
2018다207847874,,2018da207847874,,,,0,0,0,0,0,0,0,1,0,
2018다20866,,2018da20866,,2023.06.15,현대차 불법파업 손해배상액 추정에 관한 법리,0,1,0,0,1,0,0,0,0,
2018다209706,,2018da209706,대법원,2019.1.31.,,0,0,0,0,0,0,1,1,0,
2018다209706123,,2018da209706123,,,,0,0,0,0,0,0,0,1,0,
2018다21050,,2018da21050,,2023.06.15,현대차 불법파업 손해배상액 추정에 관한 법리,0,1,0,0,1,0,0,0,0,
2018다215220,,2018da215220,,,,0,0,0,0,0,0,0,1,0,
2018다21821,,2018da21821,대법원,2018.07.12,퇴직금·부당이득금반환,1,0,4,0,0,0,0,0,0,
2018다21821497,,2018da21821497,,,,0,0,0,0,0,0,0,1,0,
2018다224668,,2018da224668,,2022.05.13,최저임금 산입 범위 인정 사례 - 상여금 만근수당,0,1,0,0,1,0,0,0,0,
2018다22589,,2018da22589,,,,0,0,0,0,0,0,0,1,0,
2018다229120,,2018da229120,대법원,2020.04.29,퇴직금청구의소,1,1,5,0,1,0,0,0,1,
2018다231536,,2018da231536,대법원,2018.12.13,임금[퇴직금의 차액을 청구하는 사건],1,1,4,0,0,0,0,0,1,
2018다231536174,,2018da231536174,,,,0,0,0,0,0,0,0,1,0,
2018다237237,,2018da237237,,2022.03.31,부당해고소송의 화해권고결정금액은 비과세소득,0,1,0,0,1,0,0,0,0,
2018다238518,,2018da238518,,,,0,0,0,0,0,1,0,0,0,
2018다239110,,2018da239110,대법원,2019.10.18,퇴직금등청구의소,1,1,7,0,0,0,0,0,1,
2018다239110303,,2018da239110303,,,,0,0,0,0,0,0,0,1,0,
2018다239110304,,2018da239110304,,,,0,0,0,0,0,0,0,1,0,
2018다239110310,,2018da239110310,,,,0,0,0,0,0,0,0,1,0,
2018다241083,,2018da241083,,2020.02.06,근기법 제63조제1호의 그 밖의 농림 사업 해당 부정 사례,0,1,0,0,1,0,0,0,0,
2018다243935,,2018da243935,,2021.07.08,사내협력업체 근로자에 대한 직접고용의무 인정 사례,0,1,0,0,1,0,0,0,0,
2018다244631,,2018da244631,대법원,2019.08.14,임금,1,0,2,0,0,0,0,0,0,
2018다244877,,2018da244877,대법원,2022.03.17,퇴직금,1,1,5,0,1,0,0,0,1,
2018다244877502,,2018da244877502,,,,0,0,0,0,0,0,0,1,0,
2018다249308,,2018da249308,대법원,2020.06.11,임금,1,1,2,0,1,0,0,0,1,
2018다251486,,2018da251486,대법원,2022.09.15,해고무효확인등,1,1,2,0,1,0,0,0,1,
2018다253680,,2018da253680,대법원,2021.02.25,해고무효확인,1,1,5,0,1,0,0,0,1,
2018다25502,,2018da25502,,,,0,0,0,0,0,0,0,1,0,
2018다255488,,2018da255488,대법원,2022.03.11,근무형태변경시행무효확인,1,1,2,0,0,0,0,0,1,
2018다260602,,2018da260602,대법원,2019.01.17,퇴직금등,1,1,3,0,0,0,0,0,1,
2018다262653,,2018da262653,대법원,2022.06.09,임금[사립대학 교원에 대한 성과급적 연봉제 지급기준의 효력이 문제된 사건],1,1,7,0,1,0,0,0,1,
2018다263519,,2018da263519,대법원,2020.04.29,임금등,1,1,3,0,1,0,0,0,1,
2018다268811,,2018da268811,,2020.07.29,재해를 당한 선원의 승선평균임금 산정 방법,0,1,0,0,1,0,0,0,0,
2018다268828,,2018da268828,,,,0,0,0,0,0,0,0,1,0,
2018다269838,,2018da269838,,,,0,0,0,0,0,0,0,1,0,
2018다270876,,2018da270876,대법원,2021.08.19,손해배상(산),1,1,3,0,1,0,0,0,1,
2018다272414,,2018da272414,,,,0,0,0,0,0,0,0,1,0,
2018다272698,,2018da272698,,2021.11.25,대학교원 강의 배제에 대한 위자료 지급 인정 사례,0,1,0,0,1,0,0,0,0,
2018다275925,,2018da275925,대법원,2023.06.01,해고무효확인[부당해고기간 중에 정년에 도달한 근로자에게 정년 후 기간제 근로자로 재고용되리라는 기대권이 인정되는지 여부가 문제된 사건],1,1,5,0,1,0,0,0,1,
2018다277570,,2018da277570,,2021.04.29,근로기준법상 근로자 판단 기준,0,1,0,0,1,0,0,0,0,
2018다283049,,2018da283049,대법원,2023.11.16,부당이득금반환등,1,1,4,0,1,0,0,0,1,
2018다283926,,2018da283926,,2023.04.13,통상임금 제외 합의 무효 인정 사례,0,1,0,0,1,0,0,0,0,
2018다285106,,2018da285106,,2021.03.11,근로자들 싸움에 대한 사용자의 손해배상책임 인정 사례,0,1,0,0,1,0,0,0,0,
2018다286390,,2018da286390,,2022.03.31,부당해고소송의 화해권고결정금액은 비과세소득,0,1,0,0,1,0,0,0,0,
2018다288662,,2018da288662,대법원,2023.11.09,정직처분무효확인등,1,1,7,0,1,0,0,0,1,
2018다290436,,2018da290436,,2020.04.09,이사의 보수에 관한 법리,0,1,0,0,1,0,0,0,0,
2018다292418,,2018da292418,,2020.06.25,다른 직장에서 겸직을 한 채권추심원의 근로자 지위 인정 사례,0,1,0,0,1,0,0,0,0,
2018다298904,,2018da298904,대법원,2022.02.10,임금등,1,1,5,0,1,0,0,0,1,
2018다300586,,2018da300586,대법원,2022.12.01,배당이의,1,1,7,0,1,0,0,0,1,
2018다301527,,2018da301527,대법원,2022.09.29,고용의무이행등,1,1,11,0,1,0,0,0,1,
2018다303417,,2018da303417,대법원,2020.04.29,임금,1,1,2,0,1,0,0,0,1,
2018다41986,,2018da41986,,2023.06.15,현대차 불법파업 손해배상액 추정에 관한 법리,0,1,0,0,1,0,0,0,0,
2018다41986760,,2018da41986760,,,,0,0,0,0,0,0,0,1,0,
2018다43330,,2018da43330,대법원,2018.8.30.,,0,0,0,0,0,0,1,1,0,
2018도10353,,2018do10353,,2021.03.11,산업안전보건법 제24조제1항 위반 및 업무상과실치사 인정 사례,0,1,0,0,1,0,0,0,0,
2018도12691,,2018do12691,대법원,2018.10.25,,0,0,0,0,0,0,1,1,0,
2018도16228,,2018do16228,대법원,2019.7.25.,,0,0,0,0,0,0,1,1,0,
2018도17135,,2018do17135,대법원,2019.6.13.,,0,0,0,0,0,0,1,1,0,
2018도17135123,,2018do17135123,,,,0,0,0,0,0,0,0,1,0,
2018도1917,,2018do1917,,2023.06.29,CCTV 설치 정당성 부정 사례,0,1,0,0,1,0,0,0,0,
2018도1966,,2018do1966,대법원,2022.11.10,개인정보보호법위반,1,0,5,0,0,0,0,0,0,
2018도19836,,2018do19836,,,,0,0,0,0,0,0,0,1,0,
2018도2720,,2018do2720,대법원,2022.12.29,근로기준법위반,1,1,6,0,1,0,0,0,1,
2018도3690,,2018do3690,,2020.05.14,취업 자격 없는 외국인을 파견받은 사용사업주의 책임,0,1,0,0,1,0,0,0,0,
2018도3690857,,2018do3690857,,,,0,0,0,0,0,0,0,1,0,
2018도6486,,2018do6486,,,,0,0,0,0,0,0,0,1,0,
2018도9012,,2018do9012,대법원,2019.10.31,근로기준법위반,1,0,5,0,0,0,1,0,0,
2018도9012226,,2018do9012226,,,,0,0,0,0,0,0,0,1,0,
2018도965,,2018do965,대법원,2023.11.02,근로기준법위반·근로자퇴직급여보장법위반,1,1,2,0,1,0,0,0,1,
2018두32125,,2018du32125,대법원,2018.05.15,유족급여및장의비부지급처분취소,1,0,2,0,0,0,0,0,0,
2018두32125903,,2018du32125903,,,,0,0,0,0,0,0,0,1,0,
2018두34480,,2018du34480,대법원,2020.08.20,부당해고구제재심판정취소,1,1,3,0,1,0,0,0,1,
2018두34480366,,2018du34480366,,,,0,0,0,0,0,0,0,1,0,
2018두35391,,2018du35391,,2020.03.26,회식 후 귀가 중 교통사고로 사망한 경우 업무상 재해 인정 사례,0,1,0,0,1,0,0,0,0,
2018두38000,,2018du38000,,2020.07.09,주민자치센터 자원봉사자의 근로자 지위 인정 사례,0,1,0,0,1,0,0,1,1,
2018두38338,,2018du38338,대법원,2018.6.15.,,0,0,0,0,0,0,1,1,0,
2018두41082,,2018du41082,대법원,2018.11.29,부당해고구제재심판정취소[정년퇴직 인사발령이 부당해고인지를 다투는 사건],1,0,3,0,0,0,0,0,0,
2018두41532,,2018du41532,대법원,2018.11.29,단체협약의해석에대한견해제시재심판정취소청구의소,1,0,4,0,0,0,0,0,0,
2018두41532698,,2018du41532698,,,,0,0,0,0,0,0,0,1,0,
2018두43958,,2018du43958,대법원,2021.04.29,부당해고구제재심판정취소,1,1,4,0,1,0,0,0,1,
2018두44647,,2018du44647,대법원,2019.11.28,부당해고구제재심판정취소[정리해고의 정당성이 다투어진 사건],1,0,3,0,0,0,3,0,0,
2018두44647456,,2018du44647456,,,,0,0,0,0,0,0,0,1,0,
2018두44661,,2018du44661,,2024.07.11,도급 해제에 대한 지배개입의 부당노동행위 부정 사례,0,1,0,0,1,0,0,0,0,
2018두47264,,2018du47264,,2021.03.18,전원합의체판결 다수의견 - 육아휴직급여 신청기간은 강행규정,0,1,0,0,1,0,0,0,0,
2018두51201,,2018du51201,대법원,2020.08.20,부당해고구제재심판정취소,1,1,7,0,1,0,0,0,1,
2018두52808,,2018du52808,,,,0,0,0,0,0,0,0,1,0,
2018두53238,,2018du53238,,2022.10.27,평균임금 정정신청 거부처분 취소소송에서의 증명책임,0,1,0,0,1,0,0,0,0,
2018두54705,,2018du54705,대법원,2020.11.05,부당해고및부당노동행위구제재심판정취소,1,0,3,0,0,0,2,0,0,
2018두55272,,2018du55272,,2023.10.25,대구경북과학기술원의 직급정년은 무효,0,1,0,0,1,0,0,0,0,
2018두55715,,2018du55715,,2021.04.15,형사상 무죄 불구 해임처분 정당성 인정 사례,0,1,0,0,1,0,0,0,0,
2018두60380,,2018du60380,대법원,2023.06.01,평균임금정정불승인및보험급여차액부지급처분취소[여러 사업장에서 근무하다 퇴직한 후 진폐 진단을 받은 경우 산업재해보상보험법상 보험급여의 산정기준이 되는 평균임금을 계산하는 방법이 문제된 사건],1,1,4,0,1,0,0,0,1,
2018두62492,,2018du62492,대법원,2023.06.29,부당해고구제재심판정취소,1,1,6,0,1,0,0,0,1,
2018두63143,,2018du63143,,2022.12.15,고용촉진지원금 지급 대상 부정 사례,0,1,0,0,1,0,0,0,0,
2018두63235,,2018du63235,,2022.10.27,고용보험 가입 대상 공무원의 가입 시기에 관한 법리,0,1,0,0,1,0,0,0,0,
2018재두178,,2018jaedu178,,2024.09.27,단체협약시정명령의 재심대상 부정 사례,0,1,0,0,1,0,0,0,0,
2018헌마629,,2018heonma629,헌법재판소,2021.12.23,최저임금법 제6조 제4항 등 위헌확인,1,0,0,0,0,0,0,0,0,원장미수록(섹션없음)
2018헌바218,,2018heonba218,헌법재판소,2019.09.26,산업재해보상보험법  제37조 제1항 제3호 등  위헌소원,1,0,5,0,0,0,0,0,0,
2019가합13417,,2019gahap13417,,,,0,0,0,0,0,0,0,1,0,
2019가합538253,,2019gahap538253,,,,0,0,0,0,0,0,0,1,0,
2019가합542536,,2019gahap542536,,,,0,0,0,0,0,0,0,1,0,
2019구합64167,,2019guhap64167,,,,0,0,0,0,0,0,0,1,0,
2019나2032512,,2019na2032512,,,,0,0,0,0,0,0,0,1,0,
2019나20796,,2019na20796,,,,0,0,0,0,0,0,0,1,0,
2019노2151,,2019no2151,,,,0,0,0,0,0,0,0,1,0,
2019누12509,,2019nu12509,광주고법,2020.05.08,육아휴직급여부지급처분취소,1,0,4,0,0,0,0,0,0,
2019누42299,,2019nu42299,,,,0,0,0,0,0,0,0,1,0,
2019누58034,,2019nu58034,,,,0,0,0,0,0,0,0,1,0,
2019다14110,,2019da14110,대법원,2020.08.20,임금·임금·임금·임금,1,0,10,0,0,0,1,0,0,
2019다14134,,2019da14134,,,,0,0,0,0,0,0,0,1,0,
2019다18174,,2019da18174,,,,0,0,0,0,0,0,0,1,0,
2019다18426,,2019da18426,,2020.08.13,최저임금 인상분을 반영한 통상임금 기준으로 차액 추가 지급,0,1,0,0,1,0,0,0,0,
2019다200386,,2019da200386,,,,0,0,0,0,0,0,0,1,0,
2019다200737,,2019da200737,,2022.08.31,임금최우선변제권은 별제권 행사에 따른 경매절차에서도 인정,0,1,0,0,1,0,0,0,0,
2019다204876,,2019da204876,,2025.01.23,재직조건부 상여금의 통상임금 인정 사례,0,1,0,0,1,0,0,0,0,
2019다204876198,,2019da204876198,,,,0,0,0,0,0,0,0,1,0,
2019다208472,,2019da208472,,2021.03.11,업무상 재해에 대한 손해배상 산정 사례,0,1,0,0,1,0,0,0,0,
2019다210697,,2019da210697,,2022.12.29,사용자에 대한 근로자의 손해배상책임 제한 사례,0,1,0,0,1,0,0,0,0,
2019다218837,,2019da218837,대법원,2022.01.13,임금,1,1,2,0,1,0,0,0,1,
2019다219472,,2019da219472,,2020.06.25,공사현장 일용직 노동자의 노동가동연한은 만 65세,0,1,0,0,1,0,0,0,0,
2019다221352,,2019da221352,대법원,2021.11.11,퇴직금청구의소,1,1,2,0,1,0,0,0,1,
2019다222096,,2019da222096,대법원,2024.07.25,근로자지위확인등·근로자지위확인등·근로자지위확인등·근로자지위확인등,1,0,3,0,0,0,0,0,0,
2019다222096871,,2019da222096871,,,,0,0,0,0,0,0,0,1,0,
2019다222829,,2019da222829,,2024.03.12,파견근로자 직접고용 시 적용할 근로조건에 관한 법리,0,1,0,0,1,0,0,0,0,
2019다222836,,2019da222836,,,,0,0,0,0,0,0,0,1,0,
2019다2228829,,2019da2228829,,,,0,0,0,0,0,0,0,1,0,
2019다223129,,2019da223129,,2020.01.16,일정한 출근율 충족 조건이 붙은 수당의 통상임금 부정 사례,0,1,0,0,1,0,0,0,0,
2019다223303,,2019da223303,대법원,2024.03.12,임금·임금,1,1,18,0,1,0,0,0,1,
2019다223389,,2019da223389,대법원,2024.04.12,임금,1,0,2,0,0,0,1,0,0,
2019다230134,,2019da230134,,2021.02.04,차별에 합리적 이유가 있다고 본 사례,0,1,0,0,1,0,0,0,0,
2019다230899,,2019da230899,대법원,2019.10.18,임금,1,0,4,0,0,0,1,0,0,
2019다238053,,2019da238053,대법원,2022.04.28,임금,1,1,9,0,1,0,0,0,1,
2019다246696,,2019da246696,대법원,2022.06.30,확약서무효확인의소·손해배상(기),1,1,4,0,1,0,0,0,1,
2019다24669697,,2019da24669697,,,,0,0,0,0,0,0,0,1,0,
2019다246702,,2019da246702,,,,0,0,0,0,0,0,0,1,0,
2019다24679,,2019da24679,,,,0,0,0,0,0,0,0,1,0,
2019다252004,,2019da252004,대법원,2023.08.18,임금,1,1,7,0,0,0,0,0,1,
2019다253175,,2019da253175,대법원,2019.12.12,노무비청구의소,1,0,2,0,0,0,0,0,0,
2019다255089,,2019da255089,,2022.10.27,학자금 대출 상환과 근로복지기금의 관계에 관한 법리,0,1,0,0,1,0,0,0,0,
2019다256037,,2019da256037,,,,0,0,0,0,0,0,0,1,0,
2019다258545,,2019da258545,,2022.08.19,성희롱 및 사용자 손해배상책임 인정 사례,0,1,0,0,1,0,0,0,0,
2019다260852,,2019da260852,,2021.03.25,공무직과 공무원의 임금차별 부정 사례,0,1,0,0,1,0,0,0,0,
2019다261084,,2019da261084,대법원,2019.11.28,임금,1,0,5,0,0,0,2,0,0,
2019다262193,,2019da262193,,2020.11.26,교육공무직 호봉제 임금과 공무원 임금의 차별 부정 사례,0,1,0,0,1,0,0,0,0,
2019다262582,,2019da262582,,2020.10.29,공정대표의무 위반 여부 판단 사례,0,1,0,0,1,0,0,0,0,
2019다266485,,2019da266485,,2021.08.12,버스 운행 대기시간의 휴게시간 인정 사례,0,1,0,0,1,0,0,1,1,
2019다267013,,2019da267013,,2020.04.09,하청업체 근로자와 원청과의 묵시적 근로계약관계 인정 사례,0,1,0,0,1,0,0,0,0,
2019다273803,,2019da273803,,2025.09.11,근로시간 인정 포괄임금제 부정 통상임금 인정,0,1,0,0,1,0,0,0,0,
2019다279283,,2019da279283,대법원,2020.02.27,퇴직금등청구의소,1,1,6,0,1,0,0,0,1,
2019다279283309,,2019da279283309,,,,0,0,0,0,0,0,0,1,0,
2019다279344,,2019da279344,대법원,2024.06.17,근로자지위확인등,1,1,2,0,1,0,0,0,1,
2019다282333,,2019da282333,대법원,2022.11.10,"근로자지위확인등[지방공기업과 근로자 사이에 위탁용역업체로의 전적 당시의 합의에 재고용의무가 포함되었는지, 「고용상 연령차별금지 및 고령자고용촉진에 관한 법률」(이하 ‘고령자고용법’이라고 함)의 적용범위 등이 문제된 사건]",1,1,5,0,1,0,0,0,1,
2019다282333419,,2019da282333419,,,,0,0,0,0,0,0,0,1,0,
2019다282371,,2019da282371,,2023.05.03,호봉제를 성과연봉제로 변경하는 것은 불이익변경으로 근로자 동의 필요,0,1,0,6,0,0,0,0,0,
2019다288898,,2019da288898,대법원,2021.09.30,임금,1,1,2,0,0,0,0,0,1,
2019다288904,,2019da288904,,,,0,0,0,0,0,0,0,1,0,
2019다289310,,2019da289310,,2023.11.16,연합단체 가입 노조총회 의결 정족수,0,1,0,0,1,0,0,0,0,
2019다289310556,,2019da289310556,,,,0,0,0,0,0,0,0,1,0,
2019다28966,,2019da28966,대법원,2024.03.12,근로자지위확인등·근로자지위확인등·근로자지위확인등·근로자지위확인등·근로자지위확인등,1,1,2,0,1,0,0,0,1,
2019다29013,,2019da29013,,2024.03.12,사내협력업체 근로자의 파견관계 여부 판단 사례,0,1,0,0,1,0,0,0,0,
2019다293098,,2019da293098,대법원,2020.12.24,해고무효확인[보조금 수령을 부관으로 하는 임금지급약정에 관한 사건],1,1,5,0,1,0,0,0,1,
2019다293449,,2019da293449,,,,0,0,0,0,0,1,0,0,0,
2019다295773,,2019da295773,,,,0,0,0,0,0,0,0,1,0,
2019다297083,,2019da297083,,2020.04.09,불이익변경된 취업규칙보다 기존 근로계약 우선 적용 인정 사례,0,1,0,0,1,0,0,0,0,
2019다297496,,2019da297496,,2020.06.04,부사장으로 호칭됐으나 근로자에 해당한다고 판단한 사례,0,1,0,0,1,0,0,0,0,
2019다29778,,2019da29778,대법원,2023.11.30,임금,1,1,2,0,0,1,0,0,1,
2019다299065,,2019da299065,대법원,2022.09.29,고용의무이행등,1,1,3,0,1,0,0,0,1,
2019다299393,,2019da299393,대법원,2022.07.14,근로자지위확인등청구의소 [계열회사 간 근로자전출과 관련하여 원 소속 기업이 ‘근로자파견을 업으로 하는 자’인지 여부 및 파견법상 직접고용의무가 문제된 사건],1,1,6,0,1,0,0,0,1,
2019다299393346,,2019da299393346,,,,0,0,0,0,0,0,0,1,0,
2019다299645,,2019da299645,,2021.04.01,교육공무직 임금체계에 관한 법리,0,1,0,0,1,0,0,0,0,
2019다38543,,2019da38543,,2023.06.15,쌍용차 불법파업 손해배상 범위 판단 사례,0,1,0,0,1,0,0,0,0,
2019도10297,,2019do10297,대법원,2022.03.31,근로기준법위반·근로자퇴직급여보장법위반,1,1,4,0,1,0,0,0,1,
2019도10516,,2019do10516,,2022.10.27,적법한 쟁의행위에 수반된 부수적 행위의 정당성 인정 사례,0,1,0,0,1,0,0,0,0,
2019도10818,,2019do10818,,2020.01.16,파산 결정후 임금체불에 대한 책임주체 판단 사례,0,1,0,0,1,0,0,0,0,
2019도1162,,2019do1162,대법원,2019.4.19.,,0,0,0,0,0,0,1,1,0,
2019도12765,,2019do12765,,2020.01.09,공직선거 운동원에 대한 최저임금법 적용 부정 사례,0,1,0,0,1,0,0,0,0,
2019도12986,,2019do12986,,2021.04.29,산업안전보건법 위반 여부 판단 사례,0,1,0,0,1,0,0,0,0,
2019도14416,,2019do14416,,2022.04.14,위험방지조치의무 위반 인정 사례,0,1,0,0,1,0,0,0,0,
2019도14421,,2019do14421,,2022.10.27,노조 간부들에 관한 의견 표명의 모욕죄 성립 부정 사례,0,1,0,0,1,0,0,0,0,
2019도15421,,2019do15421,,2020.07.23,직장 상사의 강제추행 인정 사례,0,1,0,0,1,0,0,0,0,
2019도15994,,2019do15994,,2020.03.26,회식 자리 강제추행 인정 사례,0,1,0,0,1,0,0,0,0,
2019도17879,,2019do17879,,2020.12.10,지방공무원 승진임용 관련 직권남용권리행사방해죄 무죄 사례,0,1,0,0,1,0,0,0,0,
2019도7370,,2019do7370,,2022.08.31,상대 노조지부장에 대한 모욕 부정 사례,0,1,0,0,1,0,0,0,0,
2019도7446,,2019do7446,,2023.03.30,입학생 선발 관련 교장 발언의 업무방해 해당 부정 사례,0,1,0,0,1,0,0,0,0,
2019도9604,,2019do9604,,,,0,0,0,0,0,0,0,1,0,
2019도9688,,2019do9688,대법원,2019.10.17.,,0,0,0,0,0,0,1,1,0,
2019도9872,,2019do9872,,2020.05.14,업무상 위력에 의한 성추행 인정 사례,0,1,0,0,1,0,0,0,0,
2019두30270,,2019du30270,대법원,2021.11.25,부당해고및부당노동행위구제재심판정취소의소,1,1,3,0,1,0,0,0,1,
2019두31,,2019du31,,,,0,0,0,0,0,0,0,1,0,
2019두31426,,2019du31426,,2020.10.29,석탄산업법에 따른 재해위로금 수급권자 인정 사례,0,1,0,0,1,0,0,0,0,
2019두33712,,2019du33712,대법원,2019.06.13,부당노동행위구제처분취소등(자동차회사 판매대리점주가 카마스터와의 판매용역계약을 해지한 행위가 부당노동행위인지 여부가 다투어진 사건),1,0,6,0,0,0,0,0,0,
2019두34807,,2019du34807,,2024.01.04,파견근로자 직접고용 간주시 대기발령의 정당성 인정 사례,0,1,0,0,1,0,0,0,0,
2019두38571,,2019du38571,,2022.09.16,육아휴직 후 복직한 근로자 인사처분 정당성 인정 사례,0,1,0,0,1,0,0,0,0,
2019두39314,,2019du39314,대법원,2021.04.29,요양급여및휴업급여불승인처분취소,1,1,2,0,1,0,0,0,1,
2019두40260,,2019du40260,대법원,2023.06.15,부당해고구제재심판정취소,1,1,4,0,1,0,0,0,1,
2019두40338,,2019du40338,대법원,2019.10.18,부당해고구제재심판정취소,1,0,3,0,0,0,0,0,0,
2019두40338387,,2019du40338387,,,,0,0,0,0,0,0,0,1,0,
2019두40345,,2019du40345,,2020.10.15,쟁의행위 찬반투표 실시 시기에 관한 법리,0,1,0,0,1,0,0,0,0,
2019두40444,,2019du40444,,,,0,0,0,0,0,0,0,1,0,
2019두40611,,2019du40611,,2020.10.15,철도노조 파업 조합원 징계 무효 사례,0,1,0,0,1,0,0,0,0,
2019두44606,,2019du44606,,2020.04.29,공무원연금 분할청구권에 관한 법리,0,1,0,0,1,0,0,0,0,
2019두45616,,2019du45616,대법원,2024.04.16,평균임금정정및보험급여차액청구거부처분취소[산업재해보상보험법상 평균임금 증감의 종기가 문제된 사건],1,1,5,0,1,0,0,0,1,
2019두45647,,2019du45647,대법원,2019.10.31,부당해고구제재심판정취소,1,0,4,0,0,0,1,0,0,
2019두45647842,,2019du45647842,,,,0,0,0,0,0,0,0,1,0,
2019두47377,,2019du47377,대법원,2019.11.28,부당해고구제재심판정취소,1,0,4,0,0,0,0,0,0,
2019두47377802,,2019du47377802,,,,0,0,0,0,0,0,0,1,0,
2019두48684,,2019du48684,대법원,2019.12.24,"해임처분취소[구 교육공무원 징계양정 등에 관한 규칙(2019. 3. 18. 교육부령 제178호로 개정되기 전의 것, 이하 '구 징계양정 규칙' 제2조 제1항 별표에 따라 이루어진 해임처분이 재량권을 일탈·남용하여 위법한지 여부가 문제된 사건]",1,0,6,0,0,0,1,0,0,
2019두52386,,2019du52386,대법원,2020.02.20,부당해고구제재심판정취소,1,1,5,0,1,0,0,0,1,
2019두53396,,2019du53396,,2023.06.29,임금피크제 적용 경과조치로 인한 차별의 합리성 인정,0,1,0,0,1,0,0,0,0,
2019두53952,,2019du53952,대법원,2023.11.30,차별시정재심판정취소[시립 의료원 소속 기간제근로자가 정규직 근로자에 비해 차별적 처우를 받았다는 이유로 차별시정을 구한 사건],1,1,4,0,1,0,0,0,1,
2019두53952878,,2019du53952878,,,,0,0,0,0,0,0,0,1,0,
2019두54719,,2019du54719,,2024.06.13,특례평균임금 산정에 관한 법리,0,1,0,0,1,0,0,0,0,
2019두55262,,2019du55262,대법원,2023.06.29,차별시정재심판정취소청구의소,1,1,3,0,1,0,0,0,1,
2019두55859,,2019du55859,대법원,2022.04.14,요양·보험급여결정승인처분취소청구,1,1,3,0,1,0,0,0,1,
2019두55859133,,2019du55859133,,,,0,0,0,0,0,0,0,1,0,
2019두59103,,2019du59103,,,,0,0,0,0,0,0,0,1,0,
2019두59103387,,2019du59103387,,,,0,0,0,0,0,0,0,1,0,
2019두59349,,2019du59349,대법원,2023.11.16,부당해고구제재심판정취소,1,1,4,0,1,0,0,0,1,
2019두60523,,2019du60523,,2020.10.15,석탄산업법에 따른 재해위로금 수급권자 인정 사례,0,1,0,0,1,0,0,0,0,
2019두61137,,2019du61137,,2020.04.09,개별 사업장의 사업종류 변경결정은 행정청의 처분에 해당,0,1,0,0,1,0,0,0,0,
2019두61717,,2019du61717,,2020.10.15,석탄산업법에 따른 재해위로금 수급권자 인정 사례,0,1,0,0,1,0,0,0,0,
2019두62604,,2019du62604,,2020.05.28,장시간 근로와 주야간 교대제 근무로 인한 과로사 인정 사례,0,1,0,0,1,0,0,0,0,
2019두62604901,,2019du62604901,,,,0,0,0,0,0,0,0,1,0,
2019라10028,,2019ra10028,,,,0,0,0,0,0,0,0,1,0,
2019라20165,,2019ra20165,,,,0,0,0,0,0,0,0,1,0,
2019라20390,,2019ra20390,,,,0,0,0,0,0,0,0,1,0,
2019헌마15,,2019heonma15,헌법재판소,2020.06.25,최저임금법 제5조의2 등 위헌확인,1,0,4,0,0,0,0,0,0,
2020나2016258,,2020na2016258,,,,0,0,0,0,0,1,0,0,0,
2020나26085,,2020na26085,,,,0,0,0,0,0,0,0,1,0,
2020나56094,,2020na56094,,,,0,0,0,0,0,0,0,1,0,
2020나56100,,2020na56100,,,,0,0,0,0,0,0,0,1,0,
2020나94881,,2020na94881,,,,0,0,0,0,0,0,0,1,0,
2020다204353,,2020da204353,,2020.06.25,위탁업체 소속 방과후강사의 근로기준법상 근로자 지위 인정,0,1,0,0,1,0,0,0,0,
2020다205837,,2020da205837,,2023.04.27,근로시간 및 휴게시간 산정 등에 관한 법리,0,1,0,0,1,0,0,0,0,
2020다207444,,2020da207444,,2021.01.14,퇴직연금제도 설정 사업장에서의 퇴직급여 산정 방식,0,1,0,0,1,0,0,0,0,
2020다207833,,2020da207833,,2020.07.09,백화점 위탁판매업자의 근로자 지위 부정 사례,0,1,0,0,1,0,0,0,0,
2020다208409,,2020da208409,,2020.05.14,채권추심원의 근로기준법상 근로자성 부정 사례,0,1,0,0,1,0,0,0,0,
2020다211184,,2020da211184,,2020.06.25,백화점 위탁판매업자의 근로자 지위 부정 사례,0,1,0,0,1,0,0,0,0,
2020다216240,,2020da216240,,2020.06.25,업무상 재해에 대한 손해배상 산정 사례,0,1,0,0,1,0,0,0,0,
2020다219454,,2020da219454,,2025.08.28,실적평가급의 통상임금 여부 판단 사례,0,1,0,0,1,0,0,0,0,
2020다219928,,2020da219928,대법원,2022.03.17,임금,1,1,2,0,1,0,0,0,1,
2020다221396,,2020da221396,,2020.07.23,해고처분이 무효인 경우 임금 반환에 관한 법리,0,1,0,0,1,0,0,0,0,
2020다224739,,2020da224739,,2024.03.16,고정시간외수당(고정OT수당)은 통상임금에 포함되지 않는다,0,1,0,12,0,0,0,0,0,
2020다224739201,,2020da224739201,,,,0,0,0,0,0,0,0,1,0,
2020다229260,,2020da229260,,2020.09.24,불법행위 피해자에게 보험급여 지급한 근로복지공단의 구상권의 범위,0,1,0,0,1,0,0,0,0,
2020다229987,,2020da229987,,2022.02.11,교섭창구 단일화 절차 이행가처분 인용 사례,0,1,0,0,1,0,0,0,0,
2020다232136,,2020da232136,대법원,2022.01.13,임금[취업규칙 중 급여체계에 관한 규정이 근로자에게 불리하게 변경된 사안],1,1,5,0,1,0,0,0,1,
2020다23213615,,2020da23213615,,,,0,0,0,0,0,0,0,1,0,
2020다237117,,2020da237117,대법원,2022.04.14,퇴직금,1,1,4,0,1,0,0,0,1,
2020다237513,,2020da237513,대법원,2020.11.26,정규직근로자지위확인의소,1,0,2,0,0,0,0,0,0,
2020다242423,,2020da242423,,2021.01.14,추가 법정수당 청구의 신의칙 위반 부정 사례,0,1,0,0,1,0,0,0,0,
2020다242935,,2020da242935,,2023.06.01,영업비밀 침해행위로 인한 손해배상 관련 사례,0,1,0,0,1,0,0,0,0,
2020다245552,,2020da245552,,2024.09.13,대표이사 해임에 대한 손해배상청구 부정 사례,0,1,0,0,1,0,0,0,0,
2020다245958,,2020da245958,대법원,2020.12.10,부당이득금반환등,1,1,6,0,1,0,0,0,1,
2020다247190,,2020da247190,,2024.12.21,조건부 상여금도 통상임금이다.(대법원 전원합의체),0,1,0,14,0,0,0,0,0,
2020다253744,,2020da253744,대법원,2023.07.13,전보무효확인의소,1,1,2,0,1,0,0,0,1,
2020다254372,,2020da254372,대법원,2022.04.14,퇴직금등,1,1,2,0,1,0,0,0,1,
2020다255917,,2020da255917,대법원,2022.03.17,임금,1,1,2,0,1,0,0,0,1,
2020다255986,,2020da255986,,2023.05.18,택시운전자의 초과운송수입금과 퇴직금 산정,0,1,0,0,1,0,0,1,1,
2020다256385,,2020da256385,대법원,2022.09.29,퇴직금청구의소,1,1,2,0,1,0,0,0,1,
2020다262229,,2020da262229,,2022.04.28,선원 퇴직금에 관한 법리,0,1,0,0,1,0,0,0,0,
2020다264010,,2020da264010,,2024.09.12,임기 만료 전 이사 해임시 손해배상 인정 사례,0,1,0,0,1,0,0,0,0,
2020다267491,,2020da267491,,2024.09.27,대리운전기사의 노조법상 근로자지위 인정 사례,0,1,0,0,1,0,0,0,0,
2020다267491514,,2020da267491514,,,,0,0,0,0,0,0,0,1,0,
2020다270503,,2020da270503,,2021.11.25,직장 내 괴롭힘 또는 성희롱 인정 사례,0,1,0,0,1,0,0,0,0,
2020다270503366,,2020da270503366,,,,0,0,0,0,0,0,0,1,0,
2020다270770,,2020da270770,,2021.04.29,블랙리스트 작성자에 대한 징계 정당성 인정 사례,0,1,0,0,1,0,0,0,0,
2020다270947,,2020da270947,,2025.12.11,파견근로자 직접고용의무 불이행에 대한 손해배상책임 인정,0,1,0,0,1,0,0,0,0,
2020다271650,,2020da271650,,2024.04.25,도시 일용근로자의 월 가동일수를 20일로 본 사례,0,1,0,0,1,0,0,0,0,
2020다272684,,2020da272684,,2023.11.09,해고처분이 아닌 민법상의 고용계약 해지통고로 인정한 사례,0,1,0,0,1,0,0,0,0,
2020다273939,,2020da273939,대법원,2021.11.11,퇴직금청구의소,1,0,2,0,0,0,1,0,0,
2020다279951,,2020da279951,,2022.02.10,취업규칙보다 유리한 근로계약 효력 인정 사례,0,1,0,0,1,0,0,0,0,
2020다279951846,,2020da279951846,,,,0,0,0,0,0,0,0,1,0,
2020다281367,,2020da281367,,2021.03.25,성희롱 사유 대학생 징계처분의 정당성 인정 사례,0,1,0,0,1,0,0,0,0,
2020다282674,,2020da282674,대법원,2023.12.14,교수지위확인등청구의소,1,1,2,0,1,0,0,0,1,
2020다287921,,2020da287921,대법원,2024.07.25,근로자지위확인[파견근로자에 대한 퇴직금 공제의 범위가 문제된 사건],1,1,4,0,1,0,0,0,1,
2020다294479,,2020da294479,,,,0,0,0,0,0,0,0,1,0,
2020다294479198,,2020da294479198,,,,0,0,0,0,0,0,0,1,0,
2020다294486,,2020da294486,대법원,2022.03.31,임금,1,1,2,0,1,0,0,0,1,
2020다296321,,2020da296321,대법원,2021.07.08,임금,1,1,2,0,1,0,2,0,1,
2020다296819,,2020da296819,대법원,2022.08.19,퇴직금청구[채권추심원의 근로기준법상 근로자성 인정 여부가 쟁점이 된 사건],1,1,6,0,0,0,0,0,1,
2020다299955,,2020da299955,,2022.04.28,임금 및 퇴직금 우선변제청구권 행사 방식에 관한 법리,0,1,0,0,1,0,0,0,0,
2020다300299,,2020da300299,,2026.02.23,포괄임금계약시 최저임금 미달 여부를 판단하는 계산방법,0,1,0,9,0,3,0,0,0,
2020다301155,,2020da301155,대법원,2022.02.10,징계무효확인등,1,1,5,0,1,0,0,0,1,
2020다34356,,2020da34356,,,,0,0,0,0,0,0,0,1,0,
2020도11559,,2020do11559,,2021.02.04,협력업체에 대한 원청의 부당노동행위 취업방해 인정 사례,0,1,0,0,1,0,0,0,0,
2020도12560,,2020do12560,,2022.03.31,도급 사업주의 산업안전보건법 위반 인정 사례한국전력,0,1,0,0,1,0,0,0,0,
2020도15325,,2020do15325,,2022.10.27,노무도급에 있어서 안전보건총괄책임자 판단 사례,0,1,0,0,1,0,0,0,0,
2020도15325923,,2020do15325923,,,,0,0,0,0,0,0,0,1,0,
2020도15393,,2020do15393,대법원,2023.12.07,근로기준법위반·근로자퇴직급여보장법위반[1주간 12시간의 연장근로한도 위반 여부가 문제된 사건],1,1,6,0,0,0,0,0,1,
2020도15393271,,2020do15393271,,,,0,0,0,0,0,0,0,1,0,
2020도15738,,2020do15738,,2022.04.28,회식 자리에서의 직장 갑질 인정 사례,0,1,0,0,1,0,0,0,0,
2020도16228,,2020do16228,대법원,2023.06.15,근로기준법위반·최저임금법위반[근로기준법상 가산임금 규정이 적용되는 근로기준법 제11조 제1항의 ‘상시 5명 이상의 근로자를 사용하는 사업 또는 사업장’에 해당하는지 여부가 문제된 사건],1,1,3,0,1,0,0,0,1,
2020도16431,,2020do16431,대법원,2023.04.27,노동조합및노동관계조정법위반·근로기준법위반·남녀고용평등과일·가정양립지원에관한법률위반,1,1,4,0,1,0,0,0,1,
2020도16541,,2020do16541,대법원,2024.06.27,근로기준법위반[기간제 근로계약의 근로조건 명시의무가 문제된 사건],1,1,5,0,1,0,0,0,1,
2020도16541113,,2020do16541113,,,,0,0,0,0,0,0,0,1,0,
2020도17654,,2020do17654,대법원,2021.02.25,근로기준법위반ㆍ근로자퇴직급여보장법위반ㆍ최저임금법위반,1,1,2,0,1,0,0,0,1,
2020도17789,,2020do17789,,2022.03.17,삼성에버랜드 부당노동행위 인정 사례,0,1,0,0,1,0,0,0,0,
2020도18346,,2020do18346,,2021.08.26,동업약정 체결 미용사의 근로자 지위 부정 사례,0,1,0,0,1,0,0,1,1,
2020도3996,,2020do3996,,2021.09.30,대형 조선소 작업 현장 안전조치의무 위반 인정 사례,0,1,0,0,1,0,0,0,0,
2020도5646,,2020do5646,,2020.07.09,채용 절차에서 구직자 성추행 유죄 인정 사례,0,1,0,0,1,0,0,0,0,
2020도68,,2020do68,대법원,2022.02.11,근로기준법위반,1,1,5,0,1,0,0,0,1,
2020도7981,,2020do7981,,2020.12.24,회사대표의 강제추행죄 인정 사례,0,1,0,0,1,0,0,0,0,
2020도9188,,2020do9188,,2022.07.14,산업안전보건법 위반 유죄 인정 사례,0,1,0,0,1,0,0,0,0,
2020도9188924,,2020do9188924,,,,0,0,0,0,0,0,0,1,0,
2020도9257,,2020do9257,대법원,2022.04.14,근로기준법위반[사용자인 피고인이 인사규정상 정년을 변경한 것이 취업규칙을 근로자에게 불리하게 변경한 것인지가 문제된 사안],1,1,4,0,1,0,0,0,1,
2020두279951,,2020du279951,대법원,2022.2.10.,,0,0,0,0,0,0,1,1,0,
2020두30450,,2020du30450,대법원,2020.12.24,업무정지처분취소청구,1,0,4,0,0,0,0,0,0,
2020두31699,,2020du31699,,2020.09.24,석탄산업법에 따른 재해위로금 수급권자 인정 사례,0,1,0,0,1,0,0,0,0,
2020두31774,,2020du31774,,2020.06.04,장해급여청구권의 소멸사효 완성에 관한 법리와 부정 사례,0,1,0,0,1,0,0,0,0,
2020두32012,,2020du32012,,2020.06.04,상근으로 근무한 경력에 관한 법리,0,1,0,0,1,0,0,0,0,
2020두34308,,2020du34308,,2020.10.15,진폐 근로자에 대한 재해위로금 지급에 관한 법리,0,1,0,0,1,0,0,0,0,
2020두35592,,2020du35592,,2022.05.12,부당해고재심판정을 다툴 소의 이익 인정 사례,0,1,0,0,1,0,0,0,0,
2020두36168,,2020du36168,,2021.02.25,업무상 재해 인정 - 과로사,0,1,0,0,1,0,0,0,0,
2020두39228,,2020du39228,,2020.12.10,휴업급여와 장해급여 중복지급 부정 사례,0,1,0,0,1,0,0,0,0,
2020두39297,,2020du39297,,2020.12.24,과로사 인정 사례,0,1,0,0,1,0,0,0,0,
2020두39723,,2020du39723,,,,0,0,0,0,0,0,0,1,0,
2020두39808,,2020du39808,,2020.12.10,휴업급여와 장해보상연금 지급에 관한 법리,0,1,0,0,1,0,0,0,0,
2020두40693,,2020du40693,,2021.08.12,공무원 연금 환수 및 삭감 지급애 관한 법리,0,1,0,0,1,0,0,0,0,
2020두40945,,2020du40945,대법원,2021.07.08,부당해고구제재심판정취소,1,1,2,0,1,0,0,0,1,
2020두44213,,2020du44213,,2021.12.10,전보처분을 부당한 징계로 인정한 사례,0,1,0,0,1,0,0,1,1,
2020두44213325,,2020du44213325,,,,0,0,0,0,0,0,0,1,0,
2020두45308,,2020du45308,,2021.06.03,용역업체 변경시 고용승계 기대권 인정 사례,0,1,0,0,1,0,0,0,0,
2020두47908,,2020du47908,,2024.05.30,아파트 관리 방식 변경 이유 정리해고 정당성 인정 사례,0,1,0,0,1,0,0,0,0,
2020두48017,,2020du48017,,2021.01.14,전보처분이 징계절차를 요하는 징계처분으로 인정된 사례,0,1,0,0,1,0,0,0,0,
2020두48512,,2020du48512,,2021.04.29,어선원 재해보험급여청구권에 관한 법리,0,1,0,0,1,0,0,0,0,
2020두49355,,2020du49355,대법원,2024.02.29,차별시정재심판정취소청구의소,1,1,5,0,1,0,0,0,1,
2020두49355879,,2020du49355879,,,,0,0,0,0,0,0,0,1,0,
2020두50966,,2020du50966,,2023.10.26,해외 파견 공무원교원의 수당 지급에 관한 법리,0,1,0,0,1,0,0,0,0,
2020두51587,,2020du51587,,2021.02.25,직업정보제공사업자의 준수 사항 위반 사례,0,1,0,0,1,0,0,0,0,
2020두53545,,2020du53545,,2023.03.13,위법한 직권면직의 경우 계급정년기간 연장 인정 사례,0,1,0,0,1,0,0,0,0,
2020두54852,,2020du54852,대법원,2022.07.14,부당해고구제재심판정취소,1,1,3,0,1,0,0,0,1,
2020두54869,,2020du54869,대법원,2024.01.25,요양급여불승인처분취소청구,1,1,6,0,1,0,0,0,1,
2020두58274,,2020du58274,,2021.07.29,해고통지서를 짧게 간략히 기재한 경우 효력 여부,0,1,0,0,1,0,0,0,0,
2020헌마237,,2020heonma237,,2024.07.01,교섭창구단일화는 합헌,0,1,0,29,0,0,0,0,0,
2020헌바257,,2020heonba257,헌법재판소,2024.01.25,구 산업재해보상보험법  제37조 제1항 등  위헌소원,1,0,0,0,0,0,0,0,0,원장미수록(섹션없음)
2021가단5160620,,2021gadan5160620,,,,0,0,0,0,0,0,0,1,0,
2021구합71748,,2021guhap71748,,,,0,0,0,0,0,0,0,1,0,
2021나316060,,2021na316060,,,,0,0,0,0,0,0,0,1,0,
2021노438,,2021no438,,,,0,0,0,0,0,0,0,1,0,
2021다169,,2021da169,,2024.01.04,파견근로자 직접고용 간주시 대기발령의 정당성 인정 사례,0,1,0,0,1,0,0,0,0,
2021다169337,,2021da169337,,,,0,0,0,0,0,0,0,1,0,
2021다201143,,2021da201143,,,,0,0,0,0,0,2,0,0,0,
2021다203135,,2021da203135,,2025.03.13,산업재해 관련 손해배상책임의 구상관계에 관한 법리,0,1,0,0,1,0,0,0,0,
2021다20687,,2021da20687,대법원,2022.7.14.,,0,0,0,0,0,0,1,1,0,
2021다206974,,2021da206974,,2025.09.11,재직조건부 임금의 통상임금 인정 사례,0,1,0,0,1,0,0,0,0,
2021다210102,,2021da210102,대법원,2022.05.26,근로자지위확인청구등의소,1,1,2,0,1,0,0,0,1,
2021다210621,,2021da210621,대법원,2022.05.26,근로자지위확인등,1,1,2,0,1,0,0,0,1,
2021다210621863,,2021da210621863,,,,0,0,0,0,0,0,0,1,0,
2021다210829,,2021da210829,대법원,2022.12.01,퇴직금,1,1,5,0,1,0,0,0,1,
2021다213477,,2021da213477,대법원,2023.04.27,근로에관한소송,1,0,3,0,0,0,1,0,0,
2021다216558,,2021da216558,대법원,2014.6.17.,,0,0,0,0,0,0,1,1,0,
2021다216957,,2021da216957,,2025.02.20,조건부 상여금 등의 통상임금 인정 사례,0,1,0,0,1,0,0,0,0,
2021다217370,,2021da217370,,2021.06.10,건설공사 직상수급인의 임금지급책임에 관한 법리,0,1,0,0,1,0,0,0,0,
2021다218083,,2021da218083,대법원,2022.02.17,임금[퇴직금 산정과 관련하여 계속근로기간의 기산점이 언제인지가 문제된 사건],1,1,3,0,0,0,0,0,1,
2021다218755,,2021da218755,,2025.09.25,파견근로관계 인정 파견근로자 직접고용 의사표시 청구i,0,1,0,0,1,0,0,0,0,
2021다219260,,2021da219260,,2021.09.09,임금인상 소급분의 통상임금 인정 사례,0,1,0,0,1,0,0,0,0,
2021다219529,,2021da219529,,2021.09.16,직장 내 성희롱에 대한 손해배상책임 인정 사례,0,1,0,0,1,0,0,0,0,
2021다219994,,2021da219994,,2026.02.13,"지급의무를 부담한다고 보기 어렵고, 근로자들이 통제하기 어려운 요인들의 영향을 더 크게 받는 영업이익에 따른 경영성과급은 임금이 아니다.",0,1,0,16,0,0,0,0,0,
2021다220062,,2021da220062,,2024.11.14,통상임금 및 근로시간 판단 사례,0,1,0,0,1,0,0,0,0,
2021다221638,,2021da221638,,2022.07.28,포스코 협력회사 직원들의 근로자파견관계 인정 사례,0,1,0,0,1,0,0,0,0,
2021다221638863,,2021da221638863,,,,0,0,0,0,0,0,0,1,0,
2021다222914,,2021da222914,대법원,2021.08.12,퇴직금청구의소,1,1,2,0,0,0,0,0,1,
2021다225845,,2021da225845,대법원,2021.07.21,임금,1,1,2,0,0,0,0,0,1,
2021다226558,,2021da226558,,2024.06.17,근로자파견관계 인정 사례 직접고용의무 불이행 책임,0,1,0,0,1,0,0,1,1,
2021다226886,,2021da226886,,2023.03.30,성희롱 이유 파면 정당성 인정 사례,0,1,0,0,1,0,0,0,0,
2021다227100,,2021da227100,대법원,2021.10.14,손해배상(국),1,1,2,0,0,0,0,0,1,
2021다227100305,,2021da227100305,,,,0,0,0,0,0,0,0,1,0,
2021다229076,,2021da229076,대법원,2024.07.25,임금·부당이득금,1,1,2,0,1,0,0,0,1,
2021다229588,,2021da229588,대법원,2023.04.27,근로에관한소송,1,1,3,0,1,0,0,0,1,
2021다229601,,2021da229601,대법원,2023.04.27,근로에관한소송,1,1,9,0,1,0,0,0,1,
2021다229861,,2021da229861,,2022.03.31,급여등 반납 노사합의의 적용 사례,0,1,0,0,1,0,0,0,0,
2021다229861661,,2021da229861661,,,,0,0,0,0,0,0,0,1,0,
2021다229861662,,2021da229861662,,,,0,0,0,0,0,0,0,1,0,
2021다234924,,2021da234924,대법원,2021.09.09,약정금,1,1,2,0,1,0,0,0,1,
2021다239134,,2021da239134,,2025.08.28,재직조건부 상여금의 통상임금성 인정 사례,0,1,0,0,1,0,0,0,0,
2021다241618,,2021da241618,,2022.03.24,제3자 재해에 대한 구상금 청구의 과실상계에 관한 법리,0,1,0,0,1,0,0,0,0,
2021다245528,,2021da245528,,2025.03.27,파견근로자 직접고용의무 불이행에 대한 손해배상 인정 사례,0,1,0,0,1,0,0,0,0,
2021다245528871,,2021da245528871,,,,0,0,0,0,0,0,0,1,0,
2021다245535,,2021da245535,,,,0,0,0,0,0,0,0,1,0,
2021다245542,,2021da245542,,2025.02.13,불법파견 근로자 직접고용시 적용 근로조건 판단 사례,0,1,0,0,1,0,0,0,0,
2021다246545,,2021da246545,대법원,2024.07.25,임금[주휴수당이 최저임금 지급대상인지 여부가 문제된 사건],1,0,3,0,0,0,1,0,0,
2021다248053,,2021da248053,,2025.12.11,파견근로자 직접고용의무 불이행에 대한 손해배상책임 인정,0,1,0,0,1,0,0,0,0,
2021다248299,,2021da248299,,2026.02.13,경영성과급도 근로제공과 직접적으로 관련되거나 밀접하게 관련되었다면 퇴직금에 포함된다.,0,1,0,25,0,0,0,0,0,
2021다251295,,2021da251295,대법원,2024.07.11,호봉정정등,1,0,2,0,0,0,0,0,0,
2021다25129550,,2021da25129550,,,,0,0,0,0,0,0,0,1,0,
2021다252946,,2021da252946,,2024.03.12,산하 기관 직원 성과급 부지급 위법 인정 사례,0,1,0,0,1,0,0,1,1,
2021다253765,,2021da253765,,2024.01.11,통상임금 인정에 따른 추가청구의 신의칙 위반 부정 사례,0,1,0,0,1,0,0,0,0,
2021다254799,,2021da254799,,2023.04.13,대한법률구조공단 변호사 직원 징계 무효 사례,0,1,0,0,1,0,0,0,0,
2021다255051,,2021da255051,대법원,2021.11.11,용역비,1,1,5,0,1,0,0,0,1,
2021다25505147,,2021da25505147,,,,0,0,0,0,0,0,0,1,0,
2021다255853,,2021da255853,,2024.11.21,손해배상채권과 직무상유족연금의 공제 순서,0,1,0,0,1,0,0,0,0,
2021다258463,,2021da258463,대법원,2024.05.30,직무발명보상금,1,1,3,0,1,0,0,0,1,
2021다263748,,2021da263748,,2022.08.19,업무상 재해를 가한 동료근로자의 제3자 해당 부정 사례,0,1,0,0,1,0,0,0,0,
2021다263748913,,2021da263748913,,,,0,0,0,0,0,0,0,1,0,
2021다273264,,2021da273264,,2023.09.21,포괄임금제의 최저임금법 위반 인정 사례,0,1,0,0,1,0,0,0,0,
2021다274069,,2021da274069,대법원,2024.07.11,근로자지위확인등,1,1,5,0,1,0,0,0,1,
2021다279903,,2021da279903,대법원,2022.08.19,임금,1,1,2,0,1,0,0,0,1,
2021다280781,,2021da280781,대법원,2022.04.14,임금,1,1,8,0,1,0,0,0,1,
2021다284462,,2021da284462,,2022.03.17,하나의 사고에 장해공제금과 사망공제금 모두 인정 사례,0,1,0,0,1,0,0,0,0,
2021다290160,,2021da290160,대법원,2022.04.28,근로자지위확인등,1,1,2,0,1,0,0,0,1,
2021다304779,,2021da304779,,2024.10.08,만근 초과 근로시간은 최저임금 산정 대상 시간 아님,0,1,0,0,1,0,0,0,0,
2021다304786,,2021da304786,,,,0,0,0,0,0,0,0,1,0,
2021다310484,,2021da310484,대법원,2023.04.13,고용의사표시등,1,1,2,0,1,0,0,0,1,
2021다69,,2021da69,대법원,2024.1.4.,,0,0,0,0,0,0,1,1,0,
2021다79903,,2021da79903,,,,0,0,0,0,0,0,0,1,0,
2021도1089,,2021do1089,,2022.04.28,명예훼손죄 성립 부정 사례,0,1,0,0,1,0,0,0,0,
2021도11288,,2021do11288,,2022.07.28,산업안전보건법 위반 인정 사례,0,1,0,0,1,0,0,0,0,
2021도11547,,2021do11547,,2021.11.11,포클레인 기사의 업무상 주의의무 위반 인정 사례,0,1,0,0,1,0,0,0,0,
2021도11675,,2021do11675,대법원,2023.09.21,근로자퇴직급여보장법위반[의료소비자생활협동조합의 봉직의가 근로기준법상 ‘근로자’에 해당하는지 여부가 문제되는 사건],1,1,6,0,1,0,0,0,1,
2021도11886,,2021do11886,,2025.07.17,연차휴가 사용 신청 기한 위반에 관한 법리,0,1,0,0,1,0,0,0,0,
2021도11886301,,2021do11886301,,,,0,0,0,0,0,0,0,1,0,
2021도1500,,2021do1500,,,,0,0,0,0,0,0,0,1,0,
2021도15004,,2021do15004,,2022.01.14,중량물 취급 작업시 안전조치의무 위반 사례,0,1,0,0,1,0,0,0,0,
2021도17523,,2021do17523,,2022.08.31,수급인의 근로자에 대한 도급인의 안전보호의무 위반 인정 사례,0,1,0,0,1,0,0,0,0,
2021도17744,,2021do17744,,2022.04.14,직장내 관계에서 명예훼손죄 성립 부정 사례,0,1,0,0,1,0,0,0,0,
2021도3992,,2021do3992,,2021.06.10,반의사불벌죄反意思不罰罪의 처벌 불원 의사표시 시기,0,1,0,0,1,0,0,0,0,
2021도6112,,2021do6112,,2021.07.21,여성 상사의 여성 부하에 대한 강제추행 인정 사례,0,1,0,0,1,0,0,0,0,
2021도6416,,2021do6416,대법원,2021.08.26,명예훼손,1,1,4,0,1,0,0,0,1,
2021도6634,,2021do6634,,2021.09.30,노조위원장에 대한 허위사실 유포의 업무방해죄 성립 부정 사례,0,1,0,0,1,0,0,0,0,
2021도8361,,2021do8361,,2022.06.30,기간제 교원 공무원 신분 인정 사례 직무유기 부정 사례,0,1,0,0,1,0,0,0,0,
2021도9055,,2021do9055,,2022.09.07,노조원에 의한 주거침입과 업무방해 부정 사례,0,1,0,0,1,0,0,0,0,
2021두31832,,2021du31832,,2022.03.11,단체협약 정년 나이 해석 사례,0,1,0,0,1,0,0,0,0,
2021두33470,,2021du33470,대법원,2023.12.28,부당해고구제재심판정취소,1,1,5,0,1,0,0,0,1,
2021두33715,,2021du33715,대법원,2022.04.14,부당해고구제재심판정취소[보험회사 위탁계약형 지점장의 근로기준법상 근로자성 인정 여부가 쟁점이 된 사건],1,1,6,0,1,0,0,0,1,
2021두34275,,2021du34275,대법원,2021.10.14,유족급여및장의비부지급처분취소,1,1,4,0,1,0,0,0,1,
2021두35438,,2021du35438,대법원,2023.07.13,평균임금정정불승인및보험급여차액부지급처분취소청구의소[최초 진폐 진단을 받은 후 진폐 및 활동성 폐결핵 진단을 받고 재요양을 받던 중 사망한 근로자에 대한 유족급여 산정이 문제된 사건],1,1,5,0,1,0,0,0,1,
2021두36103,,2021du36103,대법원,2021.07.29,부당해고구제재심판정취소,1,1,4,0,1,0,0,0,1,
2021두37687,,2021du37687,,2021.09.09,공공근로사업 종사 일용직의 업무상 재해 인정 사례,0,1,0,0,1,0,0,0,0,
2021두38567,,2021du38567,,2022.01.13,업무상 스트레스로 인한 사망 인정 사례,0,1,0,0,1,0,0,0,0,
2021두39034,,2021du39034,대법원,2023.06.15,부당해고구제재심판정취소,1,1,3,0,1,0,0,0,1,
2021두45114,,2021du45114,대법원,2021.10.28,부당해고구제재심판정취소,1,1,5,0,1,0,0,0,1,
2021두45633,,2021du45633,대법원,2022.02.11,유족급여및장의비부지급처분취소,1,1,2,0,1,0,0,0,1,
2021두46285,,2021du46285,대법원,2022.07.14,부당해고구제재심판정취소,1,1,2,0,1,0,0,0,1,
2021두46285487,,2021du46285487,,,,0,0,0,0,0,0,0,1,0,
2021두47387,,2021du47387,대법원,2021.11.25.,,0,0,0,0,0,0,1,1,0,
2021두48083,,2021du48083,,2021.12.16,징계사유 보고를 하지 않은 경우 징계시효 기산 시점,0,1,0,0,1,0,0,0,0,
2021두49772,,2021du49772,,2024.06.17,사립대 기간제교원 재임용 거부 위법성 인정 사례,0,1,0,0,1,0,0,0,0,
2021두50642,,2021du50642,대법원,2022.01.14,부당해고구제재심판정취소[서면해고통지에 구체적인 비위행위가 기재되지 않고 축약기재되어 그 적법성이 문제된 사안],1,1,4,0,1,0,0,0,1,
2021두56190,,2021du56190,,2022.03.11,군인사법상 징계시효 기산점에 관한 법리,0,1,0,0,1,0,0,0,0,
2021두60687,,2021du60687,,2022.07.14,현대차 카마스터의 근로기준법상 근로자 지위 부정 사례,0,1,0,0,1,0,0,0,0,
2021두6068744,,2021du6068744,,,,0,0,0,0,0,0,0,1,0,
2021두60960,,2021du60960,,2022.04.14,직업훈련기관의 부정이득에 대한 제재처분에 관한 법리,0,1,0,0,1,0,0,0,0,
2021두63020,,2021du63020,,2022.05.13,일반직공무원 민간근무경력의 호봉 산입에 관한 법리,0,1,0,0,1,0,0,0,0,
2021헌마1234,,2021heonma1234,,,,0,0,0,0,0,2,0,0,0,예시확정
2022나2025019,,2022na2025019,,,,0,0,0,0,0,0,0,1,0,
2022나2025019608,,2022na2025019608,,,,0,0,0,0,0,0,0,1,0,
2022누54285,,2022nu54285,,,,0,0,0,0,0,0,0,1,0,
2022누54285626,,2022nu54285626,,,,0,0,0,0,0,0,0,1,0,
2022다166,,2022da166,,2025.06.12,직접고용간주 규정에 관한 법리,0,1,0,0,1,0,0,0,0,
2022다200249,,2022da200249,대법원,2022.05.26,임금,1,1,3,0,1,0,0,0,1,
2022다202894,,2022da202894,,2023.06.29,임금피크제 규정 변경의 정당성 인정 사례,0,1,0,0,1,0,0,0,0,
2022다203798,,2022da203798,대법원,2022.05.12,임금[여객자동차 운수사업법상 보수교육이 근로시간에 포함됨을 전제로 임금을 청구한 사건],1,1,4,0,1,0,0,0,1,
2022다203798262,,2022da203798262,,,,0,0,0,0,0,0,0,1,0,
2022다206841,,2022da206841,대법원,2022.5.20.,,0,0,0,0,0,0,1,1,0,
2022다207967,,2022da207967,,2022.06.16,이사 지위 확인소송의 소익 부정 사례,0,1,0,0,1,0,0,0,0,
2022다208755,,2022da208755,,2025.05.18,해외 파견 근무 후 의무근무 위반을 이유로 한 비용 반환 계약은 무효,0,1,0,13,0,0,0,0,0,
2022다214040,,2022da214040,,,근로복지공단 대위권 행사범위 새로운법리,0,1,0,0,1,0,0,0,0,
2022다215784,,2022da215784,대법원,2024.01.25,임금,1,1,4,0,1,0,0,0,1,
2022다215784183,,2022da215784183,,,,0,0,0,0,0,0,0,1,0,
2022다219540,,2022da219540,대법원,2022.12.01,임금·약정금,1,1,3,0,1,0,0,0,1,
2022다224290,,2022da224290,대법원,2024.05.30,근로자지위확인등청구의소·근로자지위확인등[자동차 제조·판매회사와 협력업체 및 2차 부품물류회사 소속 근로자 사이에 근로자파견관계를 인정할 수 있는지 여부가 문제된 사건],1,1,6,0,1,0,0,0,1,
2022다226234,,2022da226234,대법원,2023.02.02,임금,1,1,8,0,1,0,0,0,1,
2022다231403,,2022da231403,대법원,2023.11.16,임금·부당이득금,1,1,3,0,1,0,0,0,1,
2022다231403307,,2022da231403307,,,,0,0,0,0,0,0,0,1,0,
2022다233874,,2022da233874,대법원,2024.07.25,구상금,1,0,4,0,0,0,0,0,0,
2022다243871,,2022da243871,,,,0,0,0,0,0,0,0,1,0,
2022다245419,,2022da245419,대법원,2022.09.07,연차수당지급,1,1,4,0,1,0,0,0,1,
2022다245419307,,2022da245419307,,,,0,0,0,0,0,0,0,1,0,
2022다245518,,2022da245518,대법원,2022.10.14,임금,1,1,5,0,1,0,0,0,1,
2022다252578,,2022da252578,,2024.03.17,정기상여금은 통상임금에 해당,0,1,0,7,0,0,0,0,0,
2022다257238,,2022da257238,,2025.07.18,격일제 근로자 임금 중 통상임금 해당 여부 판단 사례,0,1,0,0,1,0,0,0,0,
2022다261534,,2022da261534,,2022.11.10,각종 인센티브의 급여소득 인정 사례,0,1,0,0,1,0,0,0,0,
2022다265635,,2022da265635,,2024.07.11,도급업체와 수급업체 근로자들의 파견근로관계 인정 사례,0,1,0,0,1,0,0,0,0,
2022다270989,,2022da270989,,2024.09.12,직접고용의무 위반 손해배상액 산정시 적용 근로시간,0,1,0,0,1,0,0,0,0,
2022다270989869,,2022da270989869,,,,0,0,0,0,0,0,0,1,0,
2022다273964,,2022da273964,,2023.02.02,직장 내 성희롱 손해배상에 관한 법리,0,1,0,0,1,0,0,0,0,
2022다276369,,2022da276369,,2025.09.26,파견근로관계 부정 파견근로자 직접고용시 적용 근로조건,0,1,0,0,1,0,0,0,0,
2022다286755,,2022da286755,,2023.09.21,공무직 근로자 전보처분 정당성 인정 사례,0,1,0,0,1,0,0,0,0,
2022다291153,,2022da291153,,2025.12.21,"1주 소정근로일이 5일 미만인 경우, 유급 주휴수당(주휴시간) 산정 방법",0,1,0,12,0,7,0,0,0,
2022다294633,,2022da294633,,,,0,0,0,0,0,0,0,1,0,
2022다294633199,,2022da294633199,,,,0,0,0,0,0,0,0,1,0,
2022다307003,,2022da307003,대법원,2023.04.27,임금,1,1,4,0,1,0,0,0,1,
2022도1168,,2022do1168,,2022.04.14,실습변호사의 근로자 지위 인정 사례,0,1,0,0,1,0,0,1,1,
2022도14320,,2022do14320,,2024.05.30,영업비밀 침해 인정 사례,0,1,0,0,1,0,0,0,0,
2022도16668,,2022do16668,,,산업안전보건법 위반 인정,0,1,0,0,1,0,0,0,0,
2022도2188,,2022do2188,대법원,2022.05.26,근로기준법위반,1,1,2,0,1,0,0,0,1,
2022도2278,,2022do2278,,2025.01.23,인턴횔동비 부정 수령의 보조금법 위반 부정 사례,0,1,0,0,1,0,0,0,0,
2022도3393,,2022do3393,,2023.03.16,하나은행 신입사원 부정 채용 사건,0,1,0,0,1,0,0,0,0,
2022도4925,,2022do4925,,,,0,0,0,0,0,0,0,1,0,
2022두19,,2022du19,대법원,2022.11.17,수당금,1,1,2,0,1,0,0,0,1,
2022두30072,,2022du30072,대법원,2022.05.26,유족급여및장의비부지급처분취소[유족급여및장의비부지급처분취소 사건],1,1,3,0,1,0,0,0,1,
2022두31136,,2022du31136,,2022.06.16,성희롱 교원 해임처분 정당성 인정 사례,0,1,0,0,1,0,0,0,0,
2022두33323,,2022du33323,,2022.07.14,성희롱 가해자 해임처분 정당성 인정 사례,0,1,0,0,1,0,0,0,0,
2022두33385,,2022du33385,,2022.05.26,진폐판정절차의 기속성 및 적용에 관한 법리,0,1,0,0,1,0,0,0,0,
2022두43405,,2022du43405,,2024.09.12,교장 퇴임후 원로교사 임용 거부 정당성 부정 사례,0,1,0,0,1,0,0,0,0,
2022두45623,,2022du45623,,2022.10.14,공무원 직위해제처분의 종료 시기에 관한 법리,0,1,0,0,1,0,0,0,0,
2022두47391,,2022du47391,대법원,2023.04.13,요양불승인처분취소,1,1,8,0,1,0,0,0,1,
2022두50571,,2022du50571,,2024.02.08,사립 교원 해임처분 쟁송중 당연퇴직된 경우 소의 이익 인정 사례,0,1,0,0,1,0,0,0,0,
2022두51598,,2022du51598,,2025.11.06,진폐 광부에게 지급하는 재해위로금 산정 사례,0,1,0,0,1,0,0,0,0,
2022두53716,,2022du53716,,2022.12.15,복수노조 상황 교섭단위 분리결정 취소 사례,0,1,0,0,1,0,0,0,0,
2022두56630,,2022du56630,,2023.01.12,사립학교 직원 보수규정에 관한 법리,0,1,0,0,1,0,0,0,0,
2022두57138,,2022du57138,,2024.04.16,교원노동관계 중재재정 정당성 인정 사례,0,1,0,0,1,0,0,0,0,
2022두57138936,,2022du57138936,,,,0,0,0,0,0,0,0,1,0,
2022두57695,,2022du57695,대법원,2023.02.02,부당해고구제재심판정취소[묵시적 의사표시에 의한 해고를 인정하기 위한 기준이 문제된 사건],1,1,5,0,0,0,0,0,1,
2022두57695427,,2022du57695427,,,,0,0,0,0,0,0,0,1,0,
2022두59783,,2022du59783,,2023.03.30,공직윤리 위반 베트남 특명전권대사 해임처분 사례,0,1,0,0,1,0,0,0,0,
2022두64518,,2022du64518,대법원,2023.04.13,평균임금정정(유족급여및장의비)및보험금차액부지급처분취소,1,1,5,0,1,0,0,0,1,
2022두64693,,2022du64693,대법원,2025.05.15,공정대표의무위반시정재심판정취소[사용자의 노동조합에 대한 차량 임차비용 지원 행위가 공정대표의무 위반에 해당하는지가 문제된 사건],1,0,6,0,0,0,0,0,0,
2022두64693639,,2022du64693639,,,,0,0,0,0,0,0,0,1,0,
2022두65092,,2022du65092,,2024.01.04,공무원 승진 심사 위법성과 징계 부당성 인정 사례,0,1,0,0,1,0,0,0,0,
2022두66576,,2022du66576,,2023.06.15,공익신고자 보호조치에 관한 법리,0,1,0,0,1,0,0,0,0,
2022추5156,,2022chu5156,대법원,2023.07.13,조례안재의결무효확인,1,0,2,0,0,0,0,0,0,
2023나2014115,,2023na2014115,,,,0,0,0,0,0,0,0,1,0,
2023나201411560,,2023na201411560,,,,0,0,0,0,0,0,0,1,0,
2023다200314,,2023da200314,,2024.12.26,택시회사 소정근로시간 단축 합의의 효력 판단 사례,0,1,0,0,1,0,0,0,0,
2023다206138,,2023da206138,,2024.10.25,택시회사 소정근로시간 판단 사례,0,1,0,0,1,0,0,0,0,
2023다209106,,2023da209106,,2025.09.26,호봉제에서 연봉제로 전환적용하는 첫해 연봉의 산정 사례,0,1,0,0,1,0,0,0,0,
2023다211345,,2023da211345,,2024.11.28,신설 택시회사 1일 소정근로시간 3시간 합의는 무효,0,1,0,0,1,0,0,0,0,
2023다211345154,,2023da211345154,,,,0,0,0,0,0,0,0,1,0,
2023다213556,,2023da213556,대법원,2024.07.11,금품청산금지급청구의소,1,1,2,0,1,0,0,0,1,
2023다215842,,2023da215842,,2023.10.26,현대차 2차 협력업체 근로자의 근로자파견관계 부정 사례,0,1,0,0,1,0,0,0,0,
2023다216777,,2023da216777,,2025.08.14,공공기관 경영성과급 등의 통상임금성 부정 사례,0,1,0,0,1,0,0,0,0,
2023다216777198,,2023da216777198,,,,0,0,0,0,0,0,0,1,0,
2023다217312,,2023da217312,대법원,2024.07.11,임금등[비전업 시간강사가 초단시간근로자에 해당하는지 여부가 문제된 사건],1,1,6,0,1,0,0,0,1,
2023다217312263,,2023da217312263,,,,0,0,0,0,0,0,0,1,0,
2023다219752,,2023da219752,,2025.07.03,보험회사 교육담당 매니저의 근로자 지위,0,1,0,0,1,0,0,0,0,
2023다220691,,2023da220691,,2025.07.18,고용평등법 위반 업무지시 불응 이유 면직처분 무효 인정 사례,0,1,0,0,1,0,0,0,0,
2023다221359,,2023da221359,,2023.07.27,포괄임금제 부정 사례,0,1,0,0,1,0,0,0,0,
2023다223508,,2023da223508,,2023.06.23,한국은행 청원경찰 당직근무의 통상근무 인정 사례,0,1,0,0,1,0,0,0,0,
2023다223744,,2023da223744,대법원,2024.07.25,임금·약정금[택시운전근로자들이 택시회사에 대하여 최저임금 미달액 지급을 청구한 사건],1,1,5,0,1,0,0,0,1,
2023다223751,,2023da223751,,,,0,0,0,0,0,0,0,1,0,
2023다237460,,2023da237460,,2024.01.04,택시회사 소정근로시간수 단축 합의의 효력에 관한 법리,0,1,0,0,1,0,0,0,0,
2023다237514,,2023da237514,,2024.11.20,직무발명보상금 결정에 관한 법리,0,1,0,0,1,0,0,0,0,
2023다239718,,2023da239718,,,근로복지공단 가해자 보험자 대위청구,0,1,0,0,1,0,0,0,0,
2023다251718,,2023da251718,,2025.07.03,삼성 어용노동조합대항노조의 단체협약 무효 인정 사례,0,1,0,0,1,0,0,0,0,
2023다251718540,,2023da251718540,,,,0,0,0,0,0,0,0,1,0,
2023다258658,,2023da258658,,2024.10.25,스톱옵션 약정 관련 손해배상 판단 사례,0,1,0,0,1,0,0,0,0,
2023다275998,,2023da275998,대법원,2024.01.25,임금,1,0,4,0,0,0,1,0,0,
2023다276823,,2023da276823,,2024.11.14,성희롱 가해자 무징계 사직처리한 회사의 손배책임 인정,0,1,0,0,1,0,0,0,0,
2023다279402,,2023da279402,,2024.05.30,택시회사 소정근로시간 단축합의 무효 인정 사례,0,1,0,0,1,0,0,0,0,
2023다280563,,2023da280563,,,,0,0,0,0,0,0,0,1,0,
2023다286189,,2023da286189,,,,0,0,0,0,0,0,0,1,0,
2023다287168,,2023da287168,,2024.11.14,직무발명보상금의 발명자 공헌도 판단 사례,0,1,0,0,1,0,0,0,0,
2023다297141,,2023da297141,,2025.06.26,산재 손해배상 산정의 과실상계 적용에 관한 법리,0,1,0,0,1,0,0,0,0,
2023다300559,,2023da300559,대법원,2024.04.12,임금등청구의소[부당하게 해고된 후 원직이 아닌 업무에 복직된 근로자가 사용자를 상대로 미지급 임금의 지급을 구하는 사건],1,1,3,0,1,0,0,0,1,
2023다300559476,,2023da300559476,,,,0,0,0,0,0,0,0,1,0,
2023다302579,,2023da302579,,,,0,0,0,0,0,13,0,0,0,
2023다302838,,2023da302838,,,,0,0,0,0,0,23,0,0,0,
2023다315391,,2023da315391,대법원,2024.04.16,부당이득금,1,1,2,0,1,0,0,0,1,
2023다318420,,2023da318420,,2025.07.17,위약금예정 금지 위반 부정 사례,0,1,0,0,1,0,0,0,0,
2023다318420123,,2023da318420123,,,,0,0,0,0,0,0,0,1,0,
2023도1086,,2023do1086,,2023.10.26,타인의 다면평가 결과를 열람한 경우의 죄책에 관한 법리,0,1,0,0,1,0,0,0,0,
2023도12316,,2023do12316,대법원,2023.12.28,산업안전보건법위반·업무상과실치사·중대재해처벌등에관한법률위반(산업재해치사),1,0,6,0,0,0,1,0,0,
2023도12878,,2023do12878,,2024.10.31,공무원 결격대상범죄 적용 부정 사례,0,1,0,0,1,0,0,0,0,
2023도14674,,2023do14674,,2024.11.14,산업안전보건법위반 인정 사례,0,1,0,0,1,0,0,0,0,
2023도18112,,2023do18112,,,채용 남녀고용평등법 위반 업무방해 부정,0,1,0,0,1,0,0,0,0,
2023도18539,,2023do18539,,2025.06.26,CCTV 영상정보를 징계심의 자료로 사용한 경우에 관한 법리,0,1,0,0,1,0,0,0,0,
2023도188,,2023do188,대법원,2023.07.13,근로자퇴직급여보장법위반,1,1,4,0,1,0,0,0,1,
2023도2318,,2023do2318,대법원,2023.12.07,근로자퇴직급여보장법위반,1,1,5,0,1,0,0,0,1,
2023도2580,,2023do2580,,2023.12.07,서부발전 산업안전보건법 위반 책임 부정 사례,0,1,0,0,1,0,0,0,0,
2023도3915,,2023do3915,,2024.07.11,수급업체 근로자들의 파견근로관계 인정 사례,0,1,0,0,1,0,0,0,0,
2023도5476,,2023do5476,,2024.12.12,상시근로자수 5인 이상 인정 사례,0,1,0,0,1,0,0,0,0,
2023도5476304,,2023do5476304,,,,0,0,0,0,0,0,0,1,0,
2023도5814,,2023do5814,,2023.09.14,고용관계 종료를 둘러싼 협의 과정으로 인정된 특수한 사례,0,1,0,0,1,0,0,0,0,
2023두31782,,2023du31782,,2023.06.29,교원 성과상여금 재분배 이유 징계처분은 위법,0,1,0,0,1,0,0,0,0,
2023두35623,,2023du35623,,2023.07.13,부패행위 신고자에 대한 불이익조치 금지에 관한 법리,0,1,0,0,1,0,0,0,0,
2023두41727,,2023du41727,대법원,2023.11.02,부당해고구제재심판정취소[기간제로 근무하다가 정년에 도달한 근로자에 대한 기간제(촉탁직) 재고용 거절의 효력이 문제된 사건],1,1,4,0,1,0,0,0,1,
2023두41727412,,2023du41727412,,,,0,0,0,0,0,0,0,1,0,
2023두41864,,2023du41864,,2025.04.03,부당노동행위 구제신청 기간 도과 부정 사례,0,1,0,0,1,0,0,0,0,
2023두41871,,2023du41871,,,,0,0,0,0,0,0,0,1,0,
2023두46074,,2023du46074,,2024.10.25,외국계 기업의 상시근로자 수 판단 사례,0,1,0,0,1,0,0,0,0,
2023두4607485,,2023du4607485,,,,0,0,0,0,0,0,0,1,0,
2023두49387,,2023du49387,,,,0,0,0,0,0,0,0,1,0,
2023두49387626,,2023du49387626,,,,0,0,0,0,0,0,0,1,0,
2023두50127,,2023du50127,,2023.12.28,공무원 채용 면접에서 장애인 차별 금지 위반 인정 사례,0,1,0,0,1,0,0,0,0,
2023두54914,,2023du54914,,,협동조합 택시운수종사자 근로자지위 판단기준,0,1,0,0,1,0,0,0,0,
2023두56712,,2023du56712,,2024.07.11,진폐장해위로금 지급에 관한 법리,0,1,0,0,1,0,0,0,0,
2023두57876,,2023du57876,,2024.10.25,다른 법인 같은 사업장의 상시근로자 수 판단 사례,0,1,0,0,1,0,0,0,0,
2023두5787684,,2023du5787684,,,,0,0,0,0,0,0,0,1,0,
2023두61370,,2023du61370,,2025.07.18,소수노조 조합원 징계 절차의 공정대표의무 위반 인정 사례,0,1,0,0,1,0,0,0,0,
2023두61370637,,2023du61370637,,,,0,0,0,0,0,0,0,1,0,
2023두63413,,2023du63413,,2025.04.24,2023두63413 진폐근로자의 유족급여에 적용할 평균임금 산정에 관한 법ᄅ,0,1,0,0,1,0,0,0,0,
2023두63413909,,2023du63413909,,,,0,0,0,0,0,0,0,1,0,
2023추5122,,2023chu5122,,,노동조합 사무실지원기준 조례안 효력 인정,0,1,0,0,1,0,0,0,0,
2024다203891,,2024da203891,,2024.07.25,파견근로자의 직접고용청구권의 소멸시효에 관한 법리,0,1,0,0,1,0,0,0,0,
2024다207558,,2024da207558,,,,0,0,0,0,0,0,0,1,0,
2024다20755860,,2024da20755860,,,,0,0,0,0,0,0,0,1,0,
2024다209783,,2024da209783,,2025.07.17,산업기술 침해금지 청구의 소멸시효에 관한 법리,0,1,0,0,1,0,0,0,0,
2024다210783,,2024da210783,대법원,2024.06.13,구상금,1,0,8,0,0,0,1,0,0,
2024다211908,,2024da211908,대법원,2024.07.25,근로에관한소송·근로에관한소송·근로에관한소송[파견근로자가 근로자파견관계의 성립을 주장하면서 고용의무이행과 함께 임금 차액 상당의 손해배상금 지급을 청구한 사건],1,1,4,0,1,0,0,0,1,
2024다226474,,2024da226474,,2025.05.15,택시운전근로자 소정근로시간 단축 합의 무효 인정 사례,0,1,0,0,1,0,0,0,0,
2024다229794,,2024da229794,,2025.11.06,격일제 근무 택시운전자 소정근로시간 인정 사례,0,1,0,0,1,0,0,0,0,
2024다250873,,2024da250873,,2024.09.12,부당하게 장기간 유지된 대기발령 무효 인정 사례,0,1,0,0,1,0,0,0,0,
2024다269143,,2024da269143,,2024.11.20,파견근로자 직접고용의무와 실효의 원칙,0,1,0,0,1,0,0,0,0,
2024다283422,,2024da283422,,,,0,0,0,0,0,0,0,1,0,
2024다283422188,,2024da283422188,,,,0,0,0,0,0,0,0,1,0,
2024다293092,,2024da293092,,2025.02.20,기간제 교원 보수규정취업규칙 변경의 불이익 부정 사례,0,1,0,0,1,0,0,0,0,
2024다293092148,,2024da293092148,,,,0,0,0,0,0,0,0,1,0,
2024다294705,,2024da294705,,2025.05.29,퇴직금 청구의 소멸시효 완성 인정 사례,0,1,0,0,1,0,0,0,0,
2024다294705499,,2024da294705499,,,,0,0,0,0,0,0,0,1,0,
2024다307571,,2024da307571,,,,0,0,0,0,0,0,0,1,0,
2024다30757139,,2024da30757139,,,,0,0,0,0,0,0,0,1,0,
2024도1309,,2024do1309,대법원,2024.04.25,근로기준법위반[근로기준법 제111조의 ‘확정된 구제명령 또는 구제명령을 내용으로 하는 재심판정을 이행하지 아니한 자’의 범위가 문제된 사건],1,1,3,0,1,0,0,0,1,
2024도1309491,,2024do1309491,,,,0,0,0,0,0,0,0,1,0,
2024도19305,,2024do19305,,2025.04.24,자료 무단 반출의 업무상 배임 부정 사례,0,1,0,0,1,0,0,0,0,
2024도20470,,2024do20470,,,택시운수 협동조합 근로자 사용자 인정,0,1,0,0,1,0,0,0,0,
2024도4055,,2024do4055,대법원,2024.06.27,근로기준법위반[구 근로기준법(2019. 4. 30. 법률 제16415호로 개정되기 전의 것) 제44조의2 위반의 고의가 문제된 사건],1,1,5,0,1,0,0,0,1,
2024도4055228,,2024do4055228,,,,0,0,0,0,0,0,0,1,0,
2024도8707,,2024do8707,,2024.09.27,성매매 범죄의 공범에게 지급한 급여의 추징 인정 사례,0,1,0,0,1,0,0,0,0,
2024두32973,,2024du32973,대법원,2024.07.25,부당해고구제재심판정취소,1,1,9,0,1,0,0,0,1,
2024두3297343,,2024du3297343,,,,0,0,0,0,0,0,0,1,0,
2024두34122,,2024du34122,,2024.12.24,임금이 아닌 복지포인트를 근로소득으로 인정한 사례,0,1,0,0,1,0,0,0,0,
2024두34122175,,2024du34122175,,,,0,0,0,0,0,0,0,1,0,
2024두40493,,2024du40493,,2024.09.13,실효된 대기발령에 대한 구제신청 이익 인정 사례,0,1,0,0,1,0,0,0,0,
2024두41038,,2024du41038,,2024.11.20,정년퇴직처분의 부당해고 인정 사례,0,1,0,0,1,0,0,0,0,
2024두48893,,2024du48893,,2025.05.15,고용유지지원금 부정 수급 인정 사례,0,1,0,0,1,0,0,0,0,
2024두50063,,2024du50063,,2025.12.11,장해등급 결정 사례,0,1,0,0,1,0,0,0,0,
2024두54683,,2024du54683,,2025.03.13,부당해고에 대한 금전보상명령을 받을 구제이익 인정 사례,0,1,0,0,1,0,0,0,0,
2024두54683488,,2024du54683488,,,,0,0,0,0,0,0,0,1,0,
2024두55259,,2024du55259,,,주식회사 임원 근로제공 부정,0,1,0,0,1,0,0,0,0,
2024두55877,,2024du55877,,2025.02.20,사립대학 교원재임용심사에 관한 법리,0,1,0,0,1,0,0,0,0,
2024마6760,,2024ma6760,,2024.12.24,택배기사 배송센터 노조활동의 정당성 인정 사례,0,1,0,0,1,0,0,0,0,
2024마6760591,,2024ma6760591,,,,0,0,0,0,0,0,0,1,0,
2025다209645,,2025da209645,,2025.06.12,임금 직접불 원칙에 관한 법리,0,1,0,0,1,0,0,0,0,
2025다211133,,2025da211133,,2025.07.16,산재보험과 자동차보험책임보험 사이의 구상금 산정 사례,0,1,0,0,1,0,0,0,0,
2025다214605,,2025da214605,,2025.12.11,이사의 보수 및 퇴직금 청구권 관련 사례,0,1,0,0,1,0,0,0,0,
2025다217529,,2025da217529,,,사납금 초과수입금 임금 인정,0,1,0,0,1,0,0,0,0,
2025도10267,,2025do10267,,2025.09.26,산업안전보건법위반 중대재해처벌등에관한법률위반,0,1,0,0,1,0,0,0,0,
2025도15060,,2025do15060,,,중대재해처벌법 적용사업장 인정,0,1,0,0,1,0,0,0,0,
2025도15459,,2025do15459,,2025.12.11,공무직은 형법상 공무원이라고 보기 어렵다고 한 사례,0,1,0,0,1,0,0,0,0,
2025도18022,,2025do18022,,,학교법인 사립학교교원 법률관계,0,1,0,0,1,0,0,0,0,
2025도2059,,2025do2059,,2025.05.01,노사협의회 정기회의 개최에 관한 법리,0,1,0,0,1,0,0,0,0,
2025도2059931,,2025do2059931,,,,0,0,0,0,0,0,0,1,0,
2025도3844,,2025do3844,,2025.12.11,임금 지급 연대책임을 지는 직상 수급인 판단 사례,0,1,0,0,1,0,0,0,0,
2025도4428,,2025do4428,,2025.08.14,도급인의 산업안전보건법 위반 인정 사례,0,1,0,0,1,0,0,0,0,
2025도4428924,,2025do4428924,,,,0,0,0,0,0,0,0,1,0,
2025두30721,,2025du30721,,2025.09.11,학교법인의 교원징계의결 요구 미이행의 위법 인정 사례,0,1,0,0,1,0,0,0,0,
2025두31809,,2025du31809,,2025.07.17,성희롱 연구부정 교수 해임처분 정당성 인정 사례,0,1,0,0,1,0,0,0,0,
2025두34772,,2025du34772,,,직원등에게 제품할인판매 접대비 해당부정,0,1,0,0,1,0,0,0,0,
40인150,,40in150,,,,0,0,0,0,0,0,0,1,0,
62다912,,62da912,대법원,1963.02.21,"임금,임금",1,0,2,0,0,0,0,0,0,
64누162,,64nu162,대법원,1965.02.04,중재재심결정취소,1,0,3,0,0,0,0,0,0,
65다1593,,65da1593,,,,0,0,0,0,0,0,0,1,0,
65다1832,,65da1832,,,,0,0,0,0,0,0,0,1,0,
66다1727,,66da1727,대법원,1966.10.18,손해배상,1,0,3,0,0,0,0,0,0,
66다592,,66da592,,,,0,0,0,0,0,0,0,1,0,
66다592312,,66da592312,,,,0,0,0,0,0,0,0,1,0,
66다695,,66da695,,,,0,0,0,0,0,0,0,1,0,
66도204,,66do204,,,,0,0,0,0,0,0,0,1,0,
66도204463,,66do204463,,,,0,0,0,0,0,0,0,1,0,
67다1597,,67da1597,,,,0,0,0,0,0,0,0,1,0,
68누151,,68nu151,대법원,1968.09.17,행정처분취소결정취소,1,0,3,0,0,0,0,0,0,
68누151235,,68nu151235,,,,0,0,0,0,0,0,0,1,0,
68다1972,,68da1972,대법원,1969.03.04,임금등,1,0,3,0,0,0,1,0,0,
68다1972232,,68da1972232,,,,0,0,0,0,0,0,0,1,0,
68다2178,,68da2178,대법원,1969.02.04,손해배상등,1,0,3,0,0,0,0,0,0,
69다1568,,69da1568,,,,0,0,0,0,0,0,0,1,0,
69다1568234,,69da1568234,,,,0,0,0,0,0,0,0,1,0,
70다523,,70da523,대법원,1970.05.26,임금등,1,0,3,0,0,0,1,0,0,
71누14,,71nu14,대법원,1971.03.31,파면처분취소,1,0,3,0,0,0,0,0,0,
71다1033,,71da1033,대법원,1972.04.11,퇴직금,1,0,3,0,0,0,0,0,0,
71다1400,,71da1400,대법원,1971.08.31,해고무효확인,1,0,3,0,0,0,0,0,0,
71다1400441,,71da1400441,,,,0,0,0,0,0,0,0,1,0,
71다1713,,71da1713,대법원,1971.12.28,임금등,1,0,3,0,0,0,0,0,0,
71다2669,,71da2669,,2024.04.16,정년이 되는 시기의 해석,0,1,0,5,0,0,0,0,0,
72다1758,,72da1758,대법원,1972.11.28,임금등,1,0,3,0,0,0,0,0,0,
72다895,,72da895,대법원,1972.11.14,근로관계존재확인·퇴직금청구,1,0,3,0,0,0,0,0,0,
72다89594,,72da89594,,,,0,0,0,0,0,0,0,1,0,
74다1403,,74da1403,대법원,1977.03.22,해고무효확인등,1,0,3,0,0,0,0,0,0,
74다1588,,74da1588,,,,0,0,0,0,0,0,0,1,0,
74다1625,,74da1625,대법원,1975.06.24,퇴직금,1,0,2,0,0,0,0,0,0,
74다1840,,74da1840,대법원,1975.07.22,전부금,1,0,2,0,0,0,0,0,0,
75누19,,75nu19,대법원,1977.02.22,면직처분취소,1,0,3,0,0,0,0,0,0,
75다1098,,75da1098,대법원,1977.12.27,손해배상등,1,0,3,0,0,0,0,0,0,
75다1768,,75da1768,대법원,1976.09.28,손해배상,1,0,2,0,0,0,0,0,0,
75다1768216,,75da1768216,,,,0,0,0,0,0,0,0,1,0,
75다801,,75da801,,,,0,0,0,0,0,0,0,1,0,
75다872,,75da872,대법원,1976.03.09,퇴직금,1,0,2,0,0,0,1,0,0,
75다872494,,75da872494,,,,0,0,0,0,0,0,0,1,0,
75도2599,,75do2599,대법원,1975.12.09,근로기준법위반,1,0,2,0,0,0,0,0,0,
76누189537,,76nu189537,,,,0,0,0,0,0,0,0,1,0,
76다1090,,76da1090,대법원,1976.10.26,퇴직금,1,0,2,0,0,0,0,0,0,
76다1812,,76da1812,대법원,1976.09.14,퇴직금,1,0,2,0,0,0,0,0,0,
76다2119,,76da2119,대법원,1978.02.14,손해배상,1,0,3,0,0,0,0,0,0,
76다28,,76da28,,,,0,0,0,0,0,0,0,1,0,
76다502,,76da502,대법원,1976.10.26.,,0,0,0,0,0,0,1,1,0,
76도3657,,76do3657,,,,0,0,0,0,0,0,0,1,0,
77나2947,,77na2947,,,,0,0,0,0,0,0,0,1,0,
77다1321,,77da1321,대법원,1978.02.14,퇴직금,1,0,3,0,0,0,0,0,0,
77다1648,,77da1648,대법원,1978.02.14,지위보존가처분,1,0,3,0,0,0,0,0,0,
77다1648473,,77da1648473,,,,0,0,0,0,0,0,0,1,0,
77다1742,,77da1742,대법원,1977.11.22,퇴직금,1,0,3,0,0,0,0,0,0,
77다2479,,77da2479,대법원,1978.02.28,장학금반환등,1,0,3,0,0,0,0,0,0,
77다300,,77da300,대법원,1977.09.28,손해배상,1,0,3,0,0,0,1,0,0,
77다355,,77da355,대법원,1977.07.26,퇴직금,1,0,3,0,0,0,7,0,0,
77다355140,,77da355140,,,,0,0,0,0,0,0,0,1,0,
77다3673,,77da3673,,,,0,0,0,0,0,0,0,1,0,
77도3528,,77do3528,대법원,1978.01.31,근로기준법위반,1,0,3,0,0,0,0,0,0,
78나125,,78na125,,,,0,0,0,0,0,0,0,1,0,
78다1046,,78da1046,대법원,1978.09.12,급여금등,1,0,3,0,0,0,1,0,0,
78다1530,,78da1530,대법원,1979.07.10,손해배상등,1,0,3,0,0,0,0,0,0,
78다2007,,78da2007,대법원,1978.12.13,손해배상등,1,0,3,0,0,0,0,0,0,
78다2312,,78da2312,대법원,1979.09.25,퇴직금,1,0,3,0,0,0,0,0,0,
78다591,,78da591,대법원,1978.07.11,퇴직금,1,0,3,0,0,0,0,0,0,
79나1179,,79na1179,대구고법,1980.07.03,면직처분취소청구사건,1,0,2,0,0,0,0,0,0,
79누116,,79nu116,대법원,1979.12.28,전국연합노조단체교섭조정결정처분취소,1,0,3,0,0,0,0,0,0,
79누116522,,79nu116522,,,,0,0,0,0,0,0,0,1,0,
79다1281,,79da1281,대법원,1980.09.09,건물철거등,1,0,3,0,0,0,0,0,0,
79다1489,,79da1489,대법원,1979.10.16,퇴직금,1,0,3,0,0,0,0,0,0,
79다1566,,79da1566,대법원,1980.04.22,퇴직금,1,0,3,0,0,0,0,0,0,
79다2168,,79da2168,대법원,1980.10.14.,,0,0,0,0,0,0,1,1,0,
79다2322,,79da2322,대법원,1980.05.13,노임,1,0,3,0,0,0,0,0,0,
79다2332,,79da2332,,,,0,0,0,0,0,0,0,1,0,
79다919,,79da919,대법원,1979.07.10,퇴직금,1,0,3,0,0,0,0,0,0,
80나3567,,80na3567,서울고법,1981.01.19,수당금청구사건,1,0,3,0,0,0,0,0,0,
80다1040,,80da1040,대법원,1980.09.24,손해배상,1,0,3,0,0,0,0,0,0,
80다1340,,80da1340,대법원,1982.11.23,퇴직금,1,0,3,0,0,0,0,0,0,
80다1708,,80da1708,대법원,1980.12.09,손해배상,1,0,3,0,0,0,0,0,0,
80다2384,,80da2384,대법원,1982.03.09,해고무효확인등,1,0,3,0,0,0,0,0,0,
80다2928,,80da2928,대법원,1981.10.13,손해배상등,1,0,3,0,0,0,0,0,0,
80다2945,,80da2945,대법원,1981.05.26,급여금등,1,0,3,0,0,0,0,0,0,
80다2945384,,80da2945384,,,,0,0,0,0,0,0,0,1,0,
80다3120,,80da3120,대법원,1982.12.28,근로수당금,1,0,3,0,0,0,0,0,0,
80다3149,,80da3149,대법원,1981.08.25,노임금,1,0,3,0,0,0,1,0,0,
80다3149320,,80da3149320,,,,0,0,0,0,0,0,0,1,0,
80도1070,,80do1070,대법원,1980.11.11,근로기준법위반,1,0,3,0,0,0,0,0,0,
81나1095,,81na1095,,,,0,0,0,0,0,0,0,1,0,
81다558,,81da558,대법원,1984.06.12,손해배상,1,0,4,0,0,0,0,0,0,
81다558891,,81da558891,,,,0,0,0,0,0,0,0,1,0,
81다626,,81da626,,2024.03.18,부당해고기간 동안의 임금지급 범위,0,1,0,7,0,0,0,0,0,
81다697,,81da697,대법원,1981.10.13,손해배상,1,0,3,0,0,0,0,0,0,
81다카12,,81daka12,,,,0,0,0,0,0,0,0,1,0,
81다카137,,81daka137,대법원,1982.04.13,퇴직금,1,0,3,0,0,0,0,0,0,
81다카174,,81daka174,,2023.05.26,지급기간 만료전에 퇴직했더라도 근무한 기간에 해당하는 정기상여금은 청구할 수 있다,0,1,0,8,0,0,0,0,0,
81다카351,,81daka351,대법원,1981.10.13,손해배상,1,0,3,0,0,0,0,0,0,
82나3003,,82na3003,서울고법,1983.12.07,임금등청구사건,1,0,3,0,0,0,0,0,0,
82누516,,82nu516,대법원,1983.04.26,파면처분취소,1,0,3,0,0,0,0,0,0,
82다174,,82da174,대법원,1982.09.14,해직처분무효확인,1,0,3,0,0,0,0,0,0,
82다카1243,,82daka1243,,,,0,0,0,0,0,0,0,1,0,
82다카1702,,82daka1702,대법원,1983.04.12,손해배상,1,0,3,0,0,0,0,0,0,
82다카298,,82daka298,대법원,1982.10.26,해임결의무효확인,1,0,3,0,0,0,0,0,0,
82다카342,,82daka342,대법원,1982.10.26,퇴직금,1,0,3,0,0,0,0,0,0,
82다카49,,82daka49,대법원,1983.09.13,근로수당금,1,0,3,0,0,0,0,0,0,
82다카90,,82daka90,대법원,1982.06.22,약정금,1,0,3,0,0,0,1,0,0,
83나1810,,83na1810,,,,0,0,0,0,0,0,0,1,0,
83누130,,83nu130,대법원,1983.06.28,해임처분취소,1,0,3,0,0,0,0,0,0,
83누184,,83nu184,대법원,1983.10.25,감봉처분취소,1,0,3,0,0,0,0,0,0,
83다카1243,,83daka1243,대법원,1983.11.22,해고무효,1,0,3,0,0,0,1,0,0,
83다카1243362,,83daka1243362,,,,0,0,0,0,0,0,0,1,0,
83다카1670,,83daka1670,대법원,1986.08.19,위자료등,1,0,3,0,0,0,0,0,0,
83다카2069,,83daka2069,대법원,1985.05.14,징계처분무효확인,1,0,3,0,0,0,0,0,0,
83다카2202,,83daka2202,대법원,1985.04.09,해고무효확인,1,0,3,0,0,0,0,0,0,
83다카2202109,,83daka2202109,,,,0,0,0,0,0,0,0,1,0,
83다카657,,83daka657,대법원,1986.08.19,손해배상,1,0,3,0,0,0,0,0,0,
83도1050,,83do1050,대법원,1983.10.25,근로기준법위반,1,0,3,0,0,0,0,0,0,
83도1090,,83do1090,대법원,1983.06.28,근로기준법위반,1,0,3,0,0,0,0,0,0,
83도1850,,83do1850,대법원,1984.04.10,근로기준법위반,1,0,3,0,0,0,0,0,0,
83도2068,,83do2068,대법원,1984.01.24,근로기준법위반,1,0,3,0,0,0,0,0,0,
83도2272,,83do2272,대법원,1983.10.11,근로기준법위반,1,0,3,0,0,0,0,0,0,
83도2505,,83do2505,대법원,1983.11.08,근로기준법위반,1,0,3,0,0,0,0,0,0,
84누135,,84nu135,대법원,1984.12.26,부당노동행위구제재심판정취소,1,0,3,0,0,0,0,0,0,
84누191,,84nu191,대법원,1984.09.11,직권면직처분취소,1,0,3,0,0,0,0,0,0,
84누299,,84nu299,대법원,1984.09.25,파면처분취소,1,0,3,0,0,0,1,0,0,
84누697,,84nu697,대법원,1985.12.24,유족급여및장의비부지급결정취소,1,0,3,0,0,0,0,0,0,
84누711,,84nu711,대법원,1985.03.26,해임처분취소,1,0,3,0,0,0,1,0,0,
84다카1221,,84daka1221,대법원,1985.12.24,손해배상,1,0,3,0,0,0,0,0,0,
84다카1409,,84daka1409,대법원,1987.02.24,퇴직금,1,0,4,0,0,0,2,0,0,
84다카374,,84daka374,대법원,1984.06.12,퇴직금,1,0,3,0,0,0,1,0,0,
84다카414,,84daka414,대법원,1984.11.13,퇴직금,1,0,3,0,0,0,0,0,0,
84다카414148,,84daka414148,,,,0,0,0,0,0,0,0,1,0,
84도2534,,84do2534,대법원,1984.12.26,근로기준법위반,1,0,3,0,0,0,0,0,0,
84도367,,84do367,대법원,1984.04.10,근로기준법위반,1,0,3,0,0,0,0,0,0,
85누12,,85nu12,,,,0,0,0,0,0,0,0,1,0,
85누13,,85nu13,,,,0,0,0,0,0,0,0,1,0,
85다375,,85da375,대법원,1986.07.08,해고무효등,1,0,3,0,0,0,1,0,0,
85다851,,85da851,,,,0,0,0,0,0,0,0,1,0,
85다카187,,85daka187,대법원,1987.02.10,퇴직금,1,0,3,0,0,0,0,0,0,
85다카2096,,85daka2096,대법원,1986.02.25,손해배상,1,0,3,0,0,0,0,0,0,
85다카2096838,,85daka2096838,,,,0,0,0,0,0,0,0,1,0,
85다카2195,,85daka2195,대법원,1986.02.11,손해배상,1,0,3,0,0,0,0,0,0,
85다카2285,,85daka2285,대법원,1988.03.08,구상금,1,0,3,0,0,0,0,0,0,
85다카229,,85daka229,대법원,1986.03.11,손해배상등,1,0,3,0,0,0,0,0,0,
85다카2473,,85daka2473,대법원,1987.06.09,퇴직금등,1,0,3,0,0,0,0,0,0,
85다카247387,,85daka247387,,,,0,0,0,0,0,0,0,1,0,
85다카657,,85daka657,대법원,1988.12.27,정년퇴직무효확인,1,0,3,0,0,0,0,0,0,
85다카65773,,85daka65773,,,,0,0,0,0,0,0,0,1,0,
85도1262,,85do1262,대법원,1985.10.08,"유가증권위조,유가증권위조행사,사기,근로기준법위반,부정수표단속법위반",1,0,3,0,0,0,0,0,0,
85도1566,,85do1566,대법원,1985.10.08,근로기준법위반,1,0,3,0,0,0,0,0,0,
86누690,,86nu690,대법원,1987.05.12,양도소득세등부과처분취소,1,0,3,0,0,0,0,0,0,
86다204,,86da204,대법원,1988.12.13,해고무효확인등,1,0,3,0,0,0,1,0,0,
86다카1124,,86daka1124,대법원,1988.04.25,퇴직금등,1,0,3,0,0,0,0,0,0,
86다카1124312,,86daka1124312,,,,0,0,0,0,0,0,0,1,0,
86다카1347,,86daka1347,대법원,1986.10.28,퇴직금,1,0,3,0,0,0,0,0,0,
86다카1347494,,86daka1347494,,,,0,0,0,0,0,0,0,1,0,
86다카1355,,86daka1355,대법원,1987.02.24,퇴직금,1,0,3,0,0,0,0,0,0,
86다카1875,,86daka1875,대법원,1987.04.14,면직처분무효확인,1,0,3,0,0,0,0,0,0,
86다카24445,,86daka24445,대법원,1990.3.13.,,0,0,0,0,0,0,1,1,0,
86다카2507,,86daka2507,,2023.02.05,퇴직금제도의 차등이 인정되는 경우와 동종의 근로자로 보지 않는 경우,0,1,0,3,0,0,0,0,0,
86다카2581,,86daka2581,대법원,1987.06.09,손해배상(자),1,0,3,0,0,0,0,0,0,
86다카2920,,86daka2920,,2023.02.05,실습생인 고등학교 졸업예정자의 근로자 해당 기준,0,1,0,7,0,0,0,0,0,
86다카2948,,86daka2948,대법원,1987.07.21,구상금,1,0,3,0,0,0,0,0,0,
86다카679,,86daka679,,,,0,0,0,0,0,0,0,1,0,
86도2475,,86do2475,대법원,1987.02.24,근로기준법위반,1,0,3,0,0,0,0,0,0,
86도722,,86do722,대법원,1986.07.08,근로기준법위반,1,0,3,0,0,0,0,0,0,
86도830,,86do830,대법원,1986.06.24,근로기준법위반,1,0,3,0,0,0,0,0,0,
87누147,,87nu147,,,,0,0,0,0,0,0,0,1,0,
87누496,,87nu496,대법원,1989.02.28,"근로조건위반에 인한 손해배상청구, 재심신청기각결정무효확인",1,0,3,0,0,0,0,0,0,
87누496114,,87nu496114,,,,0,0,0,0,0,0,0,1,0,
87누560,,87nu560,대법원,1987.09.08,징계처분취소등,1,0,3,0,0,0,0,0,0,
87누762,,87nu762,,,,0,0,0,0,0,0,0,1,0,
87누818,,87nu818,대법원,1988.02.09,부당노동행위구제신청재심판정기각처분취소,1,0,3,0,0,0,0,0,0,
87누980,,87nu980,대법원,1989.03.14,부당노동행위구제재심기각판정취소,1,0,3,0,0,0,0,0,0,
87다카1280,,87daka1280,대법원,1988.04.25,조건부해직처분무효확인,1,0,3,0,0,0,0,0,0,
87다카1280417,,87daka1280417,,,,0,0,0,0,0,0,0,1,0,
87다카1671,,87daka1671,대법원,1988.11.22,제3자이의,1,0,3,0,0,0,1,0,0,
87다카1886,,87daka1886,대법원,1988.04.12,전부금,1,0,3,0,0,0,1,0,0,
87다카1946,,87daka1946,대법원,1989.06.27,구상금,1,0,3,0,0,0,0,0,0,
87다카1999,,87daka1999,,,,0,0,0,0,0,0,0,1,0,
87다카2057,,87daka2057,대법원,1989.06.27,구상금,1,0,3,0,0,0,0,0,0,
87다카2132,,87daka2132,대법원,1989.05.23,임금등,1,0,3,0,0,0,2,0,0,
87다카2268,,87daka2268,대법원,1988.06.14,퇴직금등,1,0,3,0,0,0,1,0,0,
87다카2269,,87daka2269,대법원,1988.09.27,토지소유권이전등기,1,0,3,0,0,0,0,0,0,
87다카2410,,87daka2410,대법원,1989.01.31,해고무효확인,1,0,3,0,0,0,0,0,0,
87다카2578,,87daka2578,대법원,1988.05.10,퇴직금,1,0,3,0,0,0,1,0,0,
87다카2803,,87daka2803,대법원,1988.12.13,양수금,1,0,3,0,0,0,2,0,0,
87다카2853,,87daka2853,대법원,1988.05.10,해고무효확인,1,0,3,0,0,0,1,0,0,
87다카2901,,87daka2901,대법원,1989.04.11,손해배상(자),1,0,3,0,0,0,1,0,0,
87다카3109,,87daka3109,대법원,1989.09.26,구상금,1,0,3,0,0,0,0,0,0,
87다카3196,,87daka3196,대법원,1989.03.14,해고무효확인등,1,0,3,0,0,0,0,0,0,
87다카3222,,87daka3222,대법원,1988.06.14,양수금,1,0,3,0,0,0,1,0,0,
87다카400,,87daka400,대법원,1987.06.23,소유권이전등기등,1,0,3,0,0,0,0,0,0,
87다카474,,87daka474,대법원,1987.08.18,손해배상(기),1,0,3,0,0,0,0,0,0,
87다카555,,87daka555,대법원,1987.09.08,임금등,1,0,3,0,0,0,1,0,0,
87다카555135,,87daka555135,,,,0,0,0,0,0,0,0,1,0,
87도153,,87do153,대법원,1987.04.14,근로기준법위반,1,0,3,0,0,0,0,0,0,
87도2098,,87do2098,대법원,1988.05.10,"유가증권위조,유가증권위조행사,사기,근로기준법위반",1,0,3,0,0,0,0,0,0,
87도2129,,87do2129,,,,0,0,0,0,0,0,0,1,0,
87도2509,,87do2509,대법원,1988.02.09,근로기준법위반,1,0,3,0,0,0,1,0,0,
87도2509419,,87do2509419,,,,0,0,0,0,0,0,0,1,0,
87도604,,87do604,대법원,1987.05.26,근로기준법위반,1,0,3,0,0,0,0,0,0,
88가합10165,,88gahap10165,,,,0,0,0,0,0,0,0,1,0,
88나29271,,88na29271,,,,0,0,0,0,0,0,0,1,0,
88누2205,,88nu2205,대법원,1989.06.27,휴업급여지급처분취소,1,0,3,0,0,0,0,0,0,
88누4508,,88nu4508,대법원,1989.05.23,부당노동행위재결재심신청기각판정취소,1,0,3,0,0,0,1,0,0,
88누5037,,88nu5037,대법원,1990.10.23,유족급여등부지급처분취소,1,0,3,0,0,0,1,0,0,
88누6924,,88nu6924,대법원,1989.11.14,부당노동행위구제재심판정취소,1,0,3,0,0,0,0,0,0,
88누6924519,,88nu6924519,,,,0,0,0,0,0,0,0,1,0,
88다카10050,,88daka10050,대법원,1989.09.12,동업자금,1,0,3,0,0,0,0,0,0,
88다카10128,,88daka10128,대법원,1989.12.26,물품대금,1,0,3,0,0,0,1,0,0,
88다카15413,,88daka15413,대법원,1989.08.08,퇴직금등,1,0,4,0,0,0,0,0,0,
88다카19804,,88daka19804,대법원,1989.09.29,해고무효확인,1,0,3,0,0,0,0,0,0,
88다카1981,,88daka1981,,,,0,0,0,0,0,0,0,1,0,
88다카21296,,88daka21296,대법원,1989.07.11,퇴직금,1,0,3,0,0,0,0,0,0,
88다카25038,,88daka25038,대법원,1989.11.24,퇴직금,1,0,3,0,0,0,0,0,0,
88다카25571,,88daka25571,대법원,1989.07.11,손해배상(산),1,0,3,0,0,0,0,0,0,
88다카26413,,88daka26413,대법원,1990.05.08,퇴직금등,1,0,3,0,0,0,0,0,0,
88다카28204,,88daka28204,대법원,1989.11.14,체당금,1,0,5,0,0,0,0,0,0,
88다카2974,,88daka2974,대법원,1989.02.28,퇴직금,1,0,3,0,0,0,1,0,0,
88다카33190,,88daka33190,대법원,1989.08.08,손해배상(산),1,0,3,0,0,0,1,0,0,
88다카34094,,88daka34094,대법원,1990.01.12,해고무효확인등,1,0,3,0,0,0,1,0,0,
88다카4277,,88daka4277,대법원,1989.05.09,해고무효확인등,1,0,4,0,0,0,0,0,0,
88다카4277143,,88daka4277143,,,,0,0,0,0,0,0,0,1,0,
88다카4918,,88daka4918,대법원,1989.05.09,해고무효확인,1,0,3,0,0,0,0,0,0,
88다카5041,,88daka5041,대법원,1989.04.25,구상금,1,0,3,0,0,0,0,0,0,
88다카8682,,88daka8682,대법원,1989.02.28,손해배상(산),1,0,3,0,0,0,0,0,0,
88도1162,,88do1162,대법원,1988.11.22,근로기준법위반,1,0,3,0,0,0,0,0,0,
88도116248,,88do116248,,,,0,0,0,0,0,0,0,1,0,
88도1162519,,88do1162519,,,,0,0,0,0,0,0,0,1,0,
89가합69194,,89gahap69194,,,,0,0,0,0,0,0,0,1,0,
89나46297,,89na46297,서울고법,1990.07.06,손해배상(기)청구사건,1,0,3,0,0,0,0,0,0,
89누2318,,89nu2318,대법원,1989.11.14,산업재해요양신청불승인결정취소,1,0,3,0,0,0,0,0,0,
89누2493,,89nu2493,대법원,1990.09.28,휴업지불인정재심판정취소,1,0,3,0,0,0,0,0,0,
89누3242532,,89nu3242532,,,,0,0,0,0,0,0,0,1,0,
89누3243,,89nu3243,대법원,1990.10.23,노조설립신고반려처분무효확인,1,0,3,0,0,0,0,0,0,
89누3243532,,89nu3243532,,,,0,0,0,0,0,0,0,1,0,
89누4666,,89nu4666,대법원,1990.10.23,부당노동행위구제재심판정취소,1,0,3,0,0,0,0,0,0,
89누4765,,89nu4765,대법원,1989.11.14,노동조합설립신고서반려처분취소등,1,0,3,0,0,0,0,0,0,
89누7337,,89nu7337,대법원,1990.02.27,부당노동행위구제재심판정취소,1,0,3,0,0,0,0,0,0,
89누8217,,89nu8217,대법원,1990.08.10,부당노동행위구제재심판정취소,1,0,4,0,0,0,1,0,0,
89다5997,,89da5997,대법원,1990.02.13,구상금,1,0,3,0,0,0,0,0,0,
89다카1145,,89daka1145,대법원,1989.11.28,임금,1,0,3,0,0,0,0,0,0,
89다카13155,,89daka13155,대법원,1990.07.10,부당이득금,1,0,3,0,0,0,0,0,0,
89다카15939,,89daka15939,대법원,1990.11.27,퇴직금,1,0,6,0,0,0,0,0,0,
89다카22487,,89daka22487,대법원,1990.02.23,구상금,1,0,3,0,0,0,1,0,0,
89다카24445,,89daka24445,대법원,1990.03.13,해고무효확인,1,0,3,0,0,0,2,0,0,
89다카24445424,,89daka24445424,,,,0,0,0,0,0,0,0,1,0,
89다카26413,,89daka26413,,,,0,0,0,0,0,0,0,1,0,
89다카31443,,89daka31443,대법원,1990.07.10,퇴직금,1,0,3,0,0,0,0,0,0,
89다카31443163,,89daka31443163,,,,0,0,0,0,0,0,0,1,0,
89다카32118,,89daka32118,대법원,1991.04.23,수당등,1,0,3,0,0,0,0,0,0,
89다카3943,,89daka3943,대법원,1989.10.27,해고무효확인등,1,0,3,0,0,0,0,0,0,
89다카5451,,89daka5451,대법원,1990.04.27,해고무효확인,1,0,4,0,0,0,1,0,0,
89다카7754,,89daka7754,대법원,1990.04.27,퇴직금,1,0,3,0,0,0,0,0,0,
89다카7754163,,89daka7754163,,,,0,0,0,0,0,0,0,1,0,
89도1191,,89do1191,대법원,1989.09.26,근로기준법위반,1,0,3,0,0,0,0,0,0,
89도1744,,89do1744,대법원,1989.11.14,출판물에의한명예훼손,1,0,3,0,0,0,0,0,0,
89도1801,,89do1801,,,,0,0,0,0,0,0,0,1,0,
89도426,,89do426,대법원,1989.08.08,근로기준법위반,1,0,3,0,0,0,0,0,0,
89도436,,89do436,,,,0,0,0,0,0,0,0,1,0,
89헌가106,,89heonga106,헌법재판소,1991.07.22,사립학교법 제55조 등에 관한 위헌심판,1,0,7,0,0,0,1,0,0,
89헌가10628,,89heonga10628,,,,0,0,0,0,0,0,0,1,0,
89헌가37,,89heonga37,헌법재판소,1989.05.24,금융기관의연체대출금에관한특별조치법 제5조의2의 위헌심판,1,0,2,0,0,0,0,0,0,
89헌가3767,,89heonga3767,,,,0,0,0,0,0,0,0,1,0,
90가합39151,,90gahap39151,서울민사지법,1992.04.21,손해배상(산),1,0,3,0,0,0,0,0,0,
90가합90460,,90gahap90460,서울지법,1992.09.24,임금등,1,0,3,0,0,0,0,0,0,
90나22624,,90na22624,,,,0,0,0,0,0,0,0,1,0,
90누1731,,90nu1731,대법원,1993.05.25,노동조합설립신고수리취소처분취소,1,0,3,0,0,0,0,0,0,
90누1731508,,90nu1731508,,,,0,0,0,0,0,0,0,1,0,
90누2246,,90nu2246,대법원,1991.06.25,부당노동행위구제재심판정취소,1,0,3,0,0,0,0,0,0,
90누2727,,90nu2727,대법원,1990.09.25,"유족급여부지급취소,장의비부지급취소",1,0,3,0,0,0,1,0,0,
90누27278,,90nu27278,,,,0,0,0,0,0,0,0,1,0,
90누3683,,90nu3683,대법원,1990.11.27,부당노동행위구제재심판정취소,1,0,3,0,0,0,0,0,0,
90누4006,,90nu4006,대법원,1991.05.14,부당노동행위구제재심판정취소,1,0,4,0,0,0,0,0,0,
90누4006727,,90nu4006727,,,,0,0,0,0,0,0,0,1,0,
90누4433,,90nu4433,대법원,1991.01.29,부당징계구제재심판정취소,1,0,3,0,0,0,1,0,0,
90누4952,,90nu4952,대법원,1991.01.25,부당노동행위구제재심심판정취소,1,0,3,0,0,0,0,0,0,
90누6132,,90nu6132,대법원,1991.02.22,부당노동행위구제재심판정취소,1,0,3,0,0,0,0,0,0,
90누6132791,,90nu6132791,,,,0,0,0,0,0,0,0,1,0,
90누621,,90nu621,,,,0,0,0,0,0,0,0,1,0,
90누6392,,90nu6392,대법원,1991.05.28,부당노동행위구제재심판정취소,1,0,3,0,0,0,0,0,0,
90누6392793,,90nu6392793,,,,0,0,0,0,0,0,0,1,0,
90누7685,,90nu7685,대법원,1991.04.23,부당노동행위구제재심판정취소,1,0,3,0,0,0,0,0,0,
90누7685789,,90nu7685789,,,,0,0,0,0,0,0,0,1,0,
90누9049,,90nu9049,대법원,1992.02.25,부당노동행위구제재심판정취소,1,0,3,0,0,0,0,0,0,
90누9049523,,90nu9049523,,,,0,0,0,0,0,0,0,1,0,
90누9421,,90nu9421,대법원,1992.05.12,부당노동행위구제재심판정취소,1,0,4,0,0,0,18,0,0,
90다11554,,90da11554,대법원,1991.07.12,해고무효확인등,1,0,4,0,0,0,1,0,0,
90다11554421,,90da11554421,,,,0,0,0,0,0,0,0,1,0,
90다11776,,90da11776,대법원,1991.07.23,손해배상(산),1,0,3,0,0,0,0,0,0,
90다11813,,90da11813,대법원,1991.06.14,청구이의,1,0,3,0,0,0,0,0,0,
90다12991,,90da12991,대법원,1991.12.24,파면처분무효확인,1,0,3,0,0,0,1,0,0,
90다14089,,90da14089,대법원,1991.05.14,임금,1,0,3,0,0,0,0,0,0,
90다14560,,90da14560,대법원,1991.06.28,퇴직금,1,0,3,0,0,0,1,0,0,
90다15457,,90da15457,대법원,1991.03.12,퇴직금,1,0,3,0,0,0,0,0,0,
90다15631,,90da15631,대법원,1991.03.27,해고무효확인등,1,0,3,0,0,0,0,0,0,
90다15631320,,90da15631320,,,,0,0,0,0,0,0,0,1,0,
90다15884,,90da15884,대법원,1991.02.08,해고무효확인,1,0,3,0,0,0,1,0,0,
90다16245,,90da16245,대법원,1991.04.09,손해배상(기),1,0,4,0,0,0,1,0,0,
90다1624567,,90da1624567,,,,0,0,0,0,0,0,0,1,0,
90다1624568,,90da1624568,,,,0,0,0,0,0,0,0,1,0,
90다18944,,90da18944,대법원,1991.03.22,해고무효확인등,1,0,3,0,0,0,0,0,0,
90다18999,,90da18999,대법원,1991.12.13,해고무효확인등,1,0,5,0,0,0,1,0,0,
90다20428,,90da20428,대법원,1991.10.25,해고무효확인,1,0,5,0,0,0,1,0,0,
90다30828,,90da30828,,,,0,0,0,0,0,0,0,1,0,
90다52222,,90da52222,,,,0,0,0,0,0,0,0,1,0,
90다5634,,90da5634,대법원,1990.12.11,구상금,1,0,3,0,0,0,0,0,0,
90다6095,,90da6095,대법원,1990.12.07,해고무효확인등,1,0,3,0,0,0,0,0,0,
90다6545,,90da6545,대법원,1991.03.22,퇴직금등,1,0,3,0,0,0,0,0,0,
90다6866,,90da6866,대법원,1991.03.12,해고무효확인,1,0,3,0,0,0,0,0,0,
90다8046,,90da8046,대법원,1991.05.28,해고무효확인,1,0,3,0,0,0,0,0,0,
90다8077,,90da8077,대법원,1991.07.09,해고무효확인,1,0,3,0,0,0,1,0,0,
90다8084,,90da8084,대법원,1991.04.12,해고무효확인,1,0,3,0,0,0,1,0,0,
90다8763,,90da8763,대법원,1992.03.31,해고무효확인등,1,0,5,0,0,0,1,0,0,
90다876394,,90da876394,,,,0,0,0,0,0,0,0,1,0,
90다9353,,90da9353,대법원,1991.07.12,해고무효확인등,1,0,5,0,0,0,2,0,0,
90다9872,,90da9872,대법원,1991.04.12,소유권이전가등기말소등,1,0,3,0,0,0,0,0,0,
90다카10312,,90daka10312,대법원,1990.11.27,손해배상(자),1,0,5,0,0,0,0,0,0,
90다카10312177,,90daka10312177,,,,0,0,0,0,0,0,0,1,0,
90다카11636,,90daka11636,대법원,1991.07.26,임금,1,0,4,0,0,0,0,0,0,
90다카11636274,,90daka11636274,,,,0,0,0,0,0,0,0,1,0,
90다카12493,,90daka12493,대법원,1990.12.26,임금,1,0,7,0,0,0,1,0,0,
90다카12493278,,90daka12493278,,,,0,0,0,0,0,0,0,1,0,
90다카13465,,90daka13465,대법원,1990.12.26,임금,1,0,5,0,0,0,3,0,0,
90다카1458,,90daka1458,,,,0,0,0,0,0,0,0,1,0,
90다카14758,,90daka14758,대법원,1991.06.28,임금,1,0,8,0,0,0,0,0,0,
90다카15939,,90daka15939,,,,0,0,0,0,0,0,0,1,0,
90다카19647,,90daka19647,대법원,1990.12.07,퇴직금,1,1,3,0,0,0,0,0,1,
90다카21176,,90daka21176,대법원,1991.01.11,해고무효확인등,1,0,3,0,0,0,0,0,0,
90다카21176680,,90daka21176680,,,,0,0,0,0,0,0,0,1,0,
90다카21589,,90daka21589,대법원,1990.11.23,징계면직처분무효확인,1,0,4,0,0,0,1,0,0,
90다카21589364,,90daka21589364,,,,0,0,0,0,0,0,0,1,0,
90다카21633,,90daka21633,,,,0,0,0,0,0,0,0,1,0,
90다카2176,,90daka2176,,,,0,0,0,0,0,0,0,1,0,
90다카23912,,90daka23912,대법원,1990.12.07,해고무효확인등,1,0,5,0,0,0,1,0,0,
90다카23981,,90daka23981,대법원,1990.12.07,손해배상(자),1,0,3,0,0,0,0,0,0,
90다카24311,,90daka24311,대법원,1990.12.26,퇴직금등,1,0,3,0,0,0,0,0,0,
90다카24311303,,90daka24311303,,,,0,0,0,0,0,0,0,1,0,
90다카24496,,90daka24496,대법원,1990.12.21,임금,1,0,4,0,0,0,0,0,0,
90다카25277,,90daka25277,대법원,1991.06.28,손해배상(기),1,1,5,0,0,0,0,0,1,
90다카25277476,,90daka25277476,,,,0,0,0,0,0,0,0,1,0,
90다카25420,,90daka25420,대법원,1991.03.27,해고무효확인등,1,0,3,0,0,0,0,0,0,
90다카25512,,90daka25512,대법원,1990.11.23,해고무효확인,1,0,3,0,0,0,0,0,0,
90다카27389,,90daka27389,대법원,1991.02.22,해고무효확인,1,0,3,0,0,0,1,0,0,
90다카4683,,90daka4683,대법원,1990.11.09,퇴직금,1,0,3,0,0,0,0,0,0,
90다카6934,,90daka6934,대법원,1990.11.27,임금,1,0,3,0,0,0,0,0,0,
90다카6948,,90daka6948,대법원,1990.11.09,퇴직금,1,0,3,0,0,0,0,0,0,
90도1214,,90do1214,대법원,1990.09.25,근로기준법위반,1,0,3,0,0,0,0,0,0,
90도1791,,90do1791,,,,0,0,0,0,0,0,0,1,0,
90도1794,,90do1794,대법원,1990.10.12,근로기준법위반,1,0,3,0,0,0,0,0,0,
90도2852,,90do2852,대법원,1991.01.23,"노동쟁의조정법위반,업무방해, 집회및시위에관한법률위반",1,0,4,0,0,0,0,0,0,
90도2852723,,90do2852723,,,,0,0,0,0,0,0,0,1,0,
90도357,,90do357,대법원,1990.05.15,폭력행위등처벌에관한법률위반·업무방해·노동쟁의조정법위반·업무상배임,1,0,13,0,0,0,2,0,0,
90도35728,,90do35728,,,,0,0,0,0,0,0,0,1,0,
90두24,,90du24,대법원,1991.03.27,부당해고구제재심판정효력정지,1,0,3,0,0,0,0,0,0,
90카72988,,90ka72988,,,,0,0,0,0,0,0,0,1,0,
90카7298896,,90ka7298896,,,,0,0,0,0,0,0,0,1,0,
90헌바19,,90heonba19,헌법재판소,1996.12.26,노동쟁의조정법 제31조 제47조 에 대한 헌법소원,1,0,10,0,0,0,2,0,0,
90헌바1926,,90heonba1926,,,,0,0,0,0,0,0,0,1,0,
91가합19495,,91gahap19495,,,,0,0,0,0,0,0,0,1,0,
91가합1949581,,91gahap1949581,,,,0,0,0,0,0,0,0,1,0,
91가합4910,,91gahap4910,부산지법 동부지원,1992.01.16,해고무효확인,1,0,2,0,0,0,0,0,0,
91나33621,,91na33621,,,,0,0,0,0,0,0,0,1,0,
91나4300,,91na4300,,,,0,0,0,0,0,0,0,1,0,
91누10046,,91nu10046,대법원,1992.03.13,부당해고구제재심판정취소,1,0,3,0,0,0,1,0,0,
91누10466,,91nu10466,대법원,1992.05.12,요양불승인처분취소,1,0,4,0,0,0,2,0,0,
91누10466919,,91nu10466919,,,,0,0,0,0,0,0,0,1,0,
91누10473,,91nu10473,대법원,1992.03.13,부당노동행위구제재심판정취소,1,0,4,0,0,0,0,0,0,
91누10473702,,91nu10473702,,,,0,0,0,0,0,0,0,1,0,
91누10480,,91nu10480,대법원,1992.05.08,부당노동행위구제재심판정취소,1,0,3,0,0,0,0,0,0,
91누10480694,,91nu10480694,,,,0,0,0,0,0,0,0,1,0,
91누10787,,91nu10787,대법원,1993.05.11,노동조합규약변경보완시정명령취소,1,0,3,0,0,0,0,0,0,
91누10787534,,91nu10787534,,,,0,0,0,0,0,0,0,1,0,
91누11698,,91nu11698,대법원,1993.05.11,현역병입영통지처분무효확인,1,0,3,0,0,0,1,0,0,
91누12196,,91nu12196,대법원,1992.05.22,해임처분무효확인,1,0,3,0,0,0,0,0,0,
91누12257,,91nu12257,대법원,1993.04.27,단체협약변경명령취소,1,0,5,0,0,0,0,0,0,
91누12257605,,91nu12257605,,,,0,0,0,0,0,0,0,1,0,
91누12257607,,91nu12257607,,,,0,0,0,0,0,0,0,1,0,
91누124,,91nu124,대법원,1991.09.24,부당노동행위구제재심판정취소,1,0,3,0,0,0,0,0,0,
91누13632,,91nu13632,대법원,1992.05.12,유족보상금감액처분취소,1,0,3,0,0,0,0,0,0,
91누2762,,91nu2762,대법원,1991.12.24,부당노동행위구제재심판정취소,1,0,4,0,0,0,0,0,0,
91누3321,,91nu3321,,2024.03.06,업무상 부상으로 요양중인 근로자에 대해 해고가 제한되는 휴업기간과 휴업기간에 해당하지 않는 경우의 기준,0,1,0,5,0,0,0,0,0,
91누4146,,91nu4146,,,,0,0,0,0,0,0,0,1,0,
91누4164,,91nu4164,대법원,1991.11.12,부당노동행위구제재심판정취소,1,0,4,0,0,0,0,0,0,
91누4164585,,91nu4164585,,,,0,0,0,0,0,0,0,1,0,
91누5020,,91nu5020,대법원,1992.03.13,부당노동행위구제재심판정취소,1,0,4,0,0,0,0,0,0,
91누5020361,,91nu5020361,,,,0,0,0,0,0,0,0,1,0,
91누5204,,91nu5204,,2023.02.04,회사쪽 원인제공한 형사처벌 이유로 해고한 것은 부당,0,1,0,5,0,0,0,0,0,
91누5204643,,91nu5204643,,,,0,0,0,0,0,0,0,1,0,
91누5204720,,91nu5204720,,,,0,0,0,0,0,0,0,1,0,
91누5204793,,91nu5204793,,,,0,0,0,0,0,0,0,1,0,
91누5884,,91nu5884,대법원,1992.05.22,부당해고구제재심판정취소,1,0,4,0,0,0,1,0,0,
91누6184,,91nu6184,대법원,1992.03.31,부당해고규제재심판정취소,1,0,3,0,0,0,0,0,0,
91누636,,91nu636,대법원,1991.12.10,부당노동행위구제재심판정취소,1,0,4,0,0,0,0,0,0,
91누636703,,91nu636703,,,,0,0,0,0,0,0,0,1,0,
91누6368,,91nu6368,대법원,1992.12.22,요양중지처분취소,1,0,3,0,0,0,1,0,0,
91누8098,,91nu8098,대법원,1992.02.14,부당해고구제재심판정취소,1,0,3,0,0,0,1,0,0,
91누809884,,91nu809884,,,,0,0,0,0,0,0,0,1,0,
91누8104,,91nu8104,대법원,1992.04.28,부가가치세부과처분취소,1,0,3,0,0,0,0,0,0,
91누9244,,91nu9244,대법원,1994.12.27,퇴직처분무효확인,1,0,4,0,0,0,1,0,0,
91누9961,,91nu9961,대법원,1992.07.14,해임처분취소,1,0,3,0,0,0,0,0,0,
91다10497,,91da10497,대법원,1991.05.28,해고무효확인등,1,0,3,0,0,0,0,0,0,
91다11391,,91da11391,대법원,1992.03.10,퇴직금등,1,0,4,0,0,0,0,0,0,
91다12035,,91da12035,대법원,1991.12.10,퇴직금,1,0,3,0,0,0,0,0,0,
91다12202,,91da12202,대법원,1992.02.11,임금,1,0,3,0,0,0,0,0,0,
91다1233,,91da1233,대법원,1991.08.13,해고무효확인,1,0,3,0,0,0,0,0,0,
91다12752,,91da12752,대법원,1991.07.12,전보및해고무효확인,1,0,3,0,0,0,0,0,0,
91다12806,,91da12806,대법원,1991.11.12,퇴직금,1,0,3,0,0,0,1,0,0,
91다12806401,,91da12806401,,,,0,0,0,0,0,0,0,1,0,
91다12806494,,91da12806494,,,,0,0,0,0,0,0,0,1,0,
91다13533,,91da13533,대법원,1991.09.24,해고무효확인등,1,0,3,0,0,0,0,0,0,
91다13533437,,91da13533437,,,,0,0,0,0,0,0,0,1,0,
91다13694,,91da13694,대법원,1991.07.26,해고무효확인등,1,0,3,0,0,0,0,0,0,
91다13731,,91da13731,대법원,1991.07.23,해고무효확인등,1,0,3,0,0,0,1,0,0,
91다14406,,91da14406,대법원,1992.10.09,부당정직무효확인등,1,0,4,0,0,0,0,0,0,
91다14406264,,91da14406264,,,,0,0,0,0,0,0,0,1,0,
91다14413,,91da14413,대법원,1992.03.31,노조위원장선거무효확인,1,0,4,0,0,0,0,0,0,
91다14413546,,91da14413546,,,,0,0,0,0,0,0,0,1,0,
91다14437,,91da14437,대법원,1991.08.13,임금,1,0,3,0,0,0,0,0,0,
91다14826,,91da14826,대법원,1991.11.12,임금,1,0,4,0,0,0,0,0,0,
91다15225,,91da15225,,2023.02.05,영업양도의 의미 및 영업의 포괄적 양도와 고용계약의 승계 여부,0,1,0,4,0,0,0,0,0,
91다17931,,91da17931,대법원,1992.04.24,해고무효확인,1,0,3,0,0,0,4,0,0,
91다17955,,91da17955,,,,0,0,0,0,0,0,0,1,0,
91다18125,,91da18125,대법원,1992.02.25,퇴직금등,1,0,3,0,0,0,0,0,0,
91다19210,,91da19210,대법원,1992.06.23,임금청구등,1,0,3,0,0,0,2,0,0,
91다19463,,91da19463,대법원,1992.11.10,해고무효확인등,1,0,3,0,0,0,1,0,0,
91다19463457,,91da19463457,,,,0,0,0,0,0,0,0,1,0,
91다19883,,91da19883,대법원,1991.10.11,퇴직처분무효확인등,1,0,3,0,0,0,0,0,0,
91다20418,,91da20418,대법원,1991.08.27,해고무효확인등,1,0,3,0,0,0,1,0,0,
91다20418362,,91da20418362,,,,0,0,0,0,0,0,0,1,0,
91다20548,,91da20548,대법원,1992.04.14,해고무효확인등,1,0,3,0,0,0,2,0,0,
91다20548253,,91da20548253,,,,0,0,0,0,0,0,0,1,0,
91다20548259,,91da20548259,,,,0,0,0,0,0,0,0,1,0,
91다22070,,91da22070,대법원,1991.11.26,권고사직무효확인,1,0,5,0,0,0,1,0,0,
91다2221,,91da2221,,,,0,0,0,0,0,0,0,1,0,
91다25055,,91da25055,대법원,1992.02.25,퇴직금,1,0,3,0,0,0,1,0,0,
91다25109,,91da25109,대법원,1992.02.11,해고무효확인,1,0,3,0,0,0,1,0,0,
91다26232,,91da26232,대법원,1992.02.25,대여금,1,0,3,0,0,0,0,0,0,
91다2656,,91da2656,대법원,1991.05.14,해고무효확인등,1,0,3,0,0,0,1,0,0,
91다2663,,91da2663,대법원,1991.05.14,해고무효확인,1,0,3,0,0,0,1,0,0,
91다27518,,91da27518,대법원,1992.05.12,해고무효확인등,1,0,3,0,0,0,1,0,0,
91다27518360,,91da27518360,,,,0,0,0,0,0,0,0,1,0,
91다28726,,91da28726,대법원,1992.02.25,약정금,1,0,4,0,0,0,0,0,0,
91다29071,,91da29071,대법원,1992.03.27,해고무효확인등,1,0,3,0,0,0,0,0,0,
91다29071552,,91da29071552,,,,0,0,0,0,0,0,0,1,0,
91다29811,,91da29811,대법원,1992.08.14,면직처분무효확인,1,0,3,0,0,0,1,0,0,
91다29811485,,91da29811485,,,,0,0,0,0,0,0,0,1,0,
91다30118,,91da30118,대법원,1992.01.21,사원확인,1,0,5,0,0,0,1,0,0,
91다30118479,,91da30118479,,,,0,0,0,0,0,0,0,1,0,
91다30208,,91da30208,,,,0,0,0,0,0,0,0,1,0,
91다30208285,,91da30208285,,,,0,0,0,0,0,0,0,1,0,
91다30620,,91da30620,대법원,1993.09.28,해고무효확인등,1,0,5,0,0,0,0,0,0,
91다30729,,91da30729,대법원,1992.07.28,직위해제무효확인등,1,0,6,0,0,0,0,0,0,
91다30729335,,91da30729335,,,,0,0,0,0,0,0,0,1,0,
91다30828,,91da30828,대법원,1992.02.28,퇴직금등,1,1,4,0,0,0,0,0,1,
91다31753,,91da31753,대법원,1992.11.24,퇴직금,1,0,3,0,0,0,0,0,0,
91다32657,,91da32657,대법원,1991.12.13,퇴직금등,1,0,3,0,0,0,0,0,0,
91다34073,,91da34073,대법원,1992.07.24,퇴직금,1,0,3,0,0,0,0,0,0,
91다34523,,91da34523,대법원,1992.05.12,파면처분무효확인등,1,0,5,0,0,0,1,0,0,
91다34523725,,91da34523725,,,,0,0,0,0,0,0,0,1,0,
91다36192,,91da36192,대법원,1993.12.24,해고무효확인등,1,0,3,0,0,0,1,0,0,
91다36307,,91da36307,대법원,1992.03.27,임금,1,0,3,0,0,0,1,0,0,
91다3642,,91da3642,,,,0,0,0,0,0,0,0,1,0,
91다37256,,91da37256,대법원,1992.07.14,임금,1,0,3,0,0,0,2,0,0,
91다37256290,,91da37256290,,,,0,0,0,0,0,0,0,1,0,
91다38075,,91da38075,대법원,1992.05.26,퇴직금,1,0,4,0,0,0,1,0,0,
91다38174,,91da38174,대법원,1992.12.08,퇴직금,1,0,3,0,0,0,0,0,0,
91다38686,,91da38686,대법원,1993.01.26,해고무효확인,1,0,3,0,0,0,0,0,0,
91다39559,,91da39559,대법원,1992.03.13,해고무효확인등,1,0,3,0,0,0,1,0,0,
91다41477,,91da41477,대법원,1992.06.09,해고무효확인등,1,0,3,0,0,0,0,0,0,
91다41750,,91da41750,대법원,1993.05.25,해고무효확인,1,0,3,0,0,0,1,0,0,
91다41750399,,91da41750399,,,,0,0,0,0,0,0,0,1,0,
91다41897,,91da41897,대법원,1992.07.28,해고무효확인등,1,0,3,0,0,0,0,0,0,
91다42982,,91da42982,대법원,1992.06.26,해고무효확인등,1,0,4,0,0,0,0,0,0,
91다43138,,91da43138,대법원,1992.04.10,해고무효확인등,1,0,4,0,0,0,3,0,0,
91다4317,,91da4317,대법원,1992.09.22,해고무효확인,1,0,5,0,0,0,1,0,0,
91다43732,,91da43732,,,,0,0,0,0,0,0,0,1,0,
91다43800,,91da43800,대법원,1992.07.14,해고무효확인등,1,0,5,0,0,0,0,0,0,
91다43800715,,91da43800715,,,,0,0,0,0,0,0,0,1,0,
91다43800738,,91da43800738,,,,0,0,0,0,0,0,0,1,0,
91다44100,,91da44100,대법원,1992.07.24,임금등,1,0,3,0,0,0,2,0,0,
91다45165,,91da45165,대법원,1992.12.22,퇴직금청구,1,1,4,0,0,0,0,0,1,
91다45165163,,91da45165163,,,,0,0,0,0,0,0,0,1,0,
91다45653,,91da45653,대법원,1992.04.14,임금등,1,0,4,0,0,0,0,0,0,
91다45659,,91da45659,,,,0,0,0,0,0,0,0,1,0,
91다46922,,91da46922,대법원,1992.09.14,퇴직금,1,0,3,0,0,0,1,0,0,
91다46922156,,91da46922156,,,,0,0,0,0,0,0,0,1,0,
91다4775,,91da4775,대법원,1992.04.14,해고무효확인등,1,0,3,0,0,0,0,0,0,
91다4775325,,91da4775325,,,,0,0,0,0,0,0,0,1,0,
91다5501,,91da5501,대법원,1992.07.14,체불임금,1,0,3,0,0,0,0,0,0,
91다5976,,91da5976,대법원,1992.02.11,해고무효확인등,1,0,3,0,0,0,0,0,0,
91다8104,,91da8104,대법원,1991.07.26,소유권이전등기,1,0,4,0,0,0,0,0,0,
91다8104172,,91da8104172,,,,0,0,0,0,0,0,0,1,0,
91다8647,,91da8647,대법원,1991.12.10,해고무효확인등,1,0,3,0,0,0,1,0,0,
91도1051,,91do1051,대법원,1991.07.09,"노동조합법위반,노동쟁의조정법위반,폭력행위등처벌에관한법률위반,업무방해",1,0,4,0,0,0,0,0,0,
91도1324,,91do1324,대법원,1991.08.13,"노동쟁의조정법위반,업무방해,퇴거불응,사문서위조,동행사",1,0,3,0,0,0,0,0,0,
91도1324753,,91do1324753,,,,0,0,0,0,0,0,0,1,0,
91도1685,,91do1685,대법원,1991.10.25,근로기준법위반,1,0,3,0,0,0,0,0,0,
91도1834,,91do1834,대법원,1992.02.11,노동쟁의조정법위반·업무방해,1,0,3,0,0,0,0,0,0,
91도2221,,91do2221,대법원,1992.06.09,"국가보안법위반,집회및시위에관한법률위반,업무방해,노동조합법위반,노동쟁의조정법위반",1,0,5,0,0,0,1,0,0,
91도2323,,91do2323,대법원,1991.12.24,노동쟁의조정법위반,1,0,3,0,0,0,0,0,0,
91도2323706,,91do2323706,,,,0,0,0,0,0,0,0,1,0,
91도3044,,91do3044,대법원,1992.04.10,업무방해·출판물에의한명예훼손·노동조합법위반,1,0,4,0,0,0,0,0,0,
91도326,,91do326,대법원,1991.11.08,"노동쟁의조정법위반,폭력행위등처벌에관한법률위반,업무방해,건조물침입",1,0,5,0,0,0,0,0,0,
91도326701,,91do326701,,,,0,0,0,0,0,0,0,1,0,
91도600,,91do600,대법원,1991.10.22,"노동쟁의조정법위반,업무방해,폭행",1,0,3,0,0,0,0,0,0,
91도753,,91do753,대법원,1991.06.11,"업무방해,집회및시위에관한법률위반,폭력행위등처벌에관한법률위반",1,0,4,0,0,0,0,0,0,
92나27668,,92na27668,,,,0,0,0,0,0,0,0,1,0,
92나50580,,92na50580,,,,0,0,0,0,0,0,0,1,0,
92누11046,,92nu11046,대법원,1992.11.24,유족보상일시금및장의비부지급처분취소,1,0,3,0,0,0,1,0,0,
92누11046895,,92nu11046895,,,,0,0,0,0,0,0,0,1,0,
92누11107,,92nu11107,대법원,1992.10.09,유족보상및장의비부지급처분취소,1,0,3,0,0,0,1,0,0,
92누11114,,92nu11114,대법원,1992.11.13,부당노동행위및부당해고구제재심판정취소,1,0,3,0,0,0,2,0,0,
92누11121,,92nu11121,대법원,1993.02.23,부당노동행위구제재심판정취소,1,0,4,0,0,0,1,0,0,
92누12452,,92nu12452,대법원,1993.05.25,부당노동행위구제재심판정취소,1,0,4,0,0,0,0,0,0,
92누13035,,92nu13035,대법원,1993.01.15,부당노동행위구제재심판정취소,1,0,4,0,0,0,0,0,0,
92누13189,,92nu13189,대법원,1992.12.22,부당해고구제재심판정취소,1,0,3,0,0,0,0,0,0,
92누13189684,,92nu13189684,,,,0,0,0,0,0,0,0,1,0,
92누13196,,92nu13196,대법원,1993.04.27,부당해고구제재심판정취소,1,0,3,0,0,0,0,0,0,
92누14502,,92nu14502,대법원,1994.02.22,최초요양불승인처분취소,1,0,3,0,0,0,0,0,0,
92누15390,,92nu15390,대법원,1992.12.24.,,0,0,0,0,0,0,1,1,0,
92누15765,,92nu15765,대법원,1993.04.09,부당해고구제재심판정취소,1,0,3,0,0,0,1,0,0,
92누15765663,,92nu15765663,,,,0,0,0,0,0,0,0,1,0,
92누16096,,92nu16096,대법원,1993.02.23,해임처분취소,1,0,3,0,0,0,0,0,0,
92누16102,,92nu16102,대법원,1993.06.22,산재보험금지급결정취소,1,0,3,0,0,0,0,0,0,
92누16508,,92nu16508,대법원,1993.07.16,부당해고구제재심판정취소,1,0,3,0,0,0,0,0,0,
92누16942,,92nu16942,대법원,1993.07.27,의원면직처분취소,1,0,3,0,0,0,0,0,0,
92누17181,,92nu17181,대법원,1993.04.13,요양불승인처분취소,1,0,3,0,0,0,0,0,0,
92누17471,,92nu17471,,,,0,0,0,0,0,0,0,1,0,
92누18825,,92nu18825,대법원,1993.09.14,부당배치전환구제재심판정처분취소,1,0,3,0,0,0,0,0,0,
92누3076,,92nu3076,대법원,1993.01.26,부당해고구제재심판정취소,1,0,3,0,0,0,2,0,0,
92누404,,92nu404,대법원,1992.04.10,부당해고구제재심판정취소,1,1,3,0,0,0,0,0,1,
92누404301,,92nu404301,,,,0,0,0,0,0,0,0,1,0,
92누4253,,92nu4253,대법원,1992.06.23,부당노동행위구제재심판정등취소,1,0,4,0,0,0,0,0,0,
92누6082,,92nu6082,대법원,1992.11.13,부당노동행위구제재심판정취소,1,0,4,0,0,0,1,0,0,
92누6099,,92nu6099,대법원,1992.07.28,부당해고구제재심판정취소,1,0,3,0,0,0,2,0,0,
92누7122,,92nu7122,대법원,1993.02.23,노동조합설립신고서반려처분취소,1,0,3,0,0,0,0,0,0,
92누7733,,92nu7733,대법원,1992.09.01,부당해고및부당노동행위구제재심판정취소,1,0,4,0,0,0,0,0,0,
92누7733665,,92nu7733665,,,,0,0,0,0,0,0,0,1,0,
92누7733666,,92nu7733666,,,,0,0,0,0,0,0,0,1,0,
92누8200,,92nu8200,대법원,1993.01.26,부당해고구제재심판정취소,1,0,5,0,0,0,3,0,0,
92누8699,,92nu8699,대법원,1993.05.25,"해임,파면처분취소",1,0,3,0,0,0,0,0,0,
92누9766,,92nu9766,대법원,1992.11.24,부당노동행위구제재심판정취소,1,0,3,0,0,0,0,0,0,
92다10968,,92da10968,대법원,1992.06.26,구상금,1,0,3,0,0,0,0,0,0,
92다11463,,92da11463,,,,0,0,0,0,0,0,0,1,0,
92다11466,,92da11466,,,,0,0,0,0,0,0,0,1,0,
92다11466180,,92da11466180,,,,0,0,0,0,0,0,0,1,0,
92다11695,,92da11695,대법원,1993.01.26,해고무효확인등,1,0,4,0,0,0,1,0,0,
92다11695350,,92da11695350,,,,0,0,0,0,0,0,0,1,0,
92다116959,,92da116959,,,,0,0,0,0,0,0,0,1,0,
92다14007,,92da14007,대법원,1992.07.28,임금등,1,0,3,0,0,0,0,0,0,
92다14434,,92da14434,대법원,1992.07.14,해고무효확인,1,0,3,0,0,0,1,0,0,
92다14779,,92da14779,대법원,1992.12.22,해고무효확인등,1,0,3,0,0,0,1,0,0,
92다14779462,,92da14779462,,,,0,0,0,0,0,0,0,1,0,
92다14786,,92da14786,대법원,1992.07.28,해고무효확인등,1,0,4,0,0,0,1,0,0,
92다15086,,92da15086,,,,0,0,0,0,0,0,0,1,0,
92다15710,,92da15710,,,,0,0,0,0,0,0,0,1,0,
92다16690,,92da16690,,,,0,0,0,0,0,0,0,1,0,
92다16690330,,92da16690330,,,,0,0,0,0,0,0,0,1,0,
92다16973,,92da16973,대법원,1992.08.14,해고무효확인등,1,0,3,0,0,0,1,0,0,
92다1728,,92da1728,대법원,1992.04.14,해고무효확인등,1,0,3,0,0,0,1,0,0,
92다18542,,92da18542,대법원,1992.09.25,해고무효확인등,1,0,5,0,0,0,1,0,0,
92다19316,,92da19316,대법원,1993.06.11,퇴직금,1,0,3,0,0,0,0,0,0,
92다19859,,92da19859,,,,0,0,0,0,0,0,0,1,0,
92다19859769,,92da19859769,,,,0,0,0,0,0,0,0,1,0,
92다19910,,92da19910,대법원,1992.08.18,해고무효확인,1,0,3,0,0,0,0,0,0,
92다1995,,92da1995,대법원,1992.08.14,임금,1,0,3,0,0,0,1,0,0,
92다199567,,92da199567,,,,0,0,0,0,0,0,0,1,0,
92다20309,,92da20309,대법원,1994.04.12,퇴직금,1,0,4,0,0,0,1,0,0,
92다20309187,,92da20309187,,,,0,0,0,0,0,0,0,1,0,
92다20316,,92da20316,대법원,1993.05.27,손해배상(산),1,0,4,0,0,0,0,0,0,
92다20712,,92da20712,대법원,1993.05.11,해고무효확인등,1,0,3,0,0,0,0,0,0,
92다21979,,92da21979,,,,0,0,0,0,0,0,0,1,0,
92다22100,,92da22100,,,,0,0,0,0,0,0,0,1,0,
92다22206,,92da22206,,,,0,0,0,0,0,0,0,1,0,
92다22770,,92da22770,대법원,1993.03.09,임금등,1,0,3,0,0,0,1,0,0,
92다2295,,92da2295,대법원,1992.05.22,퇴직금,1,0,3,0,0,0,1,0,0,
92다23360,,92da23360,대법원,1992.12.08,구상금,1,0,4,0,0,0,1,0,0,
92다23360913,,92da23360913,,,,0,0,0,0,0,0,0,1,0,
92다23933,,92da23933,,,,0,0,0,0,0,0,0,1,0,
92다24509,,92da24509,대법원,1993.05.27,임금,1,1,3,0,0,0,0,0,1,
92다24592,,92da24592,대법원,1992.11.24,임금,1,0,3,0,0,0,0,0,0,
92다26260,,92da26260,대법원,1992.09.01,해고무효확인,1,0,3,0,0,0,0,0,0,
92다27089,,92da27089,대법원,1993.05.11,해고무효확인등,1,0,3,0,0,0,0,0,0,
92다27102,,92da27102,대법원,1993.02.09,해고무효확인등,1,0,4,0,0,0,0,0,0,
92다27102691,,92da27102691,,,,0,0,0,0,0,0,0,1,0,
92다27102693,,92da27102693,,,,0,0,0,0,0,0,0,1,0,
92다28228,,92da28228,,2023.02.05,회사의 이사 등 임원이 근로기준법상의 근로자인지 여부,0,1,0,5,0,0,0,0,0,
92다28556,1992다28556,92da28556,대법원,1994.06.24,퇴직금,1,0,7,0,0,0,1,1,0,표기병합
92다29970,,92da29970,,,,0,0,0,0,0,0,0,1,0,
92다30801,,92da30801,대법원,1994.07.29,손해배상(기),1,0,3,0,0,0,0,0,0,
92다31057,,92da31057,대법원,1993.10.26,퇴직금,1,0,3,0,0,0,0,0,0,
92다31125,,92da31125,대법원,1993.05.25,임금등,1,0,3,0,0,0,1,0,0,
92다3230,,92da3230,,,,0,0,0,0,0,0,0,1,0,
92다3230360,,92da3230360,,,,0,0,0,0,0,0,0,1,0,
92다33398,,92da33398,대법원,1993.05.27,임금등,1,0,3,0,0,0,0,0,0,
92다34339,,92da34339,,,,0,0,0,0,0,0,0,1,0,
92다34858,,92da34858,대법원,1993.12.28,해고무효확인,1,0,3,0,0,0,2,0,0,
92다34858463,,92da34858463,,,,0,0,0,0,0,0,0,1,0,
92다34926,,92da34926,대법원,1993.08.24,면직무효확인등,1,0,4,0,0,0,0,0,0,
92다34933,,92da34933,,,,0,0,0,0,0,0,0,1,0,
92다34940,,92da34940,대법원,1993.04.23,해고무효확인,1,0,3,0,0,0,0,0,0,
92다34940303,,92da34940303,,,,0,0,0,0,0,0,0,1,0,
92다3670,,92da3670,대법원,1992.05.26,해고무효,1,0,4,0,0,0,0,0,0,
92다36861,,92da36861,,,,0,0,0,0,0,0,0,1,0,
92다37161,,92da37161,대법원,1993.04.27,퇴직금,1,0,3,0,0,0,0,0,0,
92다37673,,92da37673,대법원,1993.01.15,퇴직금,1,0,3,0,0,0,0,0,0,
92다39860,,92da39860,대법원,1992.12.08,임금,1,0,3,0,0,0,2,0,0,
92다40297,,92da40297,,,,0,0,0,0,0,0,0,1,0,
92다41986,,92da41986,대법원,1993.01.15,퇴직금,1,0,3,0,0,0,0,0,0,
92다41986494,,92da41986494,,,,0,0,0,0,0,0,0,1,0,
92다42354,,92da42354,대법원,1993.06.08,건물명도,1,0,3,0,0,0,0,0,0,
92다42897,,92da42897,대법원,1993.09.10,손해배상(기),1,0,3,0,0,0,1,0,0,
92다42897131,,92da42897131,,,,0,0,0,0,0,0,0,1,0,
92다43586477,,92da43586477,,,,0,0,0,0,0,0,0,1,0,
92다44695,,92da44695,대법원,1994.01.11,해고무효확인,1,0,3,0,0,0,1,0,0,
92다45230,,92da45230,대법원,1994.01.28,해고무효확인,1,0,3,0,0,0,0,0,0,
92다45490,,92da45490,대법원,1993.09.14,퇴직금,1,0,3,0,0,0,0,0,0,
92다45636,,92da45636,대법원,1993.02.09,해고무효확인등,1,0,3,0,0,0,0,0,0,
92다45735,,92da45735,대법원,1993.07.13,해고무효확인등,1,0,5,0,0,0,0,0,0,
92다46462,,92da46462,대법원,1993.07.27,임금,1,0,3,0,0,0,0,0,0,
92다48208,,92da48208,대법원,1993.04.13,해고무효확인등,1,0,3,0,0,0,0,0,0,
92다48697,,92da48697,대법원,1993.04.27,해고무효확인,1,0,3,0,0,0,0,0,0,
92다49171,,92da49171,대법원,1993.04.13,해고무효확인,1,0,3,0,0,0,1,0,0,
92다49294,,92da49294,대법원,1993.05.11,퇴직금규정개정무효확인,1,0,3,0,0,0,0,0,0,
92다49935,,92da49935,대법원,1993.10.22,해고무효확인등,1,0,4,0,0,0,0,0,0,
92다50263,,92da50263,대법원,1993.07.13,해고무효확인등,1,0,7,0,0,0,1,0,0,
92다50416,,92da50416,,,,0,0,0,0,0,0,0,1,0,
92다5134116,,92da5134116,,,,0,0,0,0,0,0,0,1,0,
92다52115,,92da52115,대법원,1993.03.23,퇴직금,1,0,3,0,0,0,0,0,0,
92다54210,,92da54210,대법원,1993.10.26,해고무효확인,1,0,3,0,0,0,1,0,0,
92다54210428,,92da54210428,,,,0,0,0,0,0,0,0,1,0,
92다7061,,92da7061,,,,0,0,0,0,0,0,0,1,0,
92다7306,,92da7306,대법원,1992.05.22,임금,1,0,4,0,0,0,0,0,0,
92다7542,,92da7542,대법원,1992.06.23,해고무효확인등,1,0,3,0,0,0,1,0,0,
92다893,,92da893,대법원,1994.02.08,손해배상(기),1,0,3,0,0,0,2,0,0,
92도2089,,92do2089,대법원,1993.07.13,근로기준법위반,1,0,3,0,0,0,1,0,0,
92도2247,,92do2247,대법원,1993.12.21,"업무방해,노동조합법위반",1,0,3,0,0,0,0,0,0,
92도2247689,,92do2247689,,,,0,0,0,0,0,0,0,1,0,
92도2341,,92do2341,대법원,1992.12.24,근로기준법위반,1,0,3,0,0,0,0,0,0,
92라2285,,92ra2285,,,,0,0,0,0,0,0,0,1,0,
92라34858,,92ra34858,,,,0,0,0,0,0,0,0,1,0,
92헌바41,,92heonba41,,,,0,0,0,0,0,0,0,1,0,
93나326,,93na326,,,,0,0,0,0,0,0,0,1,0,
93누10699,,93nu10699,대법원,1994.02.08,부당노동행위구제재심판정취소,1,0,3,0,0,0,0,0,0,
93누16185,,93nu16185,대법원,1994.04.29,부당해고구제재심판정취소,1,0,3,0,0,0,0,0,0,
93누16680,,93nu16680,대법원,1994.04.29,부당해고구제재심판정취소,1,0,3,0,0,0,1,0,0,
93누1671,,93nu1671,대법원,1993.11.09,휴업지불예외승인재심판정취소,1,0,3,0,0,0,0,0,0,
93누20115,,93nu20115,대법원,1994.06.14,부당노동행위구제재심판정취소등,1,0,4,0,0,0,0,0,0,
93누21231,,93nu21231,대법원,1994.10.25,건설업면허취소처분취소,1,0,4,0,0,0,0,0,0,
93누21927,,93nu21927,대법원,1994.11.08,장해등급결정처분취소,1,0,3,0,0,0,0,0,0,
93누22463,,93nu22463,대법원,1994.06.28,부당해고구제재심판정취소,1,0,3,0,0,0,1,0,0,
93누23275,,93nu23275,대법원,1994.12.13,부당해고구제재심판정취소,1,0,3,0,0,0,2,0,0,
93누3837,,93nu3837,대법원,1993.09.28,부당해고구제재심판정취소,1,0,3,0,0,0,1,0,0,
93누4199,,93nu4199,대법원,1993.09.24,부당해고구제재심판정취소,1,0,3,0,0,0,1,0,0,
93누5796,,93nu5796,대법원,1993.12.21,중재재정취소,1,1,3,0,0,0,0,0,1,
93누5796270,,93nu5796270,,,,0,0,0,0,0,0,0,1,0,
93누8993,,93nu8993,대법원,1994.08.26,단체협약취소변경명령,1,0,3,0,0,0,0,0,0,
93다11463,,93da11463,대법원,1993.12.21,임금지급등,1,1,4,0,0,0,0,0,1,
93다11654,,93da11654,,,,0,0,0,0,0,0,0,1,0,
93다13544,,93da13544,대법원,1993.12.28,파면처분무효확인등,1,0,3,0,0,0,0,0,0,
93다13544590,,93da13544590,,,,0,0,0,0,0,0,0,1,0,
93다14493,,93da14493,대법원,1994.05.24,퇴직금,1,0,3,0,0,0,0,0,0,
93다1503,,93da1503,대법원,1993.05.11,해고무효확인,1,0,3,0,0,0,0,0,0,
93다1589,,93da1589,대법원,1994.03.08,퇴직금,1,0,3,0,0,0,1,0,0,
93다1589391,,93da1589391,,,,0,0,0,0,0,0,0,1,0,
93다17843,,93da17843,대법원,1994.01.11,근로자지위확인,1,1,3,0,0,0,0,0,1,
93다17898,,93da17898,대법원,1993.08.24,퇴직금,1,0,3,0,0,0,2,0,0,
93다18365,,93da18365,대법원,1993.10.12,퇴직금,1,0,3,0,0,0,1,0,0,
93다1893,,93da1893,대법원,1993.05.14,퇴직금,1,0,3,0,0,0,1,0,0,
93다1893147,,93da1893147,,,,0,0,0,0,0,0,0,1,0,
93다18938,,93da18938,,2023.02.05,영업의 전부 또는 일부양도가 이루어진 경우에는 원칙적으로 해당 근로자들의 근로관계가 양수하는 기업에 승계된다,0,1,0,7,0,0,0,0,0,
93다1957,,93da1957,,,,0,0,0,0,0,0,0,1,0,
93다21606,,93da21606,대법원,1994.05.10,급여청구,1,0,3,0,0,0,0,0,0,
93다21736,,93da21736,대법원,1993.09.24,해고무효확인등,1,0,3,0,0,0,2,0,0,
93다21736479,,93da21736479,,,,0,0,0,0,0,0,0,1,0,
93다21750,,93da21750,대법원,1994.05.10,제명처분무효확인,1,0,3,0,0,0,0,0,0,
93다22524,,93da22524,대법원,1993.09.28,면직무효확인,1,0,3,0,0,0,0,0,0,
93다23107,,93da23107,대법원,1993.11.09,보험금,1,0,3,0,0,0,1,0,0,
93다23152,,93da23152,대법원,1994.12.22,해고무효확인등,1,0,3,0,0,0,0,0,0,
93다24735,,93da24735,대법원,1993.12.10,손해배상(기),1,0,3,0,0,0,0,0,0,
93다25264,,93da25264,,,,0,0,0,0,0,0,0,1,0,
93다25851,,93da25851,대법원,1993.11.09,보험금지급,1,0,3,0,0,0,1,0,0,
93다26151,,93da26151,대법원,1994.06.14,해고무효확인등,1,0,3,0,0,0,0,0,0,
93다26168,,93da26168,대법원,1995.07.11,퇴직금,1,1,10,0,0,0,0,0,1,
93다2629,,93da2629,대법원,1993.10.26,건물퇴거,1,0,3,0,0,0,0,0,0,
93다26496,,93da26496,대법원,1994.09.30,해고무효확인등,1,0,5,0,0,0,0,0,0,
93다28584,,93da28584,,,,0,0,0,0,0,0,0,1,0,
93다28737,,93da28737,대법원,1993.10.12,퇴직금등,1,0,3,0,0,0,0,0,0,
93다29167,,93da29167,대법원,1994.06.14,해고무효확인등,1,0,4,0,0,0,0,0,0,
93다30181,,93da30181,대법원,1994.05.10,손해배상(기),1,0,3,0,0,0,0,0,0,
93다30938,,93da30938,대법원,1994.01.11,배당이의,1,0,3,0,0,0,1,0,0,
93다30938239,,93da30938239,,,,0,0,0,0,0,0,0,1,0,
93다319,,93da319,,,,0,0,0,0,0,0,0,1,0,
93다32002,,93da32002,대법원,1994.05.13,해고무효확인등,1,0,3,0,0,0,1,0,0,
93다32408,,93da32408,대법원,1994.03.08,퇴직금등,1,0,3,0,0,0,0,0,0,
93다32514,,93da32514,대법원,1994.05.24,임금등,1,0,6,0,0,0,0,0,0,
93다32828,,93da32828,대법원,1994.03.25,손해배상(기),1,0,4,0,0,0,0,0,0,
93다33173,,93da33173,대법원,1994.06.28,임금,1,0,3,0,0,0,1,0,0,
93다3363,,93da3363,대법원,1993.9.28.,,0,0,0,0,0,0,1,1,0,
93다34091,,93da34091,대법원,1993.12.21,손해배상(산),1,0,3,0,0,0,0,0,0,
93다35384,,93da35384,대법원,1993.11.09,해고무효확인등,1,0,3,0,0,0,1,0,0,
93다3592,,93da3592,대법원,1994.11.18,구상금,1,0,4,0,0,0,0,0,0,
93다37915,,93da37915,대법원,1993.11.09,해고무효확인등,1,0,3,0,0,0,2,0,0,
93다37915476,,93da37915476,,,,0,0,0,0,0,0,0,1,0,
93다38529,,93da38529,대법원,1993.12.28,퇴직금등,1,0,3,0,0,0,0,0,0,
93다38826,,93da38826,대법원,1994.05.24,구상금등,1,0,4,0,0,0,0,0,0,
93다39492,,93da39492,,,,0,0,0,0,0,0,0,1,0,
93다43866,,93da43866,대법원,1993.12.21,해고무효확인등,1,0,3,0,0,0,1,0,0,
93다46254,,93da46254,대법원,1995.01.20,임금,1,0,4,0,0,0,0,0,0,
93다4649,,93da4649,대법원,1994.05.24,퇴직금등,1,0,3,0,0,0,0,0,0,
93다46841,,93da46841,대법원,1994.05.24,퇴직금,1,0,3,0,0,0,0,0,0,
93다47677,,93da47677,대법원,1994.05.10,해고무효확인,1,1,3,0,0,0,0,0,1,
93다47790,,93da47790,대법원,1994.05.13,정년퇴직발령무효확인,1,0,2,0,0,0,0,0,0,
93다4816,1993다4816,93da4816,대법원,1993.05.11,임금등,1,0,4,0,0,0,0,1,0,표기병합
93다48823,,93da48823,,,,0,0,0,0,0,0,0,1,0,
93다50017,,93da50017,대법원,1994.09.13,해고무효확인등,1,0,4,0,0,0,1,0,0,
93다51263,,93da51263,대법원,1995.05.09,해고무효및임금청구,1,0,4,0,0,0,1,0,0,
93다52402,,93da52402,대법원,1995.02.10,손해배상(의),1,0,5,0,0,0,0,0,0,
93다52525,,93da52525,대법원,1994.12.27,해고무효확인등,1,0,3,0,0,0,0,0,0,
93다53276,,93da53276,대법원,1994.12.23,퇴직금등,1,0,3,0,0,0,0,0,0,
93다57346,,93da57346,대법원,1994.05.10,손해배상(자),1,0,3,0,0,0,0,0,0,
93다57551,,93da57551,대법원,1994.05.27,해고무효확인등,1,0,3,0,0,0,1,0,0,
93다58714,,93da58714,대법원,1994.08.26,퇴직금,1,0,3,0,0,0,0,0,0,
93다59908,,93da59908,대법원,1994.12.13,해고무효확인등,1,0,4,0,0,0,0,0,0,
93다61611,,93da61611,대법원,1994.12.09,양수금,1,0,4,0,0,0,1,0,0,
93다61703,,93da61703,대법원,1995.04.25,손해배상(산),1,0,3,0,0,0,0,0,0,
93다62126,,93da62126,대법원,1994.06.14,해고무효확인등,1,0,3,0,0,0,0,0,0,
93다7464,,93da7464,대법원,1993.11.09,해고무효확인등,1,0,5,0,0,0,1,0,0,
93다8658,,93da8658,대법원,1993.11.09,퇴직금등,1,0,3,0,0,0,0,0,0,
93다968,,93da968,대법원,1994.01.14,해고무효확인,1,0,3,0,0,0,0,0,0,
93다카13465,,93daka13465,,,,0,0,0,0,0,0,0,1,0,
93도2903,,93do2903,대법원,1994.03.25,근로기준법위반,1,0,3,0,0,0,0,0,0,
93도613,,93do613,대법원,1994.02.22,업무방해,1,0,3,0,0,0,0,0,0,
93마1822,,93ma1822,대법원,1994.03.16,압류및전부명령,1,0,3,0,0,0,0,0,0,
93헌바43,,93heonba43,헌법재판소,1995.02.23,형법 제35조 등 위헌소원,1,0,4,0,0,0,1,0,0,
93헌바4362,,93heonba4362,,,,0,0,0,0,0,0,0,1,0,
94가합10586,,94gahap10586,,,,0,0,0,0,0,0,0,1,0,
94나21582,,94na21582,,,,0,0,0,0,0,0,0,1,0,
94누10122,,94nu10122,,,,0,0,0,0,0,0,0,1,0,
94누10443,,94nu10443,,,,0,0,0,0,0,0,0,1,0,
94누10931,,94nu10931,대법원,1995.11.24,부당해고구제재심판정취소,1,0,3,0,0,0,1,0,0,
94누1093123,,94nu1093123,,,,0,0,0,0,0,0,0,1,0,
94누11491,,94nu11491,대법원,1995.07.14,부당해고구제재심판정취소,1,0,3,0,0,0,1,0,0,
94누11767,,94nu11767,대법원,1995.03.03,부당해고구제재심판정취소,1,0,3,0,0,0,3,0,0,
94누11880,,94nu11880,대법원,1995.03.10,부당해고구제재심판정취소,1,0,3,0,0,0,0,0,0,
94누12067,,94nu12067,대법원,1995.09.15,요양불승인처분취소,1,0,4,0,0,0,2,0,0,
94누1206745,,94nu1206745,,,,0,0,0,0,0,0,0,1,0,
94누13053,,94nu13053,대법원,1995.04.25,부당해고구제재심판정취소,1,0,4,0,0,0,0,0,0,
94누13589,,94nu13589,대법원,1996.08.23,부당해고구제재심판정취소,1,0,3,0,0,0,1,0,0,
94누15783,,94nu15783,대법원,1995.12.05,부당해고구제재심판정취소,1,0,3,0,0,0,2,0,0,
94누15783463,,94nu15783463,,,,0,0,0,0,0,0,0,1,0,
94누162,,94nu162,,,,0,0,0,0,0,0,0,1,0,
94누1890,,94nu1890,대법원,1994.08.12,부당해고구제재심판정취소,1,0,3,0,0,0,1,0,0,
94누2565,,94nu2565,대법원,1994.06.28,유족급여및장의비급여부지급결정처분취소,1,0,3,0,0,0,0,0,0,
94누3001,,94nu3001,대법원,1994.12.23,부당노동행위구제재심판정취소,1,0,5,0,0,0,1,0,0,
94누5069,,94nu5069,대법원,1995.02.14,부당해고구제재심판정취소,1,0,3,0,0,0,0,0,0,
94누576,,94nu576,대법원,1994.09.13,부당해고구제재심판정취소,1,0,4,0,0,0,1,0,0,
94누7959,,94nu7959,대법원,1995.02.17,부당해고구제재심판정취소,1,0,4,0,0,0,1,0,0,
94누9177,,94nu9177,대법원,1996.02.23,중재재심결정취소,1,0,6,0,0,0,0,0,0,
94누9177646,,94nu9177646,,,,0,0,0,0,0,0,0,1,0,
94누9771,,94nu9771,대법원,1996.02.09,부당해고구제재심판정취소,1,0,3,0,0,0,0,0,0,
94누9955,,94nu9955,대법원,1995.06.30,휴업지불예외승인재심판정취소,1,0,4,0,0,0,0,0,0,
94다14629,,94da14629,대법원,1994.08.09,면직처분무효확인,1,0,3,0,0,0,1,0,0,
94다14650,,94da14650,대법원,1995.03.10,해고무효확인등,1,0,8,0,0,0,0,0,0,
94다14742,,94da14742,대법원,1996.06.28,급료,1,0,3,0,0,0,0,0,0,
94다17246,,94da17246,대법원,1994.12.13,구상금등,1,0,3,0,0,0,0,0,0,
94다17758,,94da17758,대법원,1995.02.03,해고무효확인등,1,0,3,0,0,0,0,0,0,
94다17994,,94da17994,대법원,1995.06.30,해고무효확인등,1,0,3,0,0,0,0,0,0,
94다18072,,94da18072,대법원,1995.03.10,퇴직금,1,0,4,0,0,0,1,0,0,
94다18533,,94da18533,,,,0,0,0,0,0,0,0,1,0,
94다18533304,,94da18533304,,,,0,0,0,0,0,0,0,1,0,
94다18553,,94da18553,대법원,1995.06.29,임금,1,0,7,0,0,0,1,0,0,
94다18553303,,94da18553303,,,,0,0,0,0,0,0,0,1,0,
94다19228,,94da19228,대법원,1995.02.10,해고무효확인등,1,0,3,0,0,0,2,0,0,
94다19242,,94da19242,대법원,1994.12.27,양수금,1,0,3,0,0,0,1,0,0,
94다19501,,94da19501,대법원,1996.02.09,노임,1,0,6,0,0,0,0,0,0,
94다20198,,94da20198,대법원,1995.07.14,퇴직금등,1,0,3,0,0,0,0,0,0,
94다21160,,94da21160,대법원,1996.02.23,배당이의,1,0,4,0,0,0,0,0,0,
94다21337,,94da21337,대법원,1994.09.30,해고무효확인,1,0,4,0,0,0,0,0,0,
94다21580,,94da21580,대법원,1994.09.13,손해배상(자),1,0,3,0,0,0,0,0,0,
94다21979,,94da21979,대법원,1994.10.25,보험금,1,0,3,0,0,0,1,0,0,
94다222859,,94da222859,,,,0,0,0,0,0,0,0,1,0,
94다22859,,94da22859,,2023.02.05,근로기준법상의 근로자에 해당하는지 여부의 판단기준,0,1,0,4,0,0,0,0,0,
94다23180,,94da23180,,2023.02.14,취업규칙을 종전보다 불리하게 변경하기 위한 근로자측의 동의방법,0,1,0,8,0,0,0,0,0,
94다24763,,94da24763,대법원,1995.05.23,해고무효확인,1,0,3,0,0,0,2,0,0,
94다24763377,,94da24763377,,,,0,0,0,0,0,0,0,1,0,
94다25889,,94da25889,대법원,1994.10.25,해고무효확인등,1,0,4,0,0,0,3,0,0,
94다25899,,94da25899,,,,0,0,0,0,0,0,0,1,0,
94다2621,,94da2621,,,,0,0,0,0,0,0,0,1,0,
94다26615,,94da26615,대법원,1994.10.28,체불임금,1,0,3,0,0,0,0,0,0,
94다26721,,94da26721,대법원,1995.12.21,임금,1,0,15,0,0,0,2,0,0,
94다26721179,,94da26721179,,,,0,0,0,0,0,0,0,1,0,
94다27960,,94da27960,대법원,1994.12.13,해고무효확인등,1,0,3,0,0,0,2,0,0,
94다29225,,94da29225,대법원,1994.10.11,구상금,1,0,3,0,0,0,0,0,0,
94다30638,,94da30638,대법원,1996.04.26,퇴직금,1,0,3,0,0,0,0,0,0,
94다30669,,94da30669,대법원,1994.11.11,손해배상(기),1,0,3,0,0,0,0,0,0,
94다33491,,94da33491,대법원,1994.10.28,손해배상(산),1,0,3,0,0,0,0,0,0,
94다33552,,94da33552,대법원,1995.03.10,해고무효확인,1,0,4,0,0,0,0,0,0,
94다36186,,94da36186,대법원,1995.10.12,퇴직금,1,0,3,0,0,0,0,0,0,
94다36186504,,94da36186504,,,,0,0,0,0,0,0,0,1,0,
94다4011,,94da4011,대법원,1995.04.11,해고무효확인등,1,0,6,0,0,0,2,0,0,
94다4042,,94da4042,대법원,1994.09.30,해고무효확인,1,0,8,0,0,0,2,0,0,
94다40543,,94da40543,대법원,1994.12.27,손해배상(산),1,0,3,0,0,0,0,0,0,
94다40987,,94da40987,대법원,1995.01.24,해고무효확인등,1,0,3,0,0,0,0,0,0,
94다42082,,94da42082,대법원,1995.03.24,해고무효확인,1,0,5,0,0,0,1,0,0,
94다4295,,94da4295,대법원,1994.07.29,해고무효확인등,1,0,3,0,0,0,1,0,0,
94다43351,,94da43351,대법원,1995.12.05,해고무효확인,1,0,3,0,0,0,1,0,0,
94다446,,94da446,대법원,1996.04.23,임금등,1,0,10,0,0,0,1,0,0,
94다45715,,94da45715,대법원,1995.03.28,해고무효확인등,1,0,4,0,0,0,1,0,0,
94다46596,,94da46596,대법원,1995.05.26,해고무효확인등,1,0,3,0,0,0,1,0,0,
94다46596361,,94da46596361,,,,0,0,0,0,0,0,0,1,0,
94다46763,,94da46763,대법원,1995.03.28,해고무효확인,1,0,3,0,0,0,0,0,0,
94다52119,,94da52119,대법원,1995.12.22,해고무효확인등,1,0,3,0,0,0,2,0,0,
94다52294,,94da52294,대법원,1995.09.05,해고무효확인등,1,0,3,0,0,0,0,0,0,
94다52928,,94da52928,대법원,1995.10.13,해고무효확인등,1,0,3,0,0,0,2,0,0,
94다53716,,94da53716,대법원,1996.06.28,해고무효확인,1,0,3,0,0,0,0,0,0,
94다53716379,,94da53716379,,,,0,0,0,0,0,0,0,1,0,
94다54245,,94da54245,대법원,1995.09.29,해고무효확인등,1,0,3,0,0,0,1,0,0,
94다54245398,,94da54245398,,,,0,0,0,0,0,0,0,1,0,
94다54542,,94da54542,대법원,1995.07.28,임금,1,0,3,0,0,0,0,0,0,
94다54559,,94da54559,,,,0,0,0,0,0,0,0,1,0,
94다5466,,94da5466,,,,0,0,0,0,0,0,0,1,0,
94다55934,,94da55934,대법원,1995.05.12,퇴직금,1,1,4,0,0,0,0,0,1,
94다55934176,,94da55934176,,,,0,0,0,0,0,0,0,1,0,
94다58087,,94da58087,대법원,1995.04.11,해고무효확인등,1,0,3,0,0,0,0,0,0,
94다60509,,94da60509,대법원,1995.05.26,채무부존재확인,1,0,3,0,0,0,1,0,0,
94다61611,,94da61611,,,,0,0,0,0,0,0,0,1,0,
94다6628,,94da6628,대법원,1994.04.26,손해배상(자),1,0,3,0,0,0,0,0,0,
94다6918,,94da6918,대법원,1994.05.10,배당이의,1,0,3,0,0,0,0,0,0,
94다7553,,94da7553,대법원,1994.08.23,직위해제등무효확인,1,0,3,0,0,0,0,0,0,
94다8613,,94da8613,,2024.03.15,의도적으로 평균임금이 높아진 경우 그 기간을 뺀 그 직전 3개월로 평균임금을 계산한다,0,1,0,10,0,0,0,0,0,
94다8631,,94da8631,대법원,1995.02.28,퇴직금,1,0,4,0,0,0,1,0,0,
94다9092,,94da9092,대법원,1994.09.30,고용관계존재확인등,1,0,4,0,0,0,2,0,0,
94다카1409,,94daka1409,,,,0,0,0,0,0,0,0,1,0,
94도1477,,94do1477,대법원,1995.11.10,근로기준법위반,1,0,4,0,0,0,0,0,0,
94도1724,,94do1724,대법원,1995.04.14,근로기준법위반,1,0,3,0,0,0,0,0,0,
94도2122,,94do2122,대법원,1995.06.30,근로기준법위반,1,0,4,0,0,0,0,0,0,
94마1822,,94ma1822,,,,0,0,0,0,0,0,0,1,0,
94헌바13,,94heonba13,헌법재판소,1998.02.27,노동조합법 제33조 제1항 위헌소원,1,0,4,0,0,0,1,0,0,
94헌바19,,94heonba19,헌법재판소,1997.08.21,근로기준법 제30조의2 제2항 위헌소원,1,0,7,0,0,0,1,0,0,
94헌바19241,,94heonba19241,,,,0,0,0,0,0,0,0,1,0,
94헌바49,,94heonba49,,,,0,0,0,0,0,0,0,1,0,
95나14420,,95na14420,,,,0,0,0,0,0,0,0,1,0,
95나39533,,95na39533,,,,0,0,0,0,0,0,0,1,0,
95누11238,,95nu11238,대법원,1996.08.23,부당노동행위구제재심판정취소,1,0,3,0,0,0,0,0,0,
95누11238481,,95nu11238481,,,,0,0,0,0,0,0,0,1,0,
95누12347,,95nu12347,대법원,1995.12.05,부당해고구제재심판정취소,1,0,3,0,0,0,0,0,0,
95누12347488,,95nu12347488,,,,0,0,0,0,0,0,0,1,0,
95누13432,,95nu13432,대법원,1996.07.30,유족급여등부지급처분취소,1,0,5,0,0,0,0,0,0,
95누1422,,95nu1422,대법원,1995.11.14,부당해고구제재심판정취소,1,0,4,0,0,0,0,0,0,
95누1422417,,95nu1422417,,,,0,0,0,0,0,0,0,1,0,
95누14282,,95nu14282,대법원,1996.01.26,요양비부지급처분취소등,1,0,3,0,0,0,0,0,0,
95누14633,,95nu14633,대법원,1996.08.23,요양불승인처분취소,1,0,3,0,0,0,1,0,0,
95누15698,,95nu15698,대법원,1996.02.27,부당해고구제재심판정취소,1,0,3,0,0,0,0,0,0,
95누15728,,95nu15728,대법원,1996.11.12,부당해고구제재심판정취소,1,1,3,0,0,0,0,0,1,
95누15728434,,95nu15728434,,,,0,0,0,0,0,0,0,1,0,
95누15742,,95nu15742,대법원,1996.09.20,부당해고구제재심판정취소,1,0,3,0,0,0,1,0,0,
95누15926,,95nu15926,대법원,1996.10.29,부당해고구제재심판정취소,1,0,5,0,0,0,2,0,0,
95누16059,,95nu16059,대법원,1996.12.20,부당강임구제재심판정취소,1,0,3,0,0,0,0,0,0,
95누17571,,95nu17571,대법원,1996.11.26,부당해고구제재심판정취소,1,0,3,0,0,0,2,0,0,
95누18536,,95nu18536,대법원,1996.03.08,해임처분취소,1,0,3,0,0,0,0,0,0,
95누18727,,95nu18727,대법원,1996.04.26,해임처분취소,1,0,4,0,0,0,0,0,0,
95누1972,,95nu1972,대법원,1996.04.26,부당해고구제재심판정취소,1,0,4,0,0,0,0,0,0,
95누2487,,95nu2487,대법원,1996.05.31,부당해고구제재심판정취소,1,0,4,0,0,0,1,0,0,
95누2548,,95nu2548,,,,0,0,0,0,0,0,0,1,0,
95누3565,,95nu3565,대법원,1995.12.22,부당노동행위구제재심판정취소,1,0,3,0,0,0,1,0,0,
95누3565521,,95nu3565521,,,,0,0,0,0,0,0,0,1,0,
95누4377,,95nu4377,대법원,1997.07.25,노동조합설립신고사항변경신고반려처분취소,1,0,3,0,0,0,0,0,0,
95누528846,,95nu528846,,,,0,0,0,0,0,0,0,1,0,
95누61,,95nu61,,,,0,0,0,0,0,0,0,1,0,
95누6151,,95nu6151,대법원,1996.04.23,부당노동행위구제재심판정취소,1,0,5,0,0,0,1,0,0,
95누6151588,,95nu6151588,,,,0,0,0,0,0,0,0,1,0,
95누6410,,95nu6410,대법원,1996.06.14,부당해고구제재심판정취소,1,0,3,0,0,0,1,0,0,
95누6410382,,95nu6410382,,,,0,0,0,0,0,0,0,1,0,
95누6649,,95nu6649,대법원,1996.06.11,개인택시운송사업면허제외처분취소,1,0,3,0,0,0,0,0,0,
95누7130,,95nu7130,,2024.03.06,회사의 전보처분이 권리남용에 해당하는지 여부의 판단기준,0,1,0,7,0,0,0,0,0,
95누7765,,95nu7765,,2023.02.05,진의의 사직서를 근거로 이루어진 근로관계 소멸 통지는 해고가 아니다,0,1,0,5,0,0,0,0,0,
95누7765424,,95nu7765424,,,,0,0,0,0,0,0,0,1,0,
95누8119,,95nu8119,대법원,1996.10.15,직위해제처분무효확인및정직처분취소,1,0,3,0,0,0,0,0,0,
95누8119342,,95nu8119342,,,,0,0,0,0,0,0,0,1,0,
95다10778,,95da10778,대법원,1995.08.11,해고무효확인등,1,0,5,0,0,0,2,0,0,
95다10778327,,95da10778327,,,,0,0,0,0,0,0,0,1,0,
95다10778361,,95da10778361,,,,0,0,0,0,0,0,0,1,0,
95다16400,,95da16400,대법원,1996.09.06,해고무효확인등,1,0,3,0,0,0,0,0,0,
95다16400377,,95da16400377,,,,0,0,0,0,0,0,0,1,0,
95다1767,,95da1767,대법원,1995.07.14,해고무효확인등,1,0,5,0,0,0,0,0,0,
95다184,,95da184,,,,0,0,0,0,0,0,0,1,0,
95다19256,,95da19256,대법원,1996.05.14,미지급퇴직금,1,0,4,0,0,0,0,0,0,
95다19501,,95da19501,,,,0,0,0,0,0,0,0,1,0,
95다20454,,95da20454,대법원,1996.09.20,해고무효확인등,1,0,3,0,0,0,0,0,0,
95다21587,,95da21587,,,,0,0,0,0,0,0,0,1,0,
95다24074,,95da24074,대법원,1996.06.28,연월차수당지급,1,0,4,0,0,0,0,0,0,
95다24944,,95da24944,,2024.03.13,의무재직기간 근무 불이행시 파견된 해외 회사로부터 지급받은 금품을 반환하기로 한 약정의 효력,0,1,0,7,0,0,0,0,0,
95다24944120,,95da24944120,,,,0,0,0,0,0,0,0,1,0,
95다2630,,95da2630,대법원,1996.03.22,추심금,1,0,3,0,0,0,0,0,0,
95다27295,,95da27295,대법원,1996.12.23,면직처분무효확인등,1,0,3,0,0,0,0,0,0,
95다27684,,95da27684,대법원,1997.04.11,구상금,1,0,3,0,0,0,0,0,0,
95다28304,,95da28304,대법원,1996.12.20,부당이득금반환,1,0,3,0,0,0,0,0,0,
95다29970,,95da29970,대법원,1996.12.23,퇴직금,1,0,4,0,0,0,1,0,0,
95다29970354,,95da29970354,,,,0,0,0,0,0,0,0,1,0,
95다32631,,95da32631,대법원,1996.12.23,퇴직금,1,0,6,0,0,0,1,0,0,
95다33238,,95da33238,대법원,1996.05.31,근로관계확인등,1,0,3,0,0,0,1,0,0,
95다33238399,,95da33238399,,,,0,0,0,0,0,0,0,1,0,
95다3350,,95da3350,대법원,1996.06.14,퇴직금,1,0,3,0,0,0,0,0,0,
95다34316,,95da34316,대법원,1997.06.10,퇴직금,1,0,3,0,0,0,0,0,0,
95다36138,,95da36138,대법원,1995.12.05,청구이의,1,0,3,0,0,0,0,0,0,
95다36695,,95da36695,,,,0,0,0,0,0,0,0,1,0,
95다37414,,95da37414,,,,0,0,0,0,0,0,0,1,0,
95다37421,,95da37421,대법원,1997.12.16,구상금,1,0,3,0,0,0,0,0,0,
95다3744,,95da3744,,,,0,0,0,0,0,0,0,1,0,
95다39533,,95da39533,대법원,1998.02.10,손해배상(기),1,0,8,0,0,0,0,0,0,
95다39618,,95da39618,대법원,1995.12.22,임금등,1,0,3,0,0,0,0,0,0,
95다40,,95da40,,,,0,0,0,0,0,0,0,1,0,
95다4056,,95da4056,대법원,1997.04.25,임금,1,0,4,0,0,0,2,0,0,
95다41659,,95da41659,대법원,1995.12.26,퇴직금,1,0,3,0,0,0,1,0,0,
95다45934,,95da45934,대법원,1996.12.06,퇴직무효등,1,0,3,0,0,0,2,0,0,
95다46715,,95da46715,대법원,1997.03.11,해고무효확인등,1,0,3,0,0,0,0,0,0,
95다48650,,95da48650,대법원,1996.02.23,배당이의,1,0,3,0,0,0,1,0,0,
95다51397,,95da51397,대법원,1997.03.28,퇴직금,1,0,5,0,0,0,1,0,0,
95다52222,,95da52222,,2023.10.20,위탁교육 후의 의무재직기간 근무 불이행시 그 급여를 반환토록 한 약정의 효력,0,1,0,6,0,0,0,0,0,
95다52222120,,95da52222120,,,,0,0,0,0,0,0,0,1,0,
95다52611,,95da52611,대법원,1996.04.09,손해배상(기),1,0,3,0,0,0,0,0,0,
95다52611100,,95da52611100,,,,0,0,0,0,0,0,0,1,0,
95다53096,,95da53096,대법원,1997.07.22,해고무효확인등,1,0,3,0,0,0,1,0,0,
95다53096334,,95da53096334,,,,0,0,0,0,0,0,0,1,0,
95다53102,,95da53102,대법원,1996.04.23,해고무효확인등,1,0,4,0,0,0,0,0,0,
95다53188,,95da53188,대법원,1996.10.15,퇴직금,1,0,3,0,0,0,1,0,0,
95다55009,,95da55009,대법원,1997.02.11,퇴직금,1,0,3,0,0,0,0,0,0,
95다55733,,95da55733,대법원,1998.03.13,퇴직금,1,0,3,0,0,0,0,0,0,
95다55733171,,95da55733171,,,,0,0,0,0,0,0,0,1,0,
95다55900,,95da55900,대법원,1997.07.11,해고무효확인등,1,0,3,0,0,0,0,0,0,
95다55900588,,95da55900588,,,,0,0,0,0,0,0,0,1,0,
95다56798,,95da56798,대법원,1997.12.12,배당이의,1,0,3,0,0,0,1,0,0,
95다5783,,95da5783,대법원,1996.08.29,해고무효확인,1,0,3,0,0,0,0,0,0,
95다6823,,95da6823,대법원,1996.04.23,손해배상(기),1,0,5,0,0,0,2,0,0,
95다6823104,,95da6823104,,,,0,0,0,0,0,0,0,1,0,
95다719,,95da719,대법원,1996.02.09,배당이의,1,0,3,0,0,0,1,0,0,
95다7987,,95da7987,대법원,1995.07.25,해고무효확인등,1,0,3,0,0,0,0,0,0,
95도1959,,95do1959,대법원,1996.01.26,업무방해·직무유기·직무유기교사,1,0,3,0,0,0,0,0,0,
95도1959715,,95do1959715,,,,0,0,0,0,0,0,0,1,0,
95도2151,,95do2151,대법원,1995.12.05,근로기준법위반,1,0,3,0,0,0,0,0,0,
95도2970,,95do2970,대법원,1996.02.27,업무방해·노동쟁의조정법위반,1,0,3,0,0,0,0,0,0,
95도748,,95do748,대법원,1997.04.22,직무유기,1,0,4,0,0,0,0,0,0,
95도748715,,95do748715,,,,0,0,0,0,0,0,0,1,0,
95마594,,95ma594,대법원,1996.02.13,기술생산독점권사용및모조품판매금지가처분,1,0,3,0,0,0,0,0,0,
95마645,,95ma645,대법원,1995.08.29,선거무효및위원장직무정지가처분,1,0,3,0,0,0,0,0,0,
95마645555,,95ma645555,,,,0,0,0,0,0,0,0,1,0,
95헌마90,,95heonma90,헌법재판소,1997.04.24,행정사법 제35조 제1항 제1호 등 위헌확인,1,0,3,0,0,0,0,0,0,
95헌바10,,95heonba10,헌법재판소,1998.02.27,노동쟁의조정법 제12조 제2항 등 위헌소원,1,0,4,0,0,0,0,0,0,
95헌바44,,95heonba44,,,,0,0,0,0,0,0,0,1,0,
96나35424,,96na35424,,,,0,0,0,0,0,0,0,1,0,
96누10188,,96nu10188,대법원,1998.02.10,부당노동행위구제재심판정취소,1,0,4,0,0,0,0,0,0,
96누10188792,,96nu10188792,,,,0,0,0,0,0,0,0,1,0,
96누10331,,96nu10331,대법원,1997.07.25,부당해고구제재심사신청기각처분취소,1,0,3,0,0,0,0,0,0,
96누10331419,,96nu10331419,,,,0,0,0,0,0,0,0,1,0,
96누11778,,96nu11778,대법원,1997.12.23,부당해고구제재심판정취소,1,0,4,0,0,0,0,0,0,
96누13231,,96nu13231,대법원,1997.11.25,부당해고구제재심판정취소,1,0,3,0,0,0,0,0,0,
96누14593,,96nu14593,,,,0,0,0,0,0,0,0,1,0,
96누15084,,96nu15084,대법원,1997.05.28,평균임금정정불승인처분취소,1,0,3,0,0,0,0,0,0,
96누150849,,96nu150849,,,,0,0,0,0,0,0,0,1,0,
96누16063,,96nu16063,대법원,1997.06.24,부당노동행위구제재심판정취소,1,0,3,0,0,0,0,0,0,
96누16070,,96nu16070,대법원,1998.03.24,부당노동행위구제재심판정취소,1,0,3,0,0,0,0,0,0,
96누16087,,96nu16087,,,,0,0,0,0,0,0,0,1,0,
96누16179,,96nu16179,대법원,1997.03.28,요양불승인처분취소,1,0,3,0,0,0,1,0,0,
96누17738,,96nu17738,대법원,1997.06.13,부당노동행위구제재심판정취소,1,0,3,0,0,0,1,0,0,
96누17738561,,96nu17738561,,,,0,0,0,0,0,0,0,1,0,
96누17738698,,96nu17738698,,,,0,0,0,0,0,0,0,1,0,
96누19314,,96nu19314,대법원,1997.04.25,부당해고구제재심판정취소,1,0,3,0,0,0,0,0,0,
96누2033,,96nu2033,,,,0,0,0,0,0,0,0,1,0,
96누2057,,96nu2057,대법원,1997.05.07,부당노동행위구제재심판정취소,1,0,3,0,0,0,0,0,0,
96누2057809,,96nu2057809,,,,0,0,0,0,0,0,0,1,0,
96누2125,,96nu2125,대법원,1997.02.11,파면처분취소,1,0,3,0,0,0,0,0,0,
96누2521,,96nu2521,대법원,1996.06.14,파면처분취소,1,0,3,0,0,0,1,0,0,
96누2521361,,96nu2521361,,,,0,0,0,0,0,0,0,1,0,
96누3005,,96nu3005,대법원,1997.04.11,단체협약시정명령취소,1,0,3,0,0,0,0,0,0,
96누3005799,,96nu3005799,,,,0,0,0,0,0,0,0,1,0,
96누4220,,96nu4220,대법원,1997.03.28,부당노동행위구제재심판정취소,1,0,5,0,0,0,0,0,0,
96누4220301,,96nu4220301,,,,0,0,0,0,0,0,0,1,0,
96누5087,,96nu5087,대법원,1997.07.08,부당노동행위구제재심판정취소,1,0,4,0,0,0,2,0,0,
96누5087424,,96nu5087424,,,,0,0,0,0,0,0,0,1,0,
96누587,,96nu587,대법원,1996.07.30,부당노동행위구제재심판정취소,1,0,4,0,0,0,0,0,0,
96누5926,,96nu5926,대법원,1997.02.14,부당노동행위구제재심판정취소,1,0,4,0,0,0,1,0,0,
96누5926480,,96nu5926480,,,,0,0,0,0,0,0,0,1,0,
96누6431,,96nu6431,대법원,1997.07.08,부당노동행위구제재심신청기각판정취소,1,0,3,0,0,0,0,0,0,
96누8031,,96nu8031,대법원,1997.09.05,부당해고구제재심판정취소,1,0,3,0,0,0,1,0,0,
96누8031463,,96nu8031463,,,,0,0,0,0,0,0,0,1,0,
96누9034,,96nu9034,대법원,1996.10.11,유족급여등부지급처분취소,1,0,2,0,0,0,1,0,0,
96누9034895,,96nu9034895,,,,0,0,0,0,0,0,0,1,0,
96누9508,,96nu9508,대법원,1997.04.25,부당해고구제재심판정취소,1,0,3,0,0,0,1,0,0,
96누9829,,96nu9829,대법원,1997.10.14,노동조합설립신고증교부(수리)처분취소,1,0,4,0,0,0,0,0,0,
96다10027,,96da10027,대법원,1996.10.11,해고무효확인등,1,0,3,0,0,0,0,0,0,
96다10263,,96da10263,대법원,1997.02.25,부당이득금반환,1,0,3,0,0,0,1,0,0,
96다12276,,96da12276,대법원,1997.10.24,퇴직금,1,0,4,0,0,0,0,0,0,
96다13415,,96da13415,대법원,1997.10.28,퇴직금,1,0,5,0,0,0,0,0,0,
96다13415685,,96da13415685,,,,0,0,0,0,0,0,0,1,0,
96다13425,,96da13425,,,,0,0,0,0,0,0,0,1,0,
96다14838,,96da14838,대법원,1997.09.26,양수금·임금등,1,0,3,0,0,0,0,0,0,
96다16605,,96da16605,대법원,1996.12.23,영업비밀침해금지등,1,0,8,0,0,0,0,0,0,
96다1726,,96da1726,대법원,1997.08.26,퇴직금,1,0,4,0,0,0,3,0,0,
96다21065,,96da21065,대법원,1996.10.29,해고무효확인등,1,0,3,0,0,0,0,0,0,
96다22174,,96da22174,대법원,1997.07.25,퇴직금,1,0,3,0,0,0,0,0,0,
96다22198,,96da22198,대법원,1996.10.29,해고무효확인등,1,0,3,0,0,0,0,0,0,
96다23627,,96da23627,대법원,1997.11.11,해고무효확인,1,0,3,0,0,0,0,0,0,
96다23627385,,96da23627385,,,,0,0,0,0,0,0,0,1,0,
96다2378,,96da2378,대법원,1996.04.23,해고무효확인,1,0,3,0,0,0,0,0,0,
96다24699,,96da24699,대법원,1998.03.24,임금등,1,1,5,0,0,1,0,0,1,
96다24699290,,96da24699290,,,,0,0,0,0,0,0,0,1,0,
96다2507,,96da2507,대법원,1997.05.16,채무부존재확인,1,0,5,0,0,0,1,0,0,
96다2507147,,96da2507147,,,,0,0,0,0,0,0,0,1,0,
96다2644,,96da2644,대법원,1997.06.24,퇴직금,1,0,3,0,0,0,2,0,0,
96다26671,,96da26671,대법원,1996.12.06,임금,1,0,3,0,0,0,0,0,0,
96다28899,,96da28899,대법원,1996.10.29,노동조합원확인,1,0,3,0,0,0,0,0,0,
96다29892,,96da29892,대법원,1997.07.25,해고무효확인,1,0,3,0,0,0,1,0,0,
96다30571,,96da30571,대법원,1996.11.22,퇴직금등,1,0,4,0,0,0,0,0,0,
96다30571311,,96da30571311,,,,0,0,0,0,0,0,0,1,0,
96다3234,,96da3234,,,,0,0,0,0,0,0,0,1,0,
96다33556,,96da33556,대법원,1997.04.08,해고무효확인등,1,0,4,0,0,0,2,0,0,
96다38438,,96da38438,대법원,1997.07.08,퇴직금,1,0,3,0,0,0,0,0,0,
96다38551,,96da38551,대법원,1997.06.27,퇴직금,1,0,3,0,0,0,0,0,0,
96다38995,,96da38995,대법원,1997.07.22,임금,1,0,5,0,0,0,0,0,0,
96다39042,,96da39042,대법원,1996.12.23,임금등,1,0,3,0,0,0,0,0,0,
96다39080,,96da39080,대법원,1997.01.24,구상금,1,0,3,0,0,0,0,0,0,
96다39080913,,96da39080913,,,,0,0,0,0,0,0,0,1,0,
96다43904,,96da43904,대법원,1997.02.14,손해배상(기),1,0,3,0,0,0,0,0,0,
96다45399,,96da45399,대법원,1997.07.11,퇴직금등,1,0,6,0,0,0,0,0,0,
96다47074,,96da47074,대법원,1997.05.16,해고무효확인등,1,0,3,0,0,0,1,0,0,
96다4930,,96da4930,대법원,1997.03.25,해고무효확인,1,0,3,0,0,0,1,0,0,
96다49674,,96da49674,대법원,1997.06.27,퇴직금등,1,0,3,0,0,0,0,0,0,
96다50520,,96da50520,대법원,1997.04.11,소유권이전등기,1,0,5,0,0,0,0,0,0,
96다5346,,96da5346,대법원,1996.10.25,임금,1,0,5,0,0,0,0,0,0,
96다54225,,96da54225,,,,0,0,0,0,0,0,0,1,0,
96다56313,,96da56313,대법원,1998.01.20,해고무효확인등,1,0,3,0,0,0,0,0,0,
96다6141,,96da6141,,,,0,0,0,0,0,0,0,1,0,
96다6967,,96da6967,대법원,1997.08.22,퇴직금,1,0,3,0,0,0,0,0,0,
96다6967156,,96da6967156,,,,0,0,0,0,0,0,0,1,0,
96다723,,96da723,대법원,1997.03.25,임금,1,0,3,0,0,0,0,0,0,
96도158,,96do158,대법원,1996.04.12,자동차관리법위반,1,0,3,0,0,0,0,0,0,
96도1639,,96do1639,대법원,1997.03.14,상표법위반·부정경쟁방지법위반,1,0,4,0,0,0,1,0,0,
96도3461,,96do3461,대법원,1997.05.07,근로기준법위반,1,0,3,0,0,0,0,0,0,
96도732,,96do732,대법원,1996.07.30,근로기준법위반,1,1,4,0,0,0,0,0,1,
96헌가20,,96heonga20,헌법재판소,1998.03.26,노동조합법 제46조의3 위헌제청,1,0,2,0,0,0,0,0,0,
96헌가20659,,96heonga20659,,,,0,0,0,0,0,0,0,1,0,
96헌바27,,96heonba27,헌법재판소,1998.06.25,근로기준법 제41조  위헌소원,1,0,3,0,0,0,0,0,0,
97누1198,,97nu1198,대법원,1998.10.09,파면처분취소,1,0,3,0,0,0,0,0,0,
97누13962,,97nu13962,대법원,1997.12.12,의원면직처분취소,1,0,4,0,0,0,1,0,0,
97누14132,,97nu14132,대법원,1998.11.27,부당해고구제재심판정취소,1,0,3,0,0,0,0,0,0,
97누14132430,,97nu14132430,,,,0,0,0,0,0,0,0,1,0,
97누14798,,97nu14798,대법원,1997.11.28,평균임금결정처분취소,1,0,3,0,0,0,0,0,0,
97누14798189,,97nu14798189,,,,0,0,0,0,0,0,0,1,0,
97누1600,,97nu1600,대법원,1997.09.26,부당해고구제재심판정취소,1,0,3,0,0,0,2,0,0,
97누16084,,97nu16084,대법원,1998.06.12,부당정직구제재심판정취소,1,0,3,0,0,0,0,0,0,
97누16459,,97nu16459,대법원,1999.04.23,유족급여및장의비부지급처분취소,1,0,3,0,0,0,0,0,0,
97누16459890,,97nu16459890,,,,0,0,0,0,0,0,0,1,0,
97누18035,,97nu18035,대법원,1998.12.23,부당노동행위구제재심판정취소,1,0,5,0,0,0,0,0,0,
97누18035793,,97nu18035793,,,,0,0,0,0,0,0,0,1,0,
97누18189,,97nu18189,대법원,1998.11.10,부당해고구제재심판정취소,1,0,3,0,0,0,0,0,0,
97누18189109,,97nu18189109,,,,0,0,0,0,0,0,0,1,0,
97누18202,,97nu18202,대법원,1998.2.27.,,0,0,0,0,0,0,1,1,0,
97누19335,,97nu19335,대법원,1999.02.05,해임처분취소,1,0,4,0,0,0,0,0,0,
97누19830,,97nu19830,대법원,1998.03.13,노동조합설립신고사항변경신고서반려처분취소,1,0,3,0,0,0,0,0,0,
97누19946,,97nu19946,대법원,1999.11.12,부당노동행위구제재심판정취소,1,0,3,0,0,0,0,0,0,
97누2528,,97nu2528,대법원,1999.09.03,부당정직구제재심판정취소·부당전보구제재심판정취소,1,0,7,0,0,0,1,0,0,
97누2528364,,97nu2528364,,,,0,0,0,0,0,0,0,1,0,
97누3637,,97nu3637,대법원,1997.12.12,부당노동행위구제재심판정취소,1,0,4,0,0,0,0,0,0,
97누4951,,97nu4951,대법원,1997.10.10,노동쟁의중재재심결정처분취소,1,0,4,0,0,0,0,0,0,
97누4951271,,97nu4951271,,,,0,0,0,0,0,0,0,1,0,
97누5435,,97nu5435,대법원,1998.12.22,부당정직등구제재심판정취소,1,0,4,0,0,0,4,0,0,
97누5732,,97nu5732,대법원,1997.10.10,근로조건위반손해배상재심판정취소,1,0,3,0,0,0,3,0,0,
97누5732115,,97nu5732115,,,,0,0,0,0,0,0,0,1,0,
97누7165,,97nu7165,대법원,1997.09.12,부당해고등구제재심판정취소,1,0,4,0,0,0,1,0,0,
97누7165362,,97nu7165362,,,,0,0,0,0,0,0,0,1,0,
97누7271,,97nu7271,대법원,1997.08.29,유족보상일시금등부지급처분취소,1,0,3,0,0,0,1,0,0,
97누7448,,97nu7448,대법원,1998.05.08,부당노동행위구제재심판정취소,1,0,4,0,0,0,0,0,0,
97누8076,,97nu8076,대법원,1998.05.22,부당노동행위구제재심판정취소,1,0,6,0,0,0,0,0,0,
97누8427,,97nu8427,,,,0,0,0,0,0,0,0,1,0,
97누9161,,97nu9161,대법원,1997.12.09,부당해고구제재심판정취소,1,0,3,0,0,0,0,0,0,
97다11133,,97da11133,대법원,1997.11.28,퇴직금,1,0,4,0,0,0,1,0,0,
97다14200,,97da14200,대법원,1998.06.26,임금,1,0,4,0,0,0,0,0,0,
97다14200217,,97da14200217,,,,0,0,0,0,0,0,0,1,0,
97다17575,,97da17575,대법원,1997.12.26,퇴직금,1,0,7,0,0,0,0,0,0,
97다18165,,97da18165,대법원,1997.07.22,전직무효확인등·해고무효확인,1,0,3,0,0,0,1,0,0,
97다18530,,97da18530,,,,0,0,0,0,0,0,0,1,0,
97다18875,,97da18875,대법원,1997.8.26.,,0,0,0,0,0,0,1,1,0,
97다1887583,,97da1887583,,,,0,0,0,0,0,0,0,1,0,
97다18936,,97da18936,대법원,1998.01.20,퇴직금,1,0,4,0,0,0,1,0,0,
97다18963,,97da18963,,,,0,0,0,0,0,0,0,1,0,
97다19694,,97da19694,,,,0,0,0,0,0,0,0,1,0,
97다21086,,97da21086,대법원,1998.01.20,퇴직금,1,0,3,0,0,0,0,0,0,
97다24511,,97da24511,대법원,1997.11.28,퇴직금등,1,0,5,0,0,0,0,0,0,
97다25477,,97da25477,대법원,1997.12.23,부교수지위확인,1,0,3,0,0,0,0,0,0,
97다2547794,,97da2547794,,,,0,0,0,0,0,0,0,1,0,
97다25590,,97da25590,대법원,1997.09.26,임금,1,0,3,0,0,0,0,0,0,
97다25590343,,97da25590343,,,,0,0,0,0,0,0,0,1,0,
97다25736,,97da25736,,,,0,0,0,0,0,0,0,1,0,
97다284,,97da284,,,,0,0,0,0,0,0,0,1,0,
97다28421,,97da28421,대법원,1998.04.24,수당등,1,0,7,0,0,0,1,0,0,
97다28971,,97da28971,대법원,1997.11.28,손해배상(자),1,0,3,0,0,0,1,0,0,
97다29417,,97da29417,대법원,1998.01.20,직위해제처분취소등,1,0,3,0,0,0,0,0,0,
97다2986,,97da2986,대법원,1997.05.30,손해배상(기),1,0,3,0,0,0,0,0,0,
97다36224,,97da36224,,,,0,0,0,0,0,0,0,1,0,
97다36316,,97da36316,대법원,1997.12.12,파면등무효확인,1,0,4,0,0,0,1,0,0,
97다41349,,97da41349,대법원,2000.01.14,대의원회결의부존재확인,1,0,3,0,0,0,0,0,0,
97다42489,,97da42489,대법원,1998.01.23,징계무효,1,0,5,0,0,0,0,0,0,
97다43567,,97da43567,대법원,1998.02.27,분회장당선확인등,1,0,4,0,0,0,0,0,0,
97다435676,,97da435676,,,,0,0,0,0,0,0,0,1,0,
97다44393,,97da44393,,,,0,0,0,0,0,0,0,1,0,
97다48388,,97da48388,대법원,1999.02.05,부당이득금반환,1,0,4,0,0,0,0,0,0,
97다49732,,97da49732,대법원,1998.03.27,퇴직금,1,0,3,0,0,0,1,0,0,
97다49732497,,97da49732497,,,,0,0,0,0,0,0,0,1,0,
97다5015,,97da5015,대법원,1999.05.12,퇴직금,1,0,4,0,0,0,3,0,0,
97다5015183,,97da5015183,,,,0,0,0,0,0,0,0,1,0,
97다53496,,97da53496,대법원,1999.01.26,퇴직금,1,0,5,0,0,0,0,0,0,
97다54727,,97da54727,대법원,1998.04.24,퇴직금,1,0,3,0,0,0,0,0,0,
97다54727565,,97da54727565,,,,0,0,0,0,0,0,0,1,0,
97다56235,,97da56235,대법원,1999.02.09,퇴직금,1,0,4,0,0,0,0,0,0,
97다58750,,97da58750,대법원,1998.04.24,해고무효확인등,1,0,4,0,0,0,1,0,0,
97다6322,,97da6322,대법원,1997.09.30,퇴직금,1,0,3,0,0,0,0,0,0,
97다6926,,97da6926,대법원,1997.04.25,해고무효확인등,1,0,3,0,0,0,1,0,0,
97다6926561,,97da6926561,,,,0,0,0,0,0,0,0,1,0,
97다7066,,97da7066,대법원,1997.07.25,부당해고무효확인청구,1,0,3,0,0,0,1,0,0,
97다8229,,97da8229,대법원,1997.06.13,약정금,1,0,3,0,0,0,0,0,0,
97다9239,,97da9239,대법원,1997.05.23,해고무효확인등,1,0,3,0,0,0,1,0,0,
97도1091,,97do1091,대법원,1997.08.29,근로기준법위반,1,0,3,0,0,0,0,0,0,
97도1490,,97do1490,대법원,1997.09.30,근로기준법위반,1,0,3,0,0,0,0,0,0,
97도2506,,97do2506,대법원,1998.01.23,성폭력범죄의처벌및피해자보호등에관한법률위반(업무상위력등에의한추행),1,0,3,0,0,0,0,0,0,
97도3139,,97do3139,,,,0,0,0,0,0,0,0,1,0,
97도3139709,,97do3139709,,,,0,0,0,0,0,0,0,1,0,
97도588,,97do588,대법원,1998.01.20,폭력행위등처벌에관한법률위반·업무방해·공무상표시무효,1,0,6,0,0,0,0,0,0,
97도588609,,97do588609,,,,0,0,0,0,0,0,0,1,0,
97도813,,97do813,대법원,1997.11.11,근로기준법위반,1,0,4,0,0,0,1,0,0,
97헌바23,,97heonba23,헌법재판소,1998.07.16,구 형법 제314조  위헌소원,1,0,6,0,0,0,1,0,0,
97헌바23702,,97heonba23702,,,,0,0,0,0,0,0,0,1,0,
98가합104730,,98gahap104730,,2023.05.30,"회사의 강압으로 서명한 상여금(임금) 삭감, 반납은 무효 (동부생명 사건)",0,1,0,18,0,0,0,0,0,
98가합20043,,98gahap20043,서울지법 남부지원,1999.04.30,종업원지위확인등,1,0,3,0,0,0,1,0,0,
98가합9187,,98gahap9187,,,,0,0,0,0,0,0,0,1,0,
98나1,,98na1,,,,0,0,0,0,0,0,0,1,0,
98누2111,,98nu2111,,,,0,0,0,0,0,0,0,1,0,
98다11437,,98da11437,대법원,2000.10.13,해고무효확인,1,0,2,0,0,0,0,0,0,
98다11437403,,98da11437403,,,,0,0,0,0,0,0,0,1,0,
98다12157,,98da12157,대법원,1999.02.23,해고무효확인및임금청구,1,0,3,0,0,0,0,0,0,
98다17046,,98da17046,대법원,1998.10.13,근저당권설정등기말소,1,0,4,0,0,0,0,0,0,
98다1928,,98da1928,대법원,1998.06.09,기술생산독점권사용및모조품판매금지가처분,1,0,4,0,0,0,0,0,0,
98다19568,,98da19568,,,,0,0,0,0,0,0,0,1,0,
98다20790,,98da20790,대법원,1998.11.13,부당이득금반환,1,0,3,0,0,0,0,0,0,
98다20790604,,98da20790604,,,,0,0,0,0,0,0,0,1,0,
98다22185,,98da22185,대법원,1999.06.11,임금,1,0,3,0,0,0,0,0,0,
98다2365,,98da2365,대법원,1998.05.22,해고무효확인,1,0,3,0,0,0,0,0,0,
98다26385,,98da26385,대법원,1999.06.11,노임,1,0,2,0,0,0,0,0,0,
98다31172,,98da31172,대법원,1998.12.08,해임무효확인,1,0,4,0,0,0,0,0,0,
98다34331,,98da34331,대법원,2000.05.26,임금,1,0,5,0,0,0,0,0,0,
98다34331747,,98da34331747,,,,0,0,0,0,0,0,0,1,0,
98다34393,,98da34393,대법원,1999.09.03,임금,1,1,3,0,0,0,0,0,1,
98다36924,,98da36924,대법원,1998.12.11,퇴직금,1,0,4,0,0,0,0,0,0,
98다42172,,98da42172,대법원,2000.07.07,퇴직금,1,0,3,0,0,0,0,0,0,
98다46198,,98da46198,대법원,1999.01.26,퇴직금,1,0,4,0,0,0,0,0,0,
98다46198172,,98da46198172,,,,0,0,0,0,0,0,0,1,0,
98다46198392,,98da46198392,,,,0,0,0,0,0,0,0,1,0,
98다49357,,98da49357,대법원,1999.11.12,임금,1,1,5,0,0,0,0,0,1,
98다49357191,,98da49357191,,,,0,0,0,0,0,0,0,1,0,
98다49357192,,98da49357192,,,,0,0,0,0,0,0,0,1,0,
98다54960,,98da54960,대법원,2000.06.23,해고무효확인등,1,0,8,0,0,0,2,0,0,
98다765,,98da765,대법원,1999.08.20,퇴직금,1,0,3,0,0,0,0,0,0,
98다7651,,98da7651,,,,0,0,0,0,0,0,0,1,0,
98도1260,,98do1260,대법원,1998.06.26,근로기준법위반,1,0,3,0,0,0,0,0,0,
98도1759,,98do1759,대법원,1998.10.15,근로기준법위반,1,0,4,0,0,0,0,0,0,
98도3822,,98do3822,,,,0,0,0,0,0,0,0,1,0,
98두10103,,98du10103,대법원,1999.01.26,유족보상일시금및장의비부지급처분취소,1,0,4,0,0,0,0,0,0,
98두12642,,98du12642,대법원,1998.12.08,유족급여및장의비부지급처분취소,1,0,3,0,0,0,0,0,0,
98두13287,,98du13287,대법원,1998.12.08,유족급여및장의비부지급처분취소,1,0,3,0,0,0,1,0,0,
98두137,,98du137,대법원,1999.06.22,부당노동행위구제재심판정취소,1,0,3,0,0,0,0,0,0,
98두137523,,98du137523,,,,0,0,0,0,0,0,0,1,0,
98두14006,,98du14006,대법원,1998.12.08,요양불승인처분취소,1,0,3,0,0,0,0,0,0,
98두14006564,,98du14006564,,,,0,0,0,0,0,0,0,1,0,
98두14921,,98du14921,,,,0,0,0,0,0,0,0,1,0,
98두15269,,98du15269,대법원,2000.04.25,평균임금정정신청불승인처분취소,1,0,3,0,0,0,0,0,0,
98두15269171,,98du15269171,,,,0,0,0,0,0,0,0,1,0,
98두16613,,98du16613,대법원,2000.06.09,해임처분취소,1,0,6,0,0,0,0,0,0,
98두18503,,98du18503,대법원,2000.10.24,유족급여및장의비부지급처분취소,1,0,5,0,0,0,0,0,0,
98두18848,,98du18848,,2024.03.07,근로관계 자동소멸이 아닌 당연퇴직사유에 따른 퇴직의 법적 성질(해고) 및 당연퇴직사유 해석 기준,0,1,0,6,0,0,0,0,0,
98두4146,,98du4146,대법원,2000.3.10.,,0,0,0,0,0,0,1,1,0,
98두4672,,98du4672,대법원,1999.03.26,부당노동행위등구제재심판정취소,1,0,8,0,0,0,2,0,0,
98두4672383,,98du4672383,,,,0,0,0,0,0,0,0,1,0,
98두5965,,98du5965,,,,0,0,0,0,0,0,0,1,0,
98두618,,98du618,대법원,1999.04.23,부당해고구제재심판정취소,1,0,3,0,0,0,0,0,0,
98두625,,98du625,대법원,1998.05.29,부당해고구제재심판정취소,1,0,3,0,0,0,0,0,0,
98두6647,,98du6647,대법원,1999.06.22,부당해고구제재심판정취소,1,0,3,0,0,0,1,0,0,
98두7787,,98du7787,대법원,1999.12.21,부당해고구제재심판정취소,1,0,3,0,0,0,3,0,0,
98두9233,,98du9233,대법원,1999.05.11,부당해고구제재심판정취소,1,0,4,0,0,0,0,0,0,
98헌마141,,98heonma141,헌법재판소,1999.11.25,공직선거및선거부정방지법 제87조 단서 위헌확인,1,0,4,0,0,0,1,0,0,
98헌마14133,,98heonma14133,,,,0,0,0,0,0,0,0,1,0,
98헌마141798,,98heonma141798,,,,0,0,0,0,0,0,0,1,0,
98헌마310,,98heonma310,헌법재판소,1999.09.16,근로기준법 제10조 제1항,1,0,3,0,0,0,1,0,0,
98헌마31086,,98heonma31086,,,,0,0,0,0,0,0,0,1,0,
99가단163593,,99gadan163593,,2023.02.11,휴업근로자에 대해 휴업수당외 상여금을 지급할 의무는 없다,0,1,0,3,0,0,0,0,0,
99나19997,,99na19997,,,,0,0,0,0,0,0,0,1,0,
99나41055,,99na41055,,,,0,0,0,0,0,0,0,1,0,
99나41468,,99na41468,서울고등법원,2000.4.28.,,0,0,0,0,0,0,2,1,0,
99나54525,,99na54525,,,,0,0,0,0,0,0,0,1,0,
99누11044,,99nu11044,,,,0,0,0,0,0,0,0,1,0,
99누1481,,99nu1481,서울고법,1999.09.29,정보비공개결정처분취소,1,0,5,0,0,0,0,0,0,
99다10806,,99da10806,대법원,2000.12.22,퇴직금,1,0,2,0,0,0,3,0,0,
99다10806291,,99da10806291,,,,0,0,0,0,0,0,0,1,0,
99다21806,,99da21806,,,,0,0,0,0,0,0,0,1,0,
99다2881,,99da2881,대법원,1999.05.28,노임등,1,0,5,0,0,0,0,0,0,
99다30473,,99da30473,대법원,1999.11.12,해고무효확인등,1,0,3,0,0,0,1,0,0,
99다30473133,,99da30473133,,,,0,0,0,0,0,0,0,1,0,
99다30743,,99da30743,,,,0,0,0,0,0,0,0,1,0,
99다34475,,99da34475,대법원,2000.04.25,징계면직처분무효확인등,1,0,4,0,0,0,2,0,0,
99다34475420,,99da34475420,,,,0,0,0,0,0,0,0,1,0,
99다39531,,99da39531,대법원,2001.04.10,손해배상(자),1,0,4,0,0,0,0,0,0,
99다39531680,,99da39531680,,,,0,0,0,0,0,0,0,1,0,
99다4280,,99da4280,,,,0,0,0,0,0,0,0,1,0,
99다4504,,99da4504,대법원,1999.04.23,매매대금,1,0,4,0,0,0,0,0,0,
99다45246,,99da45246,대법원,1999.11.23,해고무효,1,0,3,0,0,0,0,0,0,
99다45376,,99da45376,대법원,2000.9.29.,,0,0,0,0,0,0,1,1,0,
99다47129,,99da47129,대법원,2000.05.16,손해배상(자),1,0,3,0,0,0,1,0,0,
99다48986,,99da48986,대법원,2000.01.18,부당이득금,1,0,3,0,0,0,2,0,0,
99다53865,,99da53865,대법원,1999.12.21,해고무효확인등,1,0,3,0,0,0,2,0,0,
99다56734,,99da56734,대법원,2001.07.27,손해배상(기),1,0,3,0,0,0,0,0,0,
99다60115,,99da60115,대법원,2000.03.10,손해배상(산),1,0,3,0,0,0,0,0,0,
99다64049,,99da64049,대법원,2000.03.23,미수이자금,1,0,3,0,0,0,0,0,0,
99다66373,,99da66373,대법원,2000.12.12,퇴직금,1,0,3,0,0,0,0,0,0,
99다67536,,99da67536,대법원,2000.09.29,상여금,1,0,3,0,0,0,0,0,0,
99다67536659,,99da67536659,,,,0,0,0,0,0,0,0,1,0,
99다70846,,99da70846,대법원,2001.01.05,퇴직금,1,0,3,0,0,0,0,0,0,
99다71276,,99da71276,대법원,2001.03.27,퇴직금,1,0,3,0,0,0,0,0,0,
99다72422,,99da72422,대법원,2001.01.19,손해배상(기),1,0,3,0,0,0,0,0,0,
99다72422604,,99da72422604,,,,0,0,0,0,0,0,0,1,0,
99다72422655,,99da72422655,,,,0,0,0,0,0,0,0,1,0,
99다7367,,99da7367,대법원,2000.09.22,수당,1,0,3,0,0,0,1,0,0,
99다7473,,99da7473,대법원,1999.07.09,재해보상금,1,0,4,0,0,0,0,0,0,
99다9370,,99da9370,대법원,2001.04.24,퇴직금,1,0,4,0,0,0,0,0,0,
99도1243,,99do1243,대법원,2000.03.14,근로기준법위반,1,0,3,0,0,0,0,0,0,
99도124382,,99do124382,,,,0,0,0,0,0,0,0,1,0,
99도2168,,99do2168,대법원,1999.07.13,조세범처벌법위반·무고·업무상횡령·사기·근로기준법위반,1,0,3,0,0,0,0,0,0,
99도2910,,99do2910,대법원,2000.01.18,근로기준법위반,1,0,3,0,0,0,0,0,0,
99도291048,,99do291048,,,,0,0,0,0,0,0,0,1,0,
99도317,,99do317,대법원,2000.11.28,근로기준법위반·노동쟁의조정법위반,1,0,4,0,0,0,0,0,0,
99도317711,,99do317711,,,,0,0,0,0,0,0,0,1,0,
99도4779,,99do4779,,,,0,0,0,0,0,0,0,1,0,
99도4812,,99do4812,,,,0,0,0,0,0,0,0,1,0,
99도4812730,,99do4812730,,,,0,0,0,0,0,0,0,1,0,
99도4836,,99do4836,,,,0,0,0,0,0,0,0,1,0,
99도4837,,99do4837,대법원,2001.10.25,업무방해,1,0,11,0,0,0,0,0,0,
99도4837719,,99do4837719,,,,0,0,0,0,0,0,0,1,0,
99도4838,,99do4838,,,,0,0,0,0,0,0,0,1,0,
99도4838734,,99do4838734,,,,0,0,0,0,0,0,0,1,0,
99도5380,,99do5380,,2023.02.04,정리해고는 쟁의대상 아니다,0,1,0,4,0,0,0,0,0,
99도53850,,99do53850,,,,0,0,0,0,0,0,0,1,0,
99도822,,99do822,대법원,2000.11.24,무고·상법위반,1,0,5,0,0,0,0,0,0,
99두10438,,99du10438,대법원,2000.01.28,유족급여등부지급처분취소,1,0,4,0,0,0,0,0,0,
99두10889,,99du10889,,,,0,0,0,0,0,0,0,1,0,
99두10889134,,99du10889134,,,,0,0,0,0,0,0,0,1,0,
99두10889135,,99du10889135,,,,0,0,0,0,0,0,0,1,0,
99두10902,,99du10902,,,,0,0,0,0,0,0,0,1,0,
99두10902151,,99du10902151,,,,0,0,0,0,0,0,0,1,0,
99두11042,,99du11042,,,,0,0,0,0,0,0,0,1,0,
99두11424,,99du11424,대법원,2000.05.12,요양불승인처분취소,1,0,3,0,0,0,0,0,0,
99두202,,99du202,대법원,1999.04.27,부당해고구제재심판정취소,1,0,3,0,0,0,1,0,0,
99두2680,,99du2680,대법원,2001.07.27,부당해고구제재심판정취소,1,0,3,0,0,0,1,0,0,
99두2680396,,99du2680396,,,,0,0,0,0,0,0,0,1,0,
99두2963,,99du2963,대법원,2000.04.11,부당해고구제재심판정취소,1,0,4,0,0,0,1,0,0,
99두2963323,,99du2963323,,,,0,0,0,0,0,0,0,1,0,
99두2970,,99du2970,대법원,2001.07.27,용화집단시설지구기본설계변경승인처분취소,1,0,8,0,0,0,0,0,0,
99두2970747,,99du2970747,,,,0,0,0,0,0,0,0,1,0,
99두4235,,99du4235,대법원,2000.06.23,부당해고구제재심판정취소,1,0,3,0,0,0,1,0,0,
99두4280,,99du4280,대법원,2000.11.24.,,0,0,0,0,0,0,2,1,0,
99두4662,,99du4662,대법원,1999.06.25,부당해고구제재심판정취소,1,0,3,0,0,0,0,0,0,
99두6910,,99du6910,대법원,2000.08.22,부당해고구제재심판정취소,1,0,3,0,0,0,0,0,0,
99두8657,,99du8657,대법원,2000.09.05,부당해고구제재심판정취소,1,1,3,0,0,0,0,0,1,
99두8657423,,99du8657423,,,,0,0,0,0,0,0,0,1,0,
99두8657424,,99du8657424,,,,0,0,0,0,0,0,0,1,0,
99두8657425,,99du8657425,,,,0,0,0,0,0,0,0,1,0,
99두9971,,99du9971,대법원,2001.08.24,면직무효확인등,1,0,3,0,0,0,1,0,0,
99두9971422,,99du9971422,,,,0,0,0,0,0,0,0,1,0,
99마4857,,99ma4857,대법원,1999.10.06,채권압류및전부명령,1,0,3,0,0,0,0,0,0,
99마5143,,99ma5143,대법원,2000.02.12,부동산강제경매기각,1,0,3,0,0,0,0,0,0,
99마5143241,,99ma5143241,,,,0,0,0,0,0,0,0,1,0,
99마628,,99ma628,대법원,1999.07.12,피용인지위보전가처분,1,0,4,0,0,0,0,0,0,
99헌바663,,99heonba663,,,,0,0,0,0,0,0,0,1,0,
